Mut ID,Reference Seq,Position,Mutation Type,Sequence Change,Gene,Details,A0 F0 I1 R1,A4 F165 I0 R1,A4 F165 I0 R2,A4 F165 I1 R1,A4 F165 I2 R1,A5 F160 I0 R1,A5 F160 I0 R2,A5 F160 I1 R1,A5 F160 I2 R1,A5 F160 I3 R1,A6 F162 I0 R1,A6 F162 I0 R2,A6 F162 I1 R1,A6 F162 I2 R1
26183,NC_000913,"1,978,503",DEL,Δ776 bp,"insB1, insA",,,1,1,1,1,1,,1,1,1,,,1,1
26191,NC_000913,"1,299,499",DEL,"Δ1,199 bp","ychE, oppA",intergenic,,,1,1,1,,,,,,1,,,1
40592,NC_000913,"3,815,859",DEL,Δ82 bp,"rph, rph",,,,,,,0.83,0.9,1,1,1,,,,
43299,NC_000913,"3,815,810",DEL,Δ1 bp,"pyrE, rph",intergenic,,,,1,1,,,,,,,,,1
43354,NC_000913,"1,529,218",SNP,C→T,rhsE,pseudogene (1317/2037 nt),,1,1,1,1,1,1,1,1,1,1,1,1,1
43384,NC_000913,"2,173,361",DEL,Δ2 bp,gatC,pseudogene (1‑2/442 nt),,1,1,,,1,1,,,,1,1,,
43387,NC_000913,"3,950,469",SNP,T→G,"ilvL, ilvX",intergenic (+49/‑38),,0.23,0.23,,,,,,,,,,,
43388,NC_000913,"4,187,507",SNP,A→C,rpoC,N720H (AAC→CAC),,1,1,1,1,,,,,,,,,
43389,NC_000913,"4,296,190",SNP,A→G,"gltP, yjcO",intergenic,,,,,,,0.2,,,,0.29,0.21,,
43390,NC_000913,"4,296,191",SNP,A→C,"gltP, yjcO",intergenic,,,,,,,0.26,,,,0.34,0.21,,
43391,NC_000913,"4,296,268",SNP,T→C,"gltP, yjcO",intergenic,,0.29,0.29,,,0.33,0.25,,,,0.23,0.27,,
43392,NC_000913,"4,296,286",SNP,C→T,"gltP, yjcO",intergenic,,0.22,,,,0.24,,,,,,0.23,,
43395,NC_000913,"4,296,380",INS,#NAME?,"gltP, yjcO",intergenic,,1,1,,,1,1,,,,1,1,,
44174,NC_000913,"3,815,809",DEL,Δ1 bp,"pyrE, rph",intergenic,,,,,,,,,,,0.55,0.62,,
44290,NC_000913,"1,896,966",MOB,IS186 (+) +4 bp,sdaA,coding (35‑38/1365 nt),,,,,,,,,,,,,1,
44291,NC_000913,"3,815,909",DEL,Δ10 bp,rph,pseudogene (632‑641/669 nt),,,,,,,,,,,,,1,
44292,NC_000913,"4,116,407",SNP,C→A,glpK,M272I (ATG→ATT),,,,,,1,1,1,1,1,1,0.94,1,1
44293,NC_000913,"4,183,258",SNP,G→A,rpoB,E672K (GAA→AAA),,,,,,1,1,1,1,1,1,1,1,1
44294,NC_000913,"528,897",MOB,IS5 (+) +4 bp,ybbD,pseudogene (258‑261/491 nt),,,,,,0.35,0.42,,,,,,,
44299,NC_000913,"3,558,995",DEL,"Δ1,040 bp","rtcR, glpR",,,,,,,,,1,,1,,,,
44306,NC_000913,"3,560,460",SNP,A→T,glpR,pseudogene (146/150 nt),,,0.2,,,,,,,,,,,
44307,NC_000913,"2,245,130",SNP,A→T,cirA,I547N (ATC→AAC),,,,,,,,,,,,,,1
44308,NC_000913,"388,531",SNP,C→G,tauD,A246G (GCG→GGG),,,,,1,,,,,,,,,
44309,NC_000913,"444,755",SNP,G→T,yajQ,E25* (GAA→TAA),,0.55,0.6,,1,,,,,,,,,
44310,NC_000913,"572,356",MOB,IS2 (–) +5 bp,"ybcM, ylcH",intergenic,,0.69,0.54,,1,,,,,,,,,
44311,NC_000913,"3,560,329",SNP,G→T,glpR,pseudogene (125/606 nt),,0.61,0.5,,1,,,,,,,,,
44312,NC_000913,"4,116,706",SNP,T→G,glpK,K173Q (AAA→CAA),,1,1,1,1,,,,,,,,,
44313,NC_000913,"4,606,215",INS,(G)8→9,leuP,noncoding (72/87 nt),,,,,1,,,,,,,,,
44317,NC_000913,"2,966,765",SNP,G→A,ptsP,P557L (CCG→CTG),,,,1,,,,,,,,,,
44338,NC_000913,"3,560,071",DEL,Δ2 bp,glpR,pseudogene (382‑383/606 nt),,,,1,,,,,,,,,,