Mut ID,Reference Seq,Position,Mutation Type,Sequence Change,Gene,Details,A0 F0 I1 R1,A7 F90 I0 R1,A7 F90 I0 R2,A7 F90 I0 R3,A7 F90 I1 R1,A7 F90 I2 R1,A7 F90 I3 R1,A7 F90 I4 R1,A7 F90 I5 R1,A7 F90 I6 R1,A7 F90 I7 R1,A7 F90 I8 R1,A7 F90 I9 R1,A8 F91 I0 R1,A8 F91 I0 R2,A8 F91 I1 R1,A8 F91 I2 R1,A8 F91 I3 R1,A8 F91 I4 R1,A8 F91 I5 R1,A8 F91 I6 R1,A8 F91 I7 R1,A8 F91 I8 R1,A8 F91 I9 R1,A8 F91 I10 R1,A8 F91 I11 R1,A9 F92 I0 R1,A9 F92 I0 R2,A9 F92 I1 R1,A9 F92 I2 R1,A9 F92 I3 R1,A9 F92 I4 R1,A9 F92 I5 R1,A9 F92 I6 R1,A9 F92 I7 R1,A9 F92 I8 R1
26183,NC_000913,"1,978,503",DEL,Δ776 bp,"insB1, insA",,,,,,1,1,1,1,,1,1,1,1,,,1,1,1,1,1,1,1,1,1,1,1,,1,1,1,1,1,1,1,1,1
26191,NC_000913,"1,299,499",DEL,"Δ1,199 bp","ychE, oppA",intergenic,,,,,,1,,1,,1,,1,,,,1,1,1,1,1,1,1,1,1,1,1,,,,,,,,1,1,
37956,NC_000913,"4,182,803",SNP,C→T,rpoB,P520L (CCG→CTG),,,,,,1,,,,,,,,,,,,,,,,,,,,,,,,,,,,,,
40592,NC_000913,"3,815,859",DEL,Δ82 bp,"rph, rph",,,0.39,1,1,1,,,,1,1,1,,1,,,,,,,,,,,,,,,,,,,,,,,
43292,NC_000913,"1,196,220",SNP,C→T,icd,H366H (CAC→CAT),,,,,,,,,1,,1,,1,,,,,,,1,1,,,,,,,,,,,,,,,
43293,NC_000913,"1,196,232",SNP,C→T,icd,T370T (ACC→ACT),,,,,,,,,1,,1,,,,,,,,,1,1,,,,,,,,,,,,,,,
43294,NC_000913,"1,196,245",SNP,T→C,icd,L375M (TTA→CTG),,,,,,,,,1,,1,,,,,,,,,1,1,,,,,,,,,,,,,,,
43295,NC_000913,"1,196,247",SNP,A→G,icd,L375M (TTA→CTG),,,,,,,,,1,,1,,,,,,,,,1,1,,,,,,,,,,,,,,,
43299,NC_000913,"3,815,810",DEL,Δ1 bp,"pyrE, rph",intergenic,,,,,,,,,,,,,,,,,,,,,,1,,,,,,,,,,,,,,
43308,NC_000913,"3,815,808",DEL,(A)8→7,"pyrE, rph",intergenic,,,,,,1,1,1,,,,1,,,,,,,,,,,,,,,,,1,1,1,1,1,1,1,1
43350,NC_000913,"1,529,175",SNP,T→C,rhsE,pseudogene (1274/2037 nt),,0.25,1,1,1,,,,1,1,1,,1,,,,,,,,,,,,,,1,1,1,1,1,1,1,1,1,1
43351,NC_000913,"1,529,180",SNP,T→C,rhsE,pseudogene (1279/2037 nt),,0.24,1,1,1,,,,1,1,1,,1,,,,,,,,,,,,,,1,1,1,1,1,1,1,1,1,1
43352,NC_000913,"1,529,185",SNP,C→T,rhsE,pseudogene (1284/2037 nt),,0.24,1,0.95,1,,,,1,1,1,,1,,,,,,,,,,,,,,1,1,1,1,1,1,1,1,1,1
43353,NC_000913,"1,529,203",SNP,C→A,rhsE,pseudogene (1302/2037 nt),,0.27,1,1,1,,,,1,1,1,,1,,,,,,,,,,,,,,1,1,1,1,1,1,1,1,1,1
43354,NC_000913,"1,529,218",SNP,C→T,rhsE,pseudogene (1317/2037 nt),,1,1,1,1,1,1,1,1,1,1,1,1,1,,1,1,1,1,1,1,1,1,1,1,1,1,1,1,1,1,1,1,1,1,1
43381,NC_000913,"1,907,448",MOB,IS5 (–) +4 bp,yobF,coding (141‑144/144 nt),,,,,,,,,,,,,,1,,1,1,1,1,1,1,1,1,1,1,1,,,,,,,,,,
43384,NC_000913,"2,173,361",DEL,Δ2 bp,gatC,pseudogene (1‑2/442 nt),,1,1,1,,,,,,,,,,1,1,,,,,,,,,,,,1,1,,,,,,,,
43388,NC_000913,"4,187,507",SNP,A→C,rpoC,N720H (AAC→CAC),,0.56,,,,1,1,1,,,,1,,1,,1,1,1,1,1,1,1,1,1,1,1,,,,,,,,,,
43389,NC_000913,"4,296,190",SNP,A→G,"gltP, yjcO",intergenic,,,0.25,,,,,,,,,,,,,,,,,,,,,,,,0.29,,,,,,,,,
43390,NC_000913,"4,296,191",SNP,A→C,"gltP, yjcO",intergenic,,,0.33,,,,,,,,,,,,,,,,,,,,,,,,0.3,,,,,,,,,
43391,NC_000913,"4,296,268",SNP,T→C,"gltP, yjcO",intergenic,,0.37,0.24,0.34,,,,,,,,,,0.36,0.32,,,,,,,,,,,,0.32,0.26,,,,,,,,
43392,NC_000913,"4,296,286",SNP,C→T,"gltP, yjcO",intergenic,,0.22,,0.23,,,,,,,,,,0.27,,,,,,,,,,,,,,0.21,,,,,,,,
43395,NC_000913,"4,296,380",INS,#NAME?,"gltP, yjcO",intergenic,,1,,1,,,,,,,,,,1,1,,,,,,,,,,,,1,1,,,,,,,,
43463,NC_000913,"4,296,380",INS,+C,"gltP, yjcO",intergenic,,,0.93,,,,,,,,,,,,,,,,,,,,,,,,,,,,,,,,,
43464,NC_000913,"4,296,380",INS,#NAME?,"gltP, yjcO",intergenic,,,0.93,,,,,,,,,,,,,,,,,,,,,,,,,,,,,,,,,
44167,NC_000913,"1,355,035",SNP,G→A,sapB,R146C (CGT→TGT),,,,,,,,,,,,,,0.38,,1,1,,1,1,1,,,,1,1,,,,,,,,,,
44173,NC_000913,"3,802,236",SNP,C→A,waaO,D275Y (GAT→TAT),,,,,,,,,,,,,,0.38,,,,,,,,1,,,,,,,,,,,,,,
44174,NC_000913,"3,815,809",DEL,Δ1 bp,"pyrE, rph",intergenic,,,,,,,,,,,,,,0.42,0.79,,,,,,,,,,,,,,,,,,,,,
44175,NC_000913,"3,815,810",SNP,G→T,"pyrE, rph",intergenic,,,,,,,,,,,,,,0.49,,1,1,,1,1,1,,,1,1,1,,,,,,,,,,
44176,NC_000913,"3,816,605",DEL,Δ103 bp,yicC,,,,,,,,,,,,,,,,,,,1,,,,,,,,,,,,,,,,,,
44177,NC_000913,"3,966,721",SNP,G→T,rho,R102L (CGC→CTC),,,,,,,,,,,,,,0.27,,,,,,,,1,,,,,,,,,,,,,,
44178,NC_000913,"1,907,448",MOB,IS5 (+) +4 bp,yobF,coding (141‑144/144 nt),,,,,,,,,,,,,,,,,,,,,,,,,,,1,1,1,1,1,1,1,1,1,1
44179,NC_000913,"2,347,240",DEL,Δ88 bp,"nrdA, nrdB",intergenic,,,,,,,,,,,,,,,,,,,,,,,,,,,0.68,,,,,1,,1,1,1
44180,NC_000913,"2,967,731",DEL,(T)5→4,ptsP,coding (704/2247 nt),,,,,,,,,,,,,,,,,,,,,,,,,,,,,,,,1,,1,1,1
44181,NC_000913,"4,186,542",SNP,A→T,rpoC,K398M (AAG→ATG),,,,,,,,,,,,,,,,,,,,,,,,,,,0.79,,,,,1,,1,1,1
44182,NC_000913,"2,967,130",DEL,Δ1 bp,ptsP,coding (1305/2247 nt),,,,,,,,,,,,,,,,,,,,,,,,1,,,,,,,,,,,,
44183,NC_000913,"3,103,918",SNP,G→T,mutY,V302V (GTG→GTT),,,,,,,,,,,,,,,,,,1,,,,,,,,,,,,,,,,,,
44184,NC_000913,"1,907,242",MOB,IS5 (+) +4 bp,cspC,coding (191‑194/210 nt),,0.43,,,,1,1,1,,,,1,,,,,,,,,,,,,,,,,,,,,,,,
44185,NC_000913,"2,967,417",SNP,G→A,ptsP,Q340* (CAG→TAG),,0.51,,,,,1,1,,,,1,,,,,,,,,,,,,,,,,,,,,,,,
44186,NC_000913,"3,442,896",SNP,A→T,secY,F401Y (TTC→TAC),,0.55,,,,1,1,1,,,,1,,,,,,,,,,,,,,,,,,,,,,,,
44187,NC_000913,"4,073,641",SNP,C→A,"yihU, yihV",intergenic,,,,,,,,,,,,,,,,,,,,,,1,,,,,,,,,,,,,,
44188,NC_000913,"2,967,312",SNP,G→A,ptsP,Q375* (CAG→TAG),,,,,,,,,,,,,,,,,,,,,,,,,,,,,,,,,1,,,
44189,NC_000913,"3,396,374",SNP,T→G,rng,Q474H (CAA→CAC),,,,,,,,,,,,,,,,,,,,,,,,,,,,,,,,,1,,,
44190,NC_000913,"4,184,805",SNP,C→A,rpoB,F1187L (TTC→TTA),,,,,,,,,,,,,,,,,,,,,,,,,,,,,,,,,1,,,
44191,NC_000913,"1,907,562",MOB,IS1 (+) +9 bp,yobF,coding (22‑30/144 nt),,0.45,1,1,1,,,,1,1,1,,1,,,,,,,,,,,,,,,,,,,,,,,
44192,NC_000913,"2,967,654",SNP,C→A,ptsP,E261* (GAG→TAG),,,,,,,,,,1,,,,,,,,,,,,,,,,,,,,,,,,,,
44193,NC_000913,"3,757,920",MOB,IS5 (+) +4 bp,"yiaY, selB",intergenic,,,,,,,,,,1,,,,,,,,,,,,,,,,,,,,,,,,,,
44194,NC_000913,"4,184,800",SNP,G→A,rpoB,V1186M (GTG→ATG),,0.33,,,1,,,,,1,,,,,,,,,,,,,,,,,,,,,,,,,,
44195,NC_000913,"526,792",SNP,A→C,rhsD,S1178R (AGC→CGC),,,0.2,0.21,,,,,,,,,,,,,,,,,,,,,,,,0.21,,,,,,,,
44196,NC_000913,"526,800",SNP,A→G,rhsD,E1180E (GAA→GAG),,,,,,,,,,,,,,,,,,,,,,,,,,,,0.2,,,,,,,,
44199,NC_000913,"1,196,277",SNP,C→T,icd,N385N (AAC→AAT),,,,,,,,,1,,1,,,,,,,,,,,,,,,,,,,,,,,,,
44200,NC_000913,"1,196,280",SNP,G→C,icd,A386A (GCG→GCC),,,,,,,,,1,,,,,,,,,,,,,,,,,,,,,,,,,,,
44201,NC_000913,"1,196,283",SNP,A→G,icd,K387K (AAA→AAG),,,,,,,,,1,,,,,,,,,,,,,,,,,,,,,,,,,,,
44202,NC_000913,"1,196,292",SNP,C→T,icd,T390T (ACC→ACT),,,,,,,,,1,,,,,,,,,,,,,,,,,,,,,,,,,,,
44203,NC_000913,"1,196,304",SNP,G→A,icd,E394E (GAG→GAA),,,,,,,,,1,,,,,,,,,,,,,,,,,,,,,,,,,,,
44204,NC_000913,"1,196,316",SNP,T→A,icd,D398E (GAT→GAA),,,,,,,,,1,,,,,,,,,,,,,,,,,,,,,,,,,,,
44207,NC_000913,"1,621,022",SNP,C→A,eamA,R39L (CGC→CTC),,,,,,,,,1,,1,,1,,,,,,,,,,,,,,,,,,,,,,,
44216,NC_000913,"3,815,801",DEL,Δ1 bp,"pyrE, rph",intergenic,,1,,,,,,,,,,,,,,,,,,,,,,,,,1,1,,,,,,,,
44218,NC_000913,"4,187,633",SNP,A→C,rpoC,N762H (AAC→CAC),,,,,,,,,1,,1,,1,,,,,,,,,,,,,,,,,,,,,,,
44223,NC_000913,"1,756,457",INS,#NAME?,pykF,coding (760/1413 nt),,,0.8,0.86,,,,,,,,,,,,,,,,,,,,,,,,,,,,,,,,
44226,NC_000913,"2,966,582",SNP,C→T,ptsP,G618D (GGC→GAC),,,0.8,0.84,,,,,,,,,,,,,,,,,,,,,,,,,,,,,,,,
44228,NC_000913,"1,353,327",SNP,C→T,sapD,C101Y (TGT→TAT),,,,,,,,,,,,,,,,,,,,,,,,,,,,,,1,,,,,,
44229,NC_000913,"4,183,621",SNP,G→C,rpoB,E793Q (GAA→CAA),,,,,,,,,,,,,,,,,,,,,,,,,,,,,,1,,,,,,
44230,NC_000913,"1,352,926",SNP,C→A,sapD,G235C (GGT→TGT),,,,,,,,,,,,,,,,,,,,,,,,,,,,,,,1,,,,,
44231,NC_000913,"4,185,642",SNP,G→A,rpoC,R98H (CGC→CAC),,,,,,,,,,,,,,,,,,,,,,,,,,,,0.95,,,1,,,,,
44232,NC_000913,"126,351",DEL,Δ1 bp,aceF,coding (657/1893 nt),,,,,,,,,,,,,,,0.25,,,,,,,,,,,,,,,,,,,,,
44233,NC_000913,"126,352",DEL,Δ1 bp,aceF,coding (658/1893 nt),,,,,,,,,,,,,,,0.23,,,,,,,,,,,,,,,,,,,,,
44234,NC_000913,"126,353",DEL,Δ1 bp,aceF,coding (659/1893 nt),,,,,,,,,,,,,,,0.26,,,,,,,,,,,,,,,,,,,,,
44235,NC_000913,"126,354",DEL,Δ1 bp,aceF,coding (660/1893 nt),,,,,,,,,,,,,,,0.26,,,,,,,,,,,,,,,,,,,,,
44236,NC_000913,"126,355",DEL,Δ1 bp,aceF,coding (661/1893 nt),,,,,,,,,,,,,,,0.26,,,,,,,,,,,,,,,,,,,,,
44237,NC_000913,"126,356",DEL,Δ1 bp,aceF,coding (662/1893 nt),,,,,,,,,,,,,,,0.26,,,,,,,,,,,,,,,,,,,,,
44238,NC_000913,"126,357",DEL,Δ1 bp,aceF,coding (663/1893 nt),,,,,,,,,,,,,,,0.24,,,,,,,,,,,,,,,,,,,,,
44239,NC_000913,"126,358",DEL,Δ1 bp,aceF,coding (664/1893 nt),,,,,,,,,,,,,,,0.31,,,,,,,,,,,,,,,,,,,,,
44240,NC_000913,"126,359",DEL,Δ9 bp,aceF,coding (665‑673/1893 nt),,,,,,,,,,,,,,,0.27,,,,,,,,,,,,,,,,,,,,,
44241,NC_000913,"158,169",SNP,C→A,pcnB,A320S (GCC→TCC),,,,,,,,,,,,,,,0.25,,,,,,,,,,,,,,,,,,,,,
44251,NC_000913,"1,756,664",SNP,G→T,pykF,E323* (GAA→TAA),,,,,,,,,,,,,,,0.73,,,,,,,,,,,,,,,,,,,,,
44253,NC_000913,"1,915,110",DEL,Δ204 bp,proQ,coding (222‑425/699 nt),,,,,,,,,,,,,,,0.84,,,,,,,,,,,,,,,,,,,,,
44255,NC_000913,"2,867,239",DEL,Δ1 bp,rpoS,coding (313/993 nt),,,,,,,,,,,,,,,1,,,,,,,,,,,,,,,,,,,,,
44257,NC_000913,"3,049,604",MOB,IS5 (+) +4 bp,gcvT,coding (1061‑1064/1095 nt),,,,,,,,,,,,,,,1,,,,,,,,,,,,,,,,,,,,,
44262,NC_000913,"569,043",MOB,IS5 (–) +4 bp,ybcK,coding (142‑145/1527 nt),,,,,,,,,,,,,,,,,,,,,,,,,,,,,,,,,,,1,
44263,NC_000913,"4,127,577",SNP,C→T,yiiX,T106T (ACG→ACA),,,,,,,,,1,,,,,,,,,,,,,,,,,,,,,,,,,,,
44264,NC_000913,"1,695,705",SNP,T→G,uidA,I123L (ATT→CTT),,,,,,,,1,,,,,,,,,,,,,,,,,,,,,,,,,,,,
44265,NC_000913,"781,757",SNP,G→T,"lysQ, nadA",intergenic,,,,,,,,,,,,,,,,,,,,,,,,,,,,,,,,,,1,,
44266,NC_000913,"4,480,504",SNP,T→G,yjgN,S259A (TCT→GCT),,,,,,,,,,,,,,,,,,,,,,,,,,,,,,,,,,1,,
44267,NC_000913,"2,052,181",MOB,IS5 (+) +4 bp,"yeeJ, yeeL",intergenic,,,,,,1,,,,,,,,,,,,,,,,,,,,,,,,,,,,,,
44275,NC_000913,"2,967,727",DEL,Δ1 bp,ptsP,coding (708/2247 nt),,,,,,,,,,,,,,,,,,,,,,,,,,,1,,,,,,,,,
44277,NC_000913,"1,357,070",SNP,A→C,sapA,L14R (CTT→CGT),,,,,,,,,,,,,,,,,,,,,,,,,,,,0.85,,,,,,,,
44289,NC_000913,"376,536",SNP,G→A,mhpT,G360R (GGG→AGG),,,,,,,,,,,,,,,,,,,,,,,,,,,,,,,,1,,,,