Gene,Details,Flask,value,AA1,AA2,AA3,AA4,AA5,AA6
tam,coding (5-16/759 nt),late,1,1,,,,,
ilvL,coding (33-34/99 nt),late,1,1,,,,,
rpoC,A397E (GCG?GAG),late,1,,1,,,,
rpoC,G444A (GGT?GCT),late,1,,,1,,,
yiaA,coding (16-20/438 nt),late,1,,,1,,,
rpoC,coding (4106-4112/4224 nt),late,1,,,,1,,
rpoC,coding (4111/4224 nt) ,late,1,,,,,1,
metF/katG,intergenic,late,1,,,,,1,
csgD/csgB,intergenic,late,1,,,,,1,
ydhY/ydhZ,intergenic,late,1,,,,,,1
rho,R102C (CGC?TGC),late,1,,,,,,1
rpoC,S539F (TCT?TTT),late,1,,,,,,1
ycgJ,coding (1-5/369 nt),late,1,,,,,,1