annotation,gene,LBp_A3,LBp_B2,LBp_C3,LBp_D2,LBp_F2,LBp_H2
deletion,[crl],0,0,0,0,0,0
intergenic,NP_414891.4 ? / ? NP_414892.1,0,0,0,0,0,0
intergenic,NP_414891.4 ? / ? NP_414892.1,0,0,0,0,0,0
intergenic,NP_414915.1 ? / ? NP_414916.1,0,0,0,0,0,0
L20R (CTG?CGG),NP_415061.2 ?,0,0,0,0,0,0
coding (574/1089 nt),NP_415449.1 ?,0,0,0,0,0,0
coding (246/909 nt),NP_415752.1,0,0,0,0,0,0
coding (695?704/909 nt),NP_415752.1 ?,0,0,0,0,0,0
deletion,[NP_415848.1]–[NP_415860.1],0,0,0,0,0,0
intergenic,NP_416046.1 ? / ? NP_416047.4,0,0,0,0,0,0
T39I (ACC?ATC),NP_416047.4 ?,0,0,0,0,0,0
V84E (GTG?GAG),NP_416047.4 ?,0,0,0,0,0,0
deletion,NP_416407.1–NP_416408.1,0,0,0,0,0,0
G422A (GGT?GCT),NP_416582.1 ?,0,0,0,0,0,0
L22Q (CTG?CAG),NP_416583.1 ?,0,0,0,0,0,0
coding (1?2/442 nt),gatC ?,0,0,0,0,0,0
L96Q (CTG?CAG),NP_417031.1 ?,0,0,0,0,0,0
I128N (ATC?AAC),NP_417221.1 ?,0.16,0,0,0,0,0.391
I95F (ATC?TTC),NP_417221.1 ?,0,0.131,0,0,0,0
intergenic,NP_417254.4 ? / ? NP_417255.1,0,0,0,0,0,0
D445A (GAT?GCT),NP_417539.1 ?,0,0,0,0,0,0
Y287C (TAC?TGC),NP_417863.1 ?,0,0,0,0,0,0
P248L (CCG?CTG),NP_417863.1 ?,0,0,0,0,0,0
T247M (ACG?ATG),NP_417863.1 ?,0,0,0,0,0,0
coding (69?78/1353 nt),NP_417863.1 ?,0,0,0,0,0,0
coding (69?77/1353 nt),NP_417863.1 ?,0,0,0,0,0,0
intergenic,glpR ? / ? glpR,0,0,0,0,0,0
N131Y (AAC?TAC),NP_418019.4 ?,0,0,0,0,0,0
coding (706/1020 nt),NP_418084.1,0,0,0,0,0,0
coding (505?514/1020 nt),NP_418084.1 ?,0,0,0,0,0,0
coding (303/1020 nt),NP_418084.1,0,0,0,0,0,0
coding (217?226/1080 nt),NP_418085.2 ?,0,0,0,0,0,0
coding (511/798 nt),NP_418087.1,0,0,0,0,0,0
coding (295?304/798 nt),NP_418087.1 ?,0,0,0,0,0,0
coding (399/1035 nt),NP_418089.1,0,0,0,0,0,0
intergenic,NP_418501.1 ? / ? NP_418502.1,0,0,0,0,0,0
intergenic,NP_418501.1 ? / ? NP_418502.1,0,0,0,0,0,0
intergenic,NP_418501.1 ? / ? NP_418502.1,0,0,0,0,0,0
intergenic,NP_418501.1 ? / ? NP_418502.1,0,0,0,0,0,0
I26N (ATC?AAC),NP_418579.2 ?,0,0,0,0,0,0
intergenic,NP_418732.1 ? / ? NP_418733.1,0,0.041,0,0.617,0,0.115
coding (125?134/597 nt),NP_418733.1 ?,0,0,0.086,0,0.238,0
coding (128?137/597 nt),NP_418733.1 ?,0,0,0,0,0.213,0
D52A (GAC?GCC),NP_418733.1 ?,0,0,0.488,0,0,0
coding (195?204/597 nt),NP_418733.1 ?,0,0,0,0,0.554,0
coding (201?210/597 nt),NP_418733.1 ?,0.533,0,0,0,0,0
coding (201?210/597 nt),NP_418733.1 ?,0,0,0,0.027,0,0
coding (209?218/597 nt),NP_418733.1 ?,0.591,0,0,0.063,0,0
coding (259?268/597 nt),NP_418733.1 ?,0,0,0.288,0,0,0
coding (269?278/597 nt),NP_418733.1 ?,0,0,0.348,0,0,0
coding (330/597 nt),NP_418733.1?NP_418733.1,0,0,0,0,0,0.165
coding (412?421/597 nt),NP_418733.1 ?,0,0,0,0,0.138,0
coding (417?426/597 nt),NP_418733.1 ?,0,0,0,0,0.107,0
coding (417?426/597 nt),NP_418733.1 ?,0.043,0,0,0,0,0
coding (428?437/597 nt),NP_418733.1 ?,0,0.23,0,0,0,0
intergenic,NP_418733.1 ? / ? NP_418734.1,0,0.226,0,0,0,0
