Clone,selective_pressure,population,gene,frequency,Ancestral,Family,Founder,Chromosome,Nucleotide,Ref,Alt,Amino acid number,Amino acid change
clone3,HT,LK5-G11,ACC1,1,0,G11-clone3,G11,chrXIV,656247,A,T,1710,Leucine-->Isoleucine
clone4,HT,LK2-D04,ACS2,0.615384615,0,D04-clone4,D04,chrXII,446502,T,C,358,Syn
clone2,HT,LK2-A06,ADR1,1,0,A06-clone2,A06,chrIV,897685,G,C,884,Serine-->Threonine
clone4,HT,LK5-F07,AFG1,1,0,F07-clone4,F07,chrV,58029,G,T,487,Alanine-->Serine
clone4,HT,LK5-F08,AFI1,0.666666667,0,F08-clone4,F08,chrXV,567446,C,A,705,Asparticacid-->Tyrosine
clone3,HT,LK2-B04,ALD3,1,0,B04-clone3,B04,chrXIII,600321,C,T,184,Syn
clone1,HT,LK2-D05,ALY2,1,0,D05-clone1,D05,chrX,274873,T,A,1044,Serine-->Cysteine
clone2,HT,LK5-F08,AMN1,1,0,F08-clone2,F08,chrII,557438,A,C,297,Glutamine-->Proline
clone3,HT,LK2-B04,APL5,1,0,B04-clone3,B04,chrXVI,177295,G,A,358,Arginine-->Histidine
clone1,HT,LK5-H12,APM2,1,0,H12-clone1,H12,chrVIII,69308,C,T,81,Alanine-->Threonine
clone2,HT,LK6-A07,ARB1,0.823529412,0,A07-clone2,A07,chrV,224178,G,A,341,Alanine-->Valine
clone3,HT,LK6-A03,ARG5%2C6,1,0,A03-clone3,A03,chrV,297936,A,T,843,Isoleucine-->Phenylalanine
clone2,HT,LK5-F07,ASG1,0.888888889,0,F07-clone2,F07,chrIX,103328,G,A,183,Asparticacid-->Asparagine
clone3,HT,LK5-H07,ASK1,1,0,H07-clone3,H07,chrXI,340242,T,C,102,Glutamicacid-->Glycine
clone3,HT,LK5-H04,ATG11,1,0,H04-clone3,H04,chrXVI,662498,G,C,726,Arginine-->Glycine
clone1,HT,LK5-F10,ATG17,0.653061224,0,F10-clone1,F10,chrXII,972711,T,C,154,Isoleucine-->Valine
clone2,HT,LK5-F07,ATG2,1,0,F07-clone2,F07,chrXIV,193151,A,C,610,Lysine-->Glutamine
clone4,HT,LK5-F08,ATG7,0.526315789,0,F08-clone4,F08,chrVIII,445888,C,T,59,Proline-->Leucine
clone3,HT,LK6-A05,ATO3,1,0,A05-clone3,A05,chrIV,1241292,C,T,247,Cysteine-->Tyrosine
clone3,HT,LK5-G09,ATP12,0.583333333,0,G09-clone3,G09,chrX,87994,G,T,189,Syn
clone4,HT,LK5-F05,BBP1,1,0,F05-clone4,F05,chrXVI,68019,A,T,99,Isoleucine-->Phenylalanine
clone2,HT,LK6-A0,BEM2,0.941176471,0,A03-clone2,A03,chrV,478768,C,T,1361,Asparticacid-->Asparagine
clone2,HT,LK2-A06,BFR2,1,0,A06-clone2,A06,chrIV,1060894,A,T,423,Asparticacid-->Valine
clone3,HT,LK2-A06,BFR2,1,0,A06-clone3,A06,chrIV,1061006,G,C,460,Lysine-->Asparagine
clone4,HT,LK2-A11,BFR2,1,0,A11-clone4,A11,chrIV,1061002,C,T,459,Serine-->Phenylalanine
clone3,HT,LK2-C09,BFR2,1,0,C09-clone3,C09,chrIV,1061006,G,C,460,Lysine-->Asparagine
clone2,HT,LK2-D05,BFR2,1,0,D05-clone2,D05,chrIV,1061008,G,C,461,Glycine-->Alanine
clone1,HT,LK2-D09,BFR2,1,0,D09-clone1,D09,chrIV,1061032,A,C,469,Glutamine-->Proline
clone3,HT,LK5-F05,BFR2,1,0,F05-clone3,F05,chrIV,1060883,C,A,419,Asparagine-->Lysine
clone1,HT,LK5-H04,BFR2,0.96,0,H04-clone1,H04,chrIV,1060528,T,G,301,Valine-->Glycine
clone1,HT,LK5-H04,BFR2,0.913043478,0,H04-clone1,H04,chrIV,1061159,A,-1:C,511,FS
clone2,HT,LK5-H04,BFR2,1,0,H04-clone2,H04,chrIV,1060866,T,C,414,Tyrosine-->Histidine
clone4,HT,LK5-H04,BFR2,1,0,H04-clone4,H04,chrIV,1061112,G,A,496,Glycine-->Arginine
clone3,HT,LK2-A06,BIO5,1,0,A06-clone3,A06,chrXIV,732868,A,C,146,Tyrosine-->Asparticacid
clone1,HT,LK2-E08,BMS1,0.666666667,0,E08-clone1,E08,chrXVI,141947,C,T,409,Glutamicacid-->Lysine
clone2,HT,LK5-H04,BMS1,0.851851852,0,H04-clone2,H04,chrXVI,141907,C,A,422,Glycine-->Valine
clone3,HT,LK2-C05,BMT5,1,0,C05-clone3,C05,chrIX,182525,G,A,201,Syn
clone3,HT,LK6-A03,BNA3,0.833333333,0,A03-clone3,A03,chrX,324363,T,+1:C,326,FS
clone1,HT,LK6-A07,BNR1,1,0,A07-clone1,A07,chrIX,45733,A,G,1303,Syn
clone1,HT,LK5-F08,BOI2,1,0,F08-clone1,F08,chrV,391091,C,A,874,Glutamicacid-->Asparticacid
clone3,HT,LK5-G11,BRE5,0.96969697,0,G11-clone3,G11,chrXIV,717650,G,A,226,Syn
clone3,HT,LK2-E08,BRL1,1,0,E08-clone3,E08,chrVIII,181339,G,C,332,Arginine-->Threonine
clone1,HT,LK2-A12,BUB3,1,0,A12-clone1,A12,chrXV,380035,T,G,85,Asparticacid-->Glutamicacid
clone2,HT,LK5-F07,BUD14,1,0,F07-clone2,F07,chrI,168130,C,T,248,Asparticacid-->Asparagine
clone3,HT,LK2-A10,CAT2,0.736842105,0,A10-clone3,A10,chrXIII,194372,G,A,529,Valine-->Isoleucine
clone4,HT,LK5-H07,CHO2,0.733333333,0,H07-clone4,H07,chrVII,802629,G,A,64,Alanine-->Threonine
clone2,HT,LK6-A03,CIN1,1,0,A03-clone2,A03,chrXV,991339,C,G,517,Serine-->Arginine
clone2,HT,LK5-H04,CNB1,1,0,H04-clone2,H04,chrXI,83536,C,T,154,Glutamine-->Stop
clone1,HT,LK2-D05,COM2,0.684210526,0,D05-clone1,D05,chrV,421557,T,C,297,Asparticacid-->Glycine
clone1,HT,LK5-G01,CRG1,1,0,G01-clone1,G01,chrVIII,519578,G,A,48,Glycine-->Serine
clone1,HT,LK2-D03,CRT10,1,0,D03-clone1,D03,chrXV,209270,G,C,332,Syn
clone2,HT,LK5-H02,CTR86,0.75862069,0,H02-clone2,H02,chrIII,219849,C,T,73,Syn
clone3,HT,LK5-H02,CTR9,0.578947368,0,H02-clone3,H02,chrXV,52677,A,G,38,Syn
clone2,HT,LK6-A07,CYK3,0.8125,0,A07-clone2,A07,chrIV,249259,G,T,227,Asparticacid-->Tyrosine
clone2,HT,LK2-D09,DAL80,0.675675676,0,D09-clone2,D09,chrXI,507653,A,T,252,Glutamine-->Histidine
clone1,HT,LK2-D04,DCP1,1,0,D04-clone1,D04,chrXV,45449,C,G,171,Alanine-->Glycine
clone2,HT,LK2-E08,DCS1,1,0,E08-clone2,E08,chrXII,681277,C,A,31,Serine-->Tyrosine
clone2,HT,LK5-G03,DED1,1,0,G03-clone2,G03,chrXV,724286,C,T,459,Alanine-->Valine
clone2,HT,LK2-C09,DOP1,1,0,C09-clone2,C09,chrIV,736388,C,G,1204,Valine-->Leucine
clone2,HT,LK2-A11,DPB4,1,0,A11-clone2,A11,chrIV,693816,G,T,78,Alanine-->Serine
clone3,HT,LK2-D07,DSE1,1,0,D07-clone3,D07,chrV,407878,C,A,396,Glycine-->Cysteine
clone2,HT,LK2-A06,DUG1,1,0,A06-clone2,A06,chrVI,241259,T,C,60,Asparticacid-->Glycine
clone4,HT,LK5-G01,EAF7,1,0,G01-clone4,G01,chrXIV,370989,C,T,208,Proline-->Serine
clone4,HT,LK2-E08,ECM16,1,0,E08-clone4,E08,chrXIII,525267,C,A,524,Asparagine-->Lysine
clone1,HT,LK5-F08,ELP4,0.970588235,0,F08-clone1,F08,chrXVI,360465,C,T,86,Threonine-->Isoleucine
clone3,HT,LK2-B07,EMC5,0.6,0,B07-clone3,B07,chrIX,303766,G,T,113,Syn
clone1,HT,LK6-A03,ENP2,1,0,A03-clone1,A03,chrVII,781845,G,A,27,Asparticacid-->Asparagine
clone2,HT,LK6-A03,ENP2,1,0,A03-clone2,A03,chrVII,782567,C,A,267,Asparticacid-->Glutamicacid
clone3,HT,LK6-A03,ENP2,1,0,A03-clone3,A03,chrVII,782854,T,C,363,Leucine-->Serine
clone4,HT,LK6-A03,ENP2,0.727272727,0,A03-clone4,A03,chrVII,781821,A,C,19,Threonine-->Proline
clone1,HT,LK2-A10,ENP2,1,0,A10-clone1,A10,chrVII,782565,G,T,267,Asparticacid-->Tyrosine
clone2,HT,LK2-A10,ENP2,0.857142857,0,A10-clone2,A10,chrVII,783019,C,A,418,Alanine-->Asparticacid
clone3,HT,LK2-A10,ENP2,1,0,A10-clone3,A10,chrVII,782894,G,C,376,Arginine-->Serine
clone1,HT,LK2-A12,ENP2,1,0,A12-clone1,A12,chrVII,781811,G,T,15,Glutamine-->Histidine
clone1,HT,LK2-C05,ENP2,1,0,C05-clone1,C05,chrVII,781935,G,A,57,Glutamicacid-->Lysine
clone1,HT,LK2-D05,ENP2,1,0,D05-clone1,D05,chrVII,781996,A,G,77,Tyrosine-->Cysteine
clone4,HT,LK2-D05,ENP2,1,0,D05-clone4,D05,chrVII,781821,A,C,19,Threonine-->Proline
clone3,HT,LK2-D07,ENP2,1,0,D07-clone3,D07,chrVII,782704,C,T,313,Proline-->Leucine
clone3,HT,LK2-D07,ENP2,1,0,D07-clone3,D07,chrVII,782924,G,T,386,Leucine-->Phenylalanine
clone4,HT,LK2-D07,ENP2,1,0,D07-clone4,D07,chrVII,782692,C,A,309,Alanine-->Asparticacid
clone4,HT,LK2-D07,ENP2,0.75,0,D07-clone4,D07,chrVII,782851,A,G,362,Glutamicacid-->Glycine
clone2,HT,LK2-D09,ENP2,0.590909091,0,D09-clone2,D09,chrVII,782167,C,T,134,Threonine-->Isoleucine
clone3,HT,LK2-D09,ENP2,1,0,D09-clone3,D09,chrVII,782782,A,C,339,Histidine-->Proline
clone2,HT,LK2-E08,ENP2,1,0,E08-clone2,E08,chrVII,782720,C,A,318,Asparagine-->Lysine
clone3,HT,LK2-E08,ENP2,1,0,E08-clone3,E08,chrVII,782128,G,C,121,Arginine-->Threonine
clone2,HT,LK5-F05,ENP2,1,0,F05-clone2,F05,chrVII,782475,C,A,237,Arginine-->Serine
clone1,HT,LK5-G01,ENP2,1,0,G01-clone1,G01,chrVII,782704,C,T,313,Proline-->Leucine
clone3,HT,LK5-G01,ENP2,1,0,G01-clone3,G01,chrVII,781923,T,G,53,Phenylalanine-->Valine
clone2,HT,LK5-H02,ENP2,1,0,H02-clone2,H02,chrVII,782033,G,T,89,Leucine-->Phenylalanine
clone3,HT,LK5-H07,ENP2,1,0,H07-clone3,H07,chrVII,782720,C,A,318,Asparagine-->Lysine
clone1,HT,LK5-H12,ENP2,0.95,0,H12-clone1,H12,chrVII,782275,G,T,170,Glycine-->Valine
clone3,HT,LK2-C05,ENT1,1,0,C05-clone3,C05,chrIV,168732,C,A,340,Proline-->Glutamine
clone4,HT,LK5-F08,ENV11,0.65625,0,F08-clone4,F08,chrVII,632628,T,G,479,Tyrosine-->Serine
clone1,HT,LK2-C05,ESF1,1,0,C05-clone1,C05,chrIV,1205880,A,T,168,Phenylalanine-->Leucine
clone2,HT,LK2-D09,EST1,0.605263158,0,D09-clone2,D09,chrXII,609439,C,A,29,Arginine-->Methionine
clone3,HT,LK5-G11,FIG2,1,0,G11-clone3,G11,chrIII,268639,T,C,402,Syn
clone4,HT,LK2-D05,FKS1,1,0,D05-clone4,D05,chrXII,810521,C,G,175,Syn
clone3,HT,LK2-B04,FLO1,0.593220339,0,B04-clone3,B04,chrI,206410,G,C,1003,Tryptophan-->Serine
clone3,HT,LK2-C05,FMP30,1,0,C05-clone3,C05,chrXVI,358593,C,A,272,Asparticacid-->Tyrosine
clone1,HT,LK5-G01,FOB1,1,0,G01-clone1,G01,chrIV,677466,C,A,455,Asparagine-->Lysine
clone4,HT,LK2-B05,FOL1,1,0,B05-clone4,B05,chrXIV,165290,A,G,223,Histidine-->Arginine
clone3,HT,LK5-G09,FRE8,0.647058824,0,G09-clone3,G09,chrXII,240478,C,A,310,Arginine-->Serine
clone3,HT,LK5-F10,GBP2,1,0,F10-clone3,F10,chrIII,102475,C,T,295,Arginine-->Histidine
clone3,HT,LK6-A07,GCN5,1,0,A07-clone3,A07,chrVII,997334,A,T,156,Threonine-->Serine
clone3,HT,LK2-C05,GDH1,1,0,C05-clone3,C05,chrXV,1042723,C,G,107,Glycine-->Alanine
clone2,HT,LK6-A03,GDS1,0.973684211,0,A03-clone2,A03,chrXV,1006539,A,C,468,Asparticacid-->Alanine
clone2,HT,LK5-H02,GDT1,0.902439024,0,H02-clone2,H02,chrII,602974,T,G,114,Leucine-->Stop
clone2,HT,LK2-D05,GEA1,1,0,D05-clone2,D05,chrX,487905,C,A,970,Asparticacid-->Tyrosine
clone2,HT,LK6-A05,GPB1,0.888888889,0,A05-clone2,A05,chrXV,1033604,C,-1:T,193,FS
clone1,HT,LK2-C08,GPB1,1,0,C08-clone1,C08,chrXV,1033444,C,A,247,Glutamicacid-->Stop
clone4,HT,LK6-A05,GPB2,0.913043478,0,A05-clone4,A05,chrI,40338,T,G,360,Tyrosine-->Stop
clone2,HT,LK2-B04,GPB2,0.545454545,0,B04-clone2,B04,chrI,40736,C,G,493,Serine-->Stop
clone4,HT,LK2-B04,GPB2,0.6875,0,B04-clone4,B04,chrI,39960,G,+1:A,234,FS
clone4,HT,LK5-F08,GPB2,0.714285714,0,F08-clone4,F08,chrI,41196,G,A,646,Syn
clone4,HT,LK5-F08,GPB2,0.708333333,0,F08-clone4,F08,chrI,41254,A,T,666,Lysine-->Stop
clone4,HT,LK2-E08,GPI11,0.961538462,0,E08-clone4,E08,chrIV,1067781,C,T,17,Syn
clone4,HT,LK5-F05,GPI16,1,0,F05-clone4,F05,chrVIII,483784,G,T,18,Phenylalanine-->Leucine
clone4,HT,LK2-D07,GPX1,0.785714286,0,D07-clone4,D07,chrXI,389538,C,T,116,Glycine-->Arginine
clone2,HT,LK2-D09,GRS1,0.5625,0,D09-clone2,D09,chrII,482085,T,A,428,Asparticacid-->Valine
clone1,HT,LK5-H08,GUA1,0.52173913,0,H08-clone1,H08,chrXIII,703118,A,T,443,Glutamine-->Histidine
clone1,HT,LK2-D09,GYP6,0.604651163,0,D09-clone1,D09,chrX,359647,G,A,10,Syn
clone1,HT,LK2-E08,GYP6,0.75,0,E08-clone1,E08,chrX,358588,G,A,363,Syn
clone4,HT,LK2-D03,HAP4,0.631578947,0,D03-clone4,D03,chrXI,232916,C,T,230,Syn
clone1,HT,LK2-D05,HAS1,1,0,D05-clone1,D05,chrXIII,850962,C,A,210,Methionine-->Isoleucine
clone4,HT,LK5-F08,HFA1,0.633333333,0,F08-clone4,F08,chrXIII,677793,G,T,1924,Asparticacid-->Glutamicacid
clone1,HT,LK2-D07,HMO1,0.96875,0,D07-clone1,D07,chrIV,812661,C,T,184,Syn
clone1,HT,LK2-E08,HSH155,0.625,0,E08-clone1,E08,chrXIII,848140,C,G,857,Alanine-->Glycine
clone2,HT,LK6-A03,HSP82,0.975,0,A03-clone2,A03,chrXVI,98145,C,T,161,Asparticacid-->Asparagine
clone1,HT,LK2-E08,HUL4,0.588235294,0,E08-clone1,E08,chrX,502119,C,T,425,Alanine-->Threonine
clone3,HT,LK5-H02,HYM1,0.923076923,0,H02-clone3,H02,chrXI,85620,C,T,306,Proline-->Leucine
clone1,HT,LK2-D05,ICE2,1,0,D05-clone1,D05,chrIX,194560,C,T,322,Syn
clone4,HT,LK2-D09,IFH1,0.904761905,0,D09-clone4,D09,chrXII,582915,C,-1:T,859,FS
clone3,HT,LK6-A05,IMH1,1,0,A05-clone3,A05,chrXII,750741,C,T,343,Syn
clone2,HT,LK2-D09,IMH1,0.55,0,D09-clone2,D09,chrXII,749368,C,A,801,Arginine-->Leucine
clone1,HT,LK2-E08,INP54,0.736842105,0,E08-clone1,E08,chrXV,205208,C,T,226,Syn
clone4,HT,LK6-A07,IRA1,1,0,A07-clone4,A07,chrII,525695,A,G,312,Tyrosine-->Histidine
clone3,HT,LK2-A10,IRA1,0.769230769,0,A10-clone3,A10,chrII,522373,G,C,1419,Serine-->Stop
clone3,HT,LK2-A10,IRA1,0.636363636,0,A10-clone3,A10,chrII,525740,C,T,297,Alanine-->Threonine
clone3,HT,LK2-C05,IRA1,1,0,C05-clone3,C05,chrII,524717,T,A,638,Lysine-->Stop
clone2,HT,LK2-E07,IRA1,1,0,E07-clone2,E07,chrII,519970,A,C,2220,Valine-->Glycine
clone1,HT,LK5-F10,IRA1,1,0,F10-clone1,F10,chrII,525769,G,A,287,Threonine-->Isoleucine
clone3,HT,LK5-F10,IRA1,0.75,0,F10-clone3,F10,chrII,521501,C,A,1710,Valine-->Phenylalanine
clone1,HT,LK5-H07,IRA1,0.931034483,0,H07-clone1,H07,chrII,519634,G,T,2332,Serine-->Stop
clone3,HT,LK5-H07,IRA1,1,0,H07-clone3,H07,chrII,526556,C,+1:A,25,FS
clone4,HT,LK5-H07,IRA1,0.68,0,H07-clone4,H07,chrII,519409,C,T,2407,Tryptophan-->Stop
clone2,HT,LK5-H08,IRA1,0.52,0,H08-clone2,H08,chrII,523411,G,-1:T,1073,FS
clone3,HT,LK5-H08,IRA1,0.545454545,0,H08-clone3,H08,chrII,522826,A,T,1268,Isoleucine-->Asparagine
clone1,HT,LK6-A05,IRA2,0.916666667,0,A05-clone1,A05,chrXV,177434,G,A,2122,Glycine-->Asparticacid
clone2,HT,LK6-A07,IRA2,1,0,A07-clone2,A07,chrXV,177338,A,G,2090,Asparticacid-->Glycine
clone2,HT,LK2-A11,IRA2,1,0,A11-clone2,A11,chrXV,175775,C,G,1569,Serine-->Stop
clone2,HT,LK2-B07,IRA2,0.833333333,0,B07-clone2,B07,chrXV,176713,G,T,1882,Alanine-->Serine
clone3,HT,LK5-F10,IRA2,1,0,F10-clone3,F10,chrXV,176779,C,T,1904,Glutamine-->Stop
clone3,HT,LK5-G09,ITC1,0.571428571,0,G09-clone3,G09,chrVII,258675,C,A,323,Syn
clone4,HT,LK6-A03,KRE33,1,0,A03-clone4,A03,chrXIV,378276,C,G,986,Leucine-->Valine
clone2,HT,LK2-A06,KRE33,1,0,A06-clone2,A06,chrXIV,375777,A,G,153,Lysine-->Glutamicacid
clone4,HT,LK2-A10,KRE33,1,0,A10-clone4,A10,chrXIV,375527,C,A,69,Histidine-->Glutamine
clone4,HT,LK2-A10,KRE33,1,0,A10-clone4,A10,chrXIV,375529,G,T,70,Arginine-->Isoleucine
clone2,HT,LK2-A12,KRE33,1,0,A12-clone2,A12,chrXIV,377206,G,C,629,Serine-->Threonine
clone3,HT,LK2-C05,KRE33,1,0,C05-clone3,C05,chrXIV,378276,C,G,986,Leucine-->Valine
clone3,HT,LK2-C09,KRE33,1,0,C09-clone3,C09,chrXIV,377125,C,T,602,Serine-->Leucine
clone2,HT,LK2-D09,KRE33,1,0,D09-clone2,D09,chrXIV,375511,T,G,64,Leucine-->Arginine
clone4,HT,LK5-F05,KRE33,1,0,F05-clone4,F05,chrXIV,377236,C,T,639,Alanine-->Valine
clone1,HT,LK5-F10,KRE33,1,0,F10-clone1,F10,chrXIV,375514,G,A,65,Glycine-->Glutamicacid
clone2,HT,LK5-F10,KRE33,1,0,F10-clone2,F10,chrXIV,376126,C,T,269,Alanine-->Valine
clone4,HT,LK5-G01,KRE33,0.947368421,0,G01-clone4,G01,chrXIV,376434,C,T,372,Proline-->Serine
clone2,HT,LK5-G03,KRE33,1,0,G03-clone2,G03,chrXIV,377328,G,A,670,Glutamicacid-->Lysine
clone2,HT,LK5-H12,KRE33,1,0,H12-clone2,H12,chrXIV,375621,C,A,101,Glutamine-->Lysine
clone4,HT,LK5-H12,KRE33,1,0,H12-clone4,H12,chrXIV,378304,A,C,995,Tyrosine-->Serine
clone3,HT,LK6-A05,LAA1,0.954545455,0,A05-clone3,A05,chrX,41522,G,T,1971,Serine-->Stop
clone3,HT,LK5-F10,LCL3,1,0,F10-clone3,F10,chrVII,349828,T,G,71,Phenylalanine-->Leucine
clone4,HT,LK5-F05,LDB19,1,0,F05-clone4,F05,chrXV,918705,A,G,786,Syn
clone1,HT,LK2-D05,LIN1,1,0,D05-clone1,D05,chrVIII,411511,A,T,299,Leucine-->Glutamine
clone3,HT,LK5-F10,LOC1,1,0,F10-clone3,F10,chrVI,149313,G,A,68,Syn
clone3,HT,LK5-G11,LYS2,1,0,G11-clone3,G11,chrII,473724,C,G,68,Arginine-->Threonine
clone2,HT,LK2-D05,MAM33,1,0,D05-clone2,D05,chrIX,230617,G,T,152,Asparagine-->Lysine
clone2,HT,LK6-A03,MCM2,1,0,A03-clone2,A03,chrII,177515,A,T,4,Asparagine-->Lysine
clone2,HT,LK2-C09,MDM34,1,0,C09-clone2,C09,chrVII,83775,G,T,161,Syn
clone4,HT,LK5-H02,MDM36,0.528301887,0,H02-clone4,H02,chrXVI,705474,G,C,207,Syn
clone1,HT,LK6-A03,MID2,1,0,A03-clone1,A03,chrXII,791430,C,A,252,Serine-->Stop
clone3,HT,LK5-H02,MIG1,0.652173913,0,H02-clone3,H02,chrVII,432815,A,T,83,Leucine-->Glutamine
clone4,HT,LK5-F07,MLP2,1,0,F07-clone4,F07,chrIX,65748,C,T,774,Glycine-->Serine
clone4,HT,LK5-G03,MMS22,1,0,G03-clone4,G03,chrXII,775858,G,C,1307,Asparticacid-->Histidine
clone4,HT,LK6-A03,MNN2,1,0,A03-clone4,A03,chrII,268882,C,A,208,Glycine-->Cysteine
clone4,HT,LK5-G09,MSH4,0.631578947,0,G09-clone4,G09,chrVI,136029,T,G,377,Lysine-->Glutamine
clone2,HT,LK5-F10,MSS11,1,0,F10-clone2,F10,chrXIII,589475,C,A,26,Glycine-->Cysteine
clone3,HT,LK5-G09,MYO1,0.75,0,G09-clone3,G09,chrVIII,152171,C,A,169,Serine-->Tyrosine
clone2,HT,LK2-A11,NAM7,0.875,0,A11-clone2,A11,chrXIII,427334,A,G,765,Phenylalanine-->Serine
clone2,HT,LK5-H04,NEW1,0.903225806,0,H04-clone2,H04,chrXVI,124470,C,A,902,Glutamine-->Lysine
clone1,HT,LK5-H07,NIC96,1,0,H07-clone1,H07,chrVI,150170,G,C,52,Arginine-->Proline
clone4,HT,LK5-H02,NIT1,0.549019608,0,H02-clone4,H02,chrIX,34269,C,A,140,Alanine-->Serine
clone2,HT,LK2-A10,NMA111,0.933333333,0,A10-clone2,A10,chrXIV,397283,C,T,867,Glutamine-->Stop
clone2,HT,LK2-D05,NNK1,1,0,D05-clone2,D05,chrXI,128447,C,G,325,Glutamine-->Glutamicacid
clone4,HT,LK5-F07,NNK1,1,0,F07-clone4,F07,chrXI,129484,A,T,670,Glutamicacid-->Asparticacid
clone2,HT,LK5-H04,NOP14,1,0,H04-clone2,H04,chrIV,188599,G,A,663,Proline-->Leucine
clone2,HT,LK6-A03,NST1,0.947368421,0,A03-clone2,A03,chrXIV,452795,C,G,130,Glutamine-->Glutamicacid
clone3,HT,LK5-F08,NUP53,0.826086957,0,F08-clone3,F08,chrXIII,565253,C,A,273,Phenylalanine-->Leucine
clone4,HT,LK5-F08,ORM1,0.775,0,F08-clone4,F08,chrVII,560716,C,T,12,Alanine-->Valine
clone3,HT,LK2-A11,OSW1,1,0,A11-clone3,A11,chrXV,808098,T,G,276,Syn
clone3,HT,LK2-C05,PAM17,1,0,C05-clone3,C05,chrXI,565831,G,A,21,Threonine-->Isoleucine
clone3,HT,LK5-F05,PAR32,1,0,F05-clone3,F05,chrIV,148348,C,A,53,Alanine-->Glutamicacid
clone3,HT,LK2-C05,PAT1,1,0,C05-clone3,C05,chrIII,252289,G,A,114,Proline-->Serine
clone3,HT,LK6-A05,PDE2,1,0,A05-clone3,A05,chrXV,1013484,G,T,446,Tyrosine-->Stop
clone1,HT,LK6-A07,PDE2,1,0,A07-clone1,A07,chrXV,1013923,A,G,300,Isoleucine-->Proline
clone1,HT,LK6-A07,PDE2,1,0,A07-clone1,A07,chrXV,1013924,T,G,300,Isoleucine-->Proline
clone3,HT,LK6-A07,PDE2,1,0,A07-clone3,A07,chrXV,1013627,C,G,399,Alanine-->Proline
clone1,HT,LK2-E07,PDE2,0.925,0,E07-clone1,E07,chrXV,1014252,C,+1:A,190,FS
clone4,HT,LK2-E07,PDE2,1,0,E07-clone4,E07,chrXV,1014153,C,A,223,Leucine-->Phenylalanine
clone2,HT,LK5-F08,PDE2,1,1,F08-clone2,F08,chrXV,1013596,G,C,409,Serine-->Stop
clone4,HT,LK5-H08,PDE2,1,0,H08-clone4,H08,chrXV,1013906,G,T,306,Histidine-->Asparagine
clone4,HT,LK5-F07,PDR15,1,0,F07-clone4,F07,chrIV,1279506,G,A,99,Syn
clone3,HT,LK2-C09,PDR16,0.983333333,0,C09-clone3,C09,chrXIV,216385,C,T,220,Glycine-->Serine
clone3,HT,LK5-H12,PEX29,1,0,H12-clone3,H12,chrIV,1416717,G,A,53,Threonine-->Isoleucine
clone1,HT,LK2-C09,PIP2,0.956521739,0,C09-clone1,C09,chrXV,1021040,C,T,725,Glutamicacid-->Lysine
clone1,HT,LK2-E08,PML39,0.769230769,0,E08-clone1,E08,chrXIII,55826,A,+1:T,148,FS
clone2,HT,LK6-A03,PMP2,1,0,A03-clone2,A03,chrV,122862,G,T,23,Alanine-->Asparticacid
clone2,HT,LK2-A10,POM34,0.96969697,0,A10-clone2,A10,chrXII,179597,G,A,4,Glutamine-->Stop
clone4,HT,LK5-H08,PPT1,0.695652174,0,H08-clone4,H08,chrVII,736883,C,T,441,Valine-->Methionine
clone1,HT,LK6-A07,PRE10,0.695652174,0,A07-clone1,A07,chrXV,1017917,G,A,277,Alanine-->Valine
clone3,HT,LK2-D05,PRI1,1,0,D05-clone3,D05,chrIX,373709,C,T,200,Asparticacid-->Asparagine
clone4,HT,LK2-E08,PRP6,0.939393939,0,E08-clone4,E08,chrII,345994,C,T,436,Syn
clone2,HT,LK5-H08,PRY1,0.866666667,0,H08-clone2,H08,chrX,290265,G,C,170,Histidine-->Glutamine
clone2,HT,LK6-A03,PSY2,1,0,A03-clone2,A03,chrXIV,262300,C,A,302,Valine-->Leucine
clone2,HT,LK6-A03,PTC2,1,0,A03-clone2,A03,chrV,336600,G,C,247,Asparticacid-->Glutamicacid
clone2,HT,LK5-F08,QRI7,1,0,F08-clone2,F08,chrIV,274426,G,T,151,Leucine-->Methionine
clone4,HT,LK6-A05,RAX1,0.958333333,0,A05-clone4,A05,chrXV,881608,A,G,215,Glutamicacid-->Glycine
clone3,HT,LK5-F07,REG1,0.64556962,0,F07-clone3,F07,chrIV,499170,A,G,570,Syn
clone2,HT,LK2-E08,RFM1,1,0,E08-clone2,E08,chrXV,843869,G,T,254,Syn
clone2,HT,LK2-C06,RGC1,1,0,C06-clone2,C06,chrXVI,757662,C,A,929,Serine-->Stop
clone3,HT,LK2-C09,RGT1,0.986486486,0,C09-clone3,C09,chrXI,368885,C,A,1094,Threonine-->Lysine
clone2,HT,LK2-C08,RHO5,0.677419355,0,C08-clone2,C08,chrXIV,300565,G,A,29,Proline-->Serine
clone3,HT,LK5-H04,RIF1,0.695652174,0,H04-clone3,H04,chrII,756436,A,C,224,Leucine-->Tryptophan
clone2,HT,LK5-H08,RMD9,0.875,0,H08-clone2,H08,chrVII,304848,G,A,476,Proline-->Serine
clone3,HT,LK5-H07,RNR3,1,0,H07-clone3,H07,chrIX,240398,C,A,104,Tryptophan-->Leucine
clone2,HT,LK6-A03,ROM2,0.925,0,A03-clone2,A03,chrXII,863000,G,A,96,Serine-->Asparagine
clone2,HT,LK2-E07,RPC82,0.545454545,0,E07-clone2,E07,chrXVI,917735,T,A,436,Glutamicacid-->Valine
clone4,HT,LK5-G09,RPL22B,1,0,G09-clone4,G09,chrVI,64486,T,C,38,Syn
clone2,HT,LK6-A03,RPO21,0.880952381,0,A03-clone2,A03,chrIV,210430,G,T,44,Syn
clone3,HT,LK6-A03,RPS17A,1,0,A03-clone3,A03,chrXIII,226294,G,C,2,Arginine-->Threonine
clone3,HT,LK5-F07,RPS1A,0.625,0,F07-clone3,F07,chrXII,1018401,C,T,170,Glutamicacid-->Lysine
clone1,HT,LK2-D07,RPS6A,0.954545455,0,D07-clone1,D07,chrXVI,377798,C,A,66,Leucine-->Phenylalanine
clone2,HT,LK2-D05,RPS6B,0.947368421,0,D05-clone2,D05,chrII,592216,C,A,67,Leucine-->Phenylalanine
clone3,HT,LK5-H04,RPS7A,1,0,H04-clone3,H04,chrXV,506532,C,G,65,Proline-->Arginine
clone4,HT,LK5-G03,RPS8A,1,0,G03-clone4,G03,chrII,88996,G,A,44,Histidine-->Tyrosine
clone3,HT,LK5-H02,RPS8A,1,0,H02-clone3,H02,chrII,89021,G,C,35,Asparagine-->Lysine
clone3,HT,LK5-H12,RPS8A,1,0,H12-clone3,H12,chrII,88996,G,C,44,Histidine-->Asparticacid
clone1,HT,LK5-F10,RQC2,1,0,F10-clone1,F10,chrXVI,538131,T,C,269,Glutamine-->Arginine
clone3,HT,LK5-F10,RQC2,0.6,0,F10-clone3,F10,chrXVI,538464,G,A,158,Threonine-->Isoleucine
clone4,HT,LK2-A10,RRP3,0.571428571,0,A10-clone4,A10,chrVIII,228086,C,T,318,Glutamicacid-->Lysine
clone2,HT,LK5-H12,RRP3,0.935483871,0,H12-clone2,H12,chrVIII,227934,C,A,368,Lysine-->Asparagine
clone2,HT,LK5-H12,RRP6,0.935483871,0,H12-clone2,H12,chrXV,327456,G,A,209,Asparticacid-->Asparagine
clone3,HT,LK2-C05,RRP9,1,0,C05-clone3,C05,chrXVI,804080,G,A,574,Syn
clone3,HT,LK5-G01,RTC1,1,1,G01-clone3,G01,chrXV,64661,G,T,230,Asparagine-->Lysine
clone4,HT,LK5-G01,RTC1,1,1,G01-clone4,G01,chrXV,64661,G,T,230,Asparagine-->Lysine
clone4,HT,LK5-H12,RTT107,0.956521739,0,H12-clone4,H12,chrVIII,402973,C,T,3,Threonine-->Isoleucine
clone1,HT,LK2-A10,RXT3,0.875,0,A10-clone1,A10,chrIV,321011,A,T,181,Leucine-->Stop
clone4,HT,LK2-A10,RXT3,1,0,A10-clone4,A10,chrIV,320925,C,A,210,Asparticacid-->Tyrosine
clone2,HT,LK5-H02,RXT3,0.888888889,0,H02-clone2,H02,chrIV,321451,A,-1:T,34,FS
clone3,HT,LK5-H02,SAC3,1,0,H02-clone3,H02,chrIV,773836,G,A,654,Valine-->Isoleucine
clone3,HT,LK2-C05,SCJ1,1,0,C05-clone3,C05,chrXIII,695954,T,G,202,Isoleucine-->Serine
clone2,HT,LK5-H02,SDA1,0.848484848,0,H02-clone2,H02,chrVII,981863,G,T,69,Serine-->Tyrosine
clone2,HT,LK2-D05,SDL1 (blocked reading frame SGD:S000001429),1,0,D05-clone2,D05,chrIX,29514,C,A,161,Syn
clone3,HT,LK2-C09,SEC16,0.984375,0,C09-clone3,C09,chrXVI,393359,G,T,2098,Glycine-->Valine
clone2,HT,LK2-A06,SEC28,1,0,A06-clone2,A06,chrIX,216843,G,T,62,Leucine-->Phenylalanine
clone1,HT,LK5-G09,SEC8,1,0,G09-clone1,G09,chrXVI,670815,C,G,1047,Threonine-->Serine
clone3,HT,LK6-A05,SET4,0.769230769,0,A05-clone3,A05,chrX,225901,A,G,283,Arginine-->Glycine
clone1,HT,LK2-D09,SGD:S000004648,1,0,D09-clone1,D09,chrXIII,360308,C,T,338,Syn
clone1,HT,LK2-D04,SGM1,1,0,D04-clone1,D04,chrX,675311,A,G,181,Leucine-->Serine
clone3,HT,LK6-A05,SHC1,1,0,A05-clone3,A05,chrV,352389,G,A,231,Glycine-->Asparticacid
clone2,HT,LK6-A03,SHM2,1,0,A03-clone2,A03,chrXII,258409,A,G,331,Syn
clone3,HT,LK5-F10,SHQ1,1,0,F10-clone3,F10,chrIX,170295,C,T,404,Arginine-->Lysine
clone1,HT,LK5-F10,SIN3,0.866666667,0,F10-clone1,F10,chrXV,317662,A,C,242,Tyrosine-->Serine
clone3,HT,LK2-B04,SIR2,1,0,B04-clone3,B04,chrIV,377088,A,G,453,Phenylalanine-->Serine
clone4,HT,LK5-F05,SIR2,0.6,0,F05-clone4,F05,chrIV,377629,C,T,273,Asparticacid-->Asparagine
clone2,HT,LK5-F07,SIR2,0.914893617,0,F07-clone2,F07,chrIV,377628,T,A,273,Asparticacid-->Valine
clone1,HT,LK5-F08,SIR2,0.974358974,0,F08-clone1,F08,chrIV,377871,G,T,192,Serine-->Stop
clone4,HT,LK5-G09,SIR2,0.75,0,G09-clone4,G09,chrIV,378086,T,-1:G,120,FS
clone4,HT,LK6-A07,SIR3,1,0,A07-clone4,A07,chrXII,1021967,T,G,95,Glutamicacid-->Asparticacid
clone2,HT,LK2-A11,SIR3,1,0,A11-clone2,A11,chrXII,1019338,A,C,972,Phenylalanine-->Valine
clone3,HT,LK2-D05,SIR3,0.928571429,0,D05-clone3,D05,chrXII,1022241,G,-2:TT,4,FS
clone3,HT,LK5-F07,SIR3,0.604651163,0,F07-clone3,F07,chrXII,1020831,T,+2:TA,474,FS
clone3,HT,LK5-F07,SIR3,0.609756098,0,F07-clone3,F07,chrXII,1020839,C,A,471,Leucine-->Phenylalanine
clone4,HT,LK5-F07,SIR3,1,0,F07-clone4,F07,chrXII,1021353,G,T,300,Serine-->Stop
clone3,HT,LK5-F08,SIR3,0.846153846,0,F08-clone3,F08,chrXII,1022094,C,A,53,Glycine-->Valine
clone4,HT,LK5-F08,SIR3,0.735294118,0,F08-clone4,F08,chrXII,1020955,C,A,433,Glycine-->Stop
clone4,HT,LK5-G01,SIR3,0.8,0,G01-clone4,G01,chrXII,1021325,T,-1:G,309,FS
clone2,HT,LK5-G03,SIR3,1,0,G03-clone2,G03,chrXII,1019367,A,T,962,Isoleucine-->Lysine
clone1,HT,LK5-G09,SIR3,1,0,G09-clone1,G09,chrXII,1021395,G,T,286,Serine-->Stop
clone1,HT,LK5-G11,SIR3,1,0,G11-clone1,G11,chrXII,1020983,G,T,423,Tyrosine-->Stop
clone3,HT,LK5-G11,SIR3,1,0,G11-clone3,G11,chrXII,1021720,C,A,178,Glutamicacid-->Stop
clone4,HT,LK5-H07,SIR3,0.571428571,0,H07-clone4,H07,chrXII,1019807,T,A,815,Lysine-->Asparagine
clone4,HT,LK5-H07,SIR3,0.545454545,0,H07-clone4,H07,chrXII,1019812,T,A,814,Lysine-->Stop
clone4,HT,LK5-H08,SIR3,1,0,H08-clone4,H08,chrXII,1022040,A,T,71,Isoleucine-->Asparagine
clone3,HT,LK5-H12,SIR3,0.916666667,0,H12-clone3,H12,chrXII,1022064,G,T,63,Threonine-->Lysine
clone2,HT,LK6-A03,SIR4,1,0,A03-clone2,A03,chrIV,919017,C,T,483,Glutamine-->Stop
clone3,HT,LK6-A05,SIR4,1,0,A05-clone3,A05,chrIV,917843,T,A,91,Tyrosine-->Stop
clone1,HT,LK6-A07,SIR4,1,0,A07-clone1,A07,chrIV,921084,G,T,1172,Glycine-->Stop
clone1,HT,LK6-A07,SIR4,1,0,A07-clone1,A07,chrIV,921085,G,A,1172,Glycine-->Stop
clone1,HT,LK6-A07,SIR4,1,0,A07-clone1,A07,chrIV,921089,T,A,1173,Asparagine-->Lysine
clone1,HT,LK6-A07,SIR4,1,0,A07-clone1,A07,chrIV,921093,A,G,1175,Lysine-->Glutamicacid
clone3,HT,LK6-A07,SIR4,1,0,A07-clone3,A07,chrIV,920186,C,G,872,Tyrosine-->Stop
clone4,HT,LK2-B04,SIR4,0.76,0,B04-clone4,B04,chrIV,918119,G,+1:A,183,FS
clone2,HT,LK5-F08,SIR4,1,0,F08-clone2,F08,chrIV,921634,T,-1:A,1355,FS
clone3,HT,LK5-F10,SIR4,1,0,F10-clone3,F10,chrIV,918730,T,G,387,Leucine-->Stop
clone1,HT,LK5-G01,SIR4,0.916666667,0,G01-clone1,G01,chrIV,917828,G,-1:A,86,FS
clone3,HT,LK5-G03,SIR4,0.961538462,0,G03-clone3,G03,chrIV,920605,T,A,1012,Leucine-->Histidine
clone4,HT,LK5-H04,SIR4,0.619047619,0,H04-clone4,H04,chrIV,921548,T,A,1326,Cysteine-->Stop
clone3,HT,LK2-C05,SLN1,1,0,C05-clone3,C05,chrIX,73162,C,T,98,Alanine-->Threonine
clone3,HT,LK2-B07,SMP1,0.8,0,B07-clone3,B07,chrII,594590,G,A,92,Proline-->Leucine
clone2,HT,LK5-H08,SNU66,0.620689655,0,H08-clone2,H08,chrXV,896172,G,A,72,Syn
clone4,HT,LK5-G01,SRB8,1,0,G01-clone4,G01,chrIII,258407,G,T,1346,Serine-->Isoleucine
clone1,HT,LK2-D04,SRM1,0.875,0,D04-clone1,D04,chrVII,323004,C,T,408,Alanine-->Valine
clone4,HT,LK5-H07,SRO7,0.789473684,0,H07-clone4,H07,chrXVI,635063,C,G,314,Threonine-->Arginine
clone1,HT,LK6-A07,SRS2,0.565217391,0,A07-clone1,A07,chrX,257534,G,A,38,Glycine-->Serine
clone2,HT,LK6-A07,SRS2,1,0,A07-clone2,A07,chrX,258488,C,T,356,Proline-->Serine
clone2,HT,LK5-H08,SRS2,0.785714286,0,H08-clone2,H08,chrX,258496,C,A,358,Tyrosine-->Stop
clone2,HT,LK5-H02,SSH4,0.833333333,0,H02-clone2,H02,chrXI,211976,G,C,462,Valine-->Leucine
clone2,HT,LK2-A06,STE12,1,0,A06-clone2,A06,chrVIII,275579,T,+1:G,469,FS
clone4,HT,LK6-A05,STE5,0.852941176,0,A05-clone4,A05,chrIV,660953,T,C,868,Syn
clone4,HT,LK6-A03,STE7,1,0,A03-clone4,A03,chrIV,173613,G,-1:A,378,FS
clone3,HT,LK2-B07,STI1,0.538461538,0,B07-clone3,B07,chrXV,381557,C,A,169,Glutamine-->Lysine
clone1,HT,LK5-H04,SUM1,1,0,H04-clone1,H04,chrIV,1084241,C,T,26,Valine-->Isoleucine
clone1,HT,LK2-C05,SWP82,1,0,C05-clone1,C05,chrVI,37289,G,T,163,Glutamicacid-->Stop
clone3,HT,LK6-A07,SXM1,1,0,A07-clone3,A07,chrIV,1265507,T,A,728,Serine-->Arginine
clone4,HT,LK5-F08,SYF1,0.555555556,0,F08-clone4,F08,chrIV,1300394,C,A,655,Leucine-->Isoleucine
clone2,HT,LK2-A10,TDH1,0.52173913,0,A10-clone2,A10,chrX,338873,C,T,201,Syn
clone1,HT,LK2-E08,TGL4,1,0,E08-clone1,E08,chrXI,608309,C,A,19,Syn
clone3,HT,LK2-A06,TIM44,0.941176471,0,A06-clone3,A06,chrIX,311744,C,A,194,Histidine-->Asparagine
clone3,HT,LK5-H12,TOS8,0.875,0,H12-clone3,H12,chrVII,325408,A,G,26,Syn
clone4,HT,LK2-C06,TPC1,1,0,C06-clone4,C06,chrVII,677213,A,C,198,Glutamicacid-->Alanine
clone4,HT,LK5-H04,TRK1,1,0,H04-clone4,H04,chrX,174773,G,A,845,Alanine-->Valine
clone3,HT,LK6-A05,TRM732,1,0,A05-clone3,A05,chrXIII,786769,G,A,705,Syn
clone3,HT,LK2-E08,TSC11,1,0,E08-clone3,E08,chrV,344870,G,A,915,Syn
clone2,HT,LK6-A07,TSR1,0.909090909,0,A07-clone2,A07,chrIV,343222,A,T,535,Lysine-->Isoleucine
clone3,HT,LK5-G11,TWF1,1,0,G11-clone3,G11,chrVII,642850,G,A,281,Valine-->Methionine
clone1,HT,LK2-D07,UBA2,1,1,D07-clone1,D07,chrIV,1255757,T,C,364,Glutamine-->Arginine
clone1,HT,LK5-H04,UBA2,1,0,H04-clone1,H04,chrIV,1256336,G,A,171,Proline-->Leucine
clone3,HT,LK6-A05,UBC9,1,0,A05-clone3,A05,chrIV,337762,G,A,43,Glycine-->Serine
clone3,HT,LK2-D09,ULS1,0.870967742,0,D09-clone3,D09,chrXV,693892,T,+1:A,473,FS
clone3,HT,LK2-A11,UME1,1,0,A11-clone3,A11,chrXVI,290083,G,C,323,Isoleucine-->Methionine
clone1,HT,LK5-F08,UPS2,1,0,F08-clone1,F08,chrXII,500210,T,A,21,Asparagine-->Tyrosine
clone1,HT,LK5-F08,UPS2,1,0,F08-clone1,F08,chrXII,500211,A,G,20,Syn
clone4,HT,LK5-G01,URN1,1,0,G01-clone4,G01,chrXVI,832853,G,T,202,Syn
clone3,HT,LK6-A03,UTP20,1,0,A03-clone3,A03,chrII,230333,G,A,900,Glutamicacid-->Lysine
clone2,HT,LK2-A06,UTP20,1,0,A06-clone2,A06,chrII,228046,C,G,137,Asparticacid-->Glutamicacid
clone3,HT,LK2-A11,UTP20,1,0,A11-clone3,A11,chrII,228105,A,G,157,Tyrosine-->Cysteine
clone1,HT,LK2-C09,UTP20,0.8,0,C09-clone1,C09,chrII,228115,G,T,160,Lysine-->Asparagine
clone2,HT,LK2-C09,UTP20,1,0,C09-clone2,C09,chrII,230360,G,T,909,Glycine-->Tryptophan
clone2,HT,LK2-D05,VAC7,1,0,D05-clone2,D05,chrXIV,527036,C,A,317,Asparagine-->Lysine
clone3,HT,LK2-B07,VAS1,0.611111111,0,B07-clone3,B07,chrVII,672838,G,A,218,Glycine-->Asparticacid
clone4,HT,LK2-E08,VIP1,1,0,E08-clone4,E08,chrXII,939545,G,A,669,Asparticacid-->Asparagine
clone2,HT,LK2-A12,VPS4,1,0,A12-clone2,A12,chrXVI,887280,C,G,186,Syn
clone3,HT,LK2-E08,XRN1,1,0,E08-clone3,E08,chrVII,179579,G,C,179,Histidine-->Asparticacid
clone1,HT,LK5-H07,YBR241C,0.974358974,0,H07-clone1,H07,chrII,703646,G,C,137,Serine-->Cysteine
clone4,HT,LK5-G09,YCR100C,0.923076923,0,G09-clone4,G09,chrIII,301705,C,T,173,Alanine-->Threonine
clone4,HT,LK6-A03,YCR101C,0.6,0,A03-clone4,A03,chrIII,303001,A,T,10,Syn
clone4,HT,LK6-A03,YCT1,1,0,A03-clone4,A03,chrXII,30911,C,T,268,Serine-->Phenylalanine
clone1,HT,LK6-A03,YDL109C,0.916666667,0,A03-clone1,A03,chrIV,266058,A,-1:G,382,FS
clone4,HT,LK5-H07,YEL057C,1,0,H07-clone4,H07,chrV,45424,G,T,100,Histidine-->Asparagine
clone4,HT,LK5-F08,YER186C,0.727272727,0,F08-clone4,F08,chrV,562493,G,A,45,Leucine-->Phenylalanine
clone2,HT,LK2-B04,YFR020W,1,0,B04-clone2,B04,chrVI,193144,T,C,136,Syn
clone3,HT,LK5-H12,YHR097C,1,0,H12-clone3,H12,chrVIII,297569,T,C,264,Asparagine-->Serine
clone1,HT,LK5-H12,YHR217C,0.808988764,0,H12-clone1,H12,chrVIII,556977,T,-1:G,22,FS
clone4,HT,LK5-F08,YJR027W,1,0,F08-clone4,F08,chrX,477767,G,T,1235,Syn
clone4,HT,LK6-A03,YLR072W,1,0,A03-clone4,A03,chrXII,280447,G,A,529,Cysteine-->Tyrosine
clone3,HT,LK2-A11,YLR072W,0.555555556,0,A11-clone3,A11,chrXII,278865,T,-1:G,2,FS
clone3,HT,LK2-C05,YLR072W,1,0,C05-clone3,C05,chrXII,279273,C,T,138,Syn
clone4,HT,LK2-D07,YLR278C,0.9,0,D07-clone4,D07,chrXII,703958,C,T,23,Alanine-->Threonine
clone3,HT,LK5-H07,YMR085W,0.933333333,0,H07-clone3,H07,chrXIII,438059,T,C,190,Isoleucine-->Threonine
clone4,HT,LK6-A07,YND1,1,0,A07-clone4,A07,chrV,161986,C,A,479,Phenylalanine-->Leucine
clone2,HT,LK5-G03,YNL144C,1,0,G03-clone2,G03,chrXIV,354434,G,T,203,Serine-->Isoleucine
clone2,HT,LK5-G03,YNL144C,1,0,G03-clone2,G03,chrXIV,354435,C,A,203,Serine-->Isoleucine
clone1,HT,LK2-D05,YNL193W,0.565217391,0,D05-clone1,D05,chrXIV,274745,C,T,126,Syn
clone1,HT,LK5-G01,YOL166C,1,0,G01-clone1,G01,chrXV,1245,A,G,32,Serine-->Proline
clone1,HT,LK5-G01,YOL166C,1,0,G01-clone1,G01,chrXV,1253,T,C,29,Asparticacid-->Glycine
clone3,HT,LK2-D05,YOR093C,1,0,D05-clone3,D05,chrXV,499654,T,G,933,Leucine-->Phenylalanine
clone2,HT,LK6-A05,YOR333C,0.936170213,0,A05-clone2,A05,chrXV,944715,C,T,81,Syn
clone1,HT,LK2-E08,YPK9,0.636363636,0,E08-clone1,E08,chrXV,863276,C,G,701,Serine-->Stop
clone2,HT,LK2-E08,YPK9,1,0,E08-clone2,E08,chrXV,865322,C,+1:A,1383,FS
clone3,HT,LK5-G09,ZPS1,0.545454545,0,G09-clone3,G09,chrXV,34687,C,A,10,Syn
clone1,HT,LK6-A07,ZRC1,1,0,A07-clone1,A07,chrXIII,755249,C,T,306,Syn
clone2,HT,LK5-H02,ZRT2,0.902439024,0,H02-clone2,H02,chrXII,403813,C,T,84,Alanine-->Threonine
