gene,Standard name,Chr,Position,Reference,Alternate,AA_change,#mutations,Class,selective_pressure,Ploidy,population,frequency,Found in clone?,Background,Reference_1,Snpeff,Detrimental,Beneficial
YJL101C,GSH1,chrX,235232,G,C,F375L,4,Non-synonymous,glucose,diploid,G3,0.21,Y,FY,This study,Moderate,av-2mic-S,NA
YJL101C,GSH1,chrX,235579,A,G,F260L,4,Non-synonymous,glucose,diploid,G3,0.58,N,FY,This study,Moderate,av-2mic-S,NA
YOR384W,FRE5,chrXV,1062138,C,A,T192K,2,Non-synonymous,glucose,diploid,G3,0.53,Y,FY,This study,Moderate,ave-2mic-P,NA
YJL101C,GSH1,chrX,235794,T,A,D188V,4,Non-synonymous,glucose,diploid,G4,0.95,Y,FY,This study,Moderate,av-2mic-S,NA
YOR384W,FRE5,chrXV,1062138,C,A,T192K,2,Non-synonymous,glucose,diploid,G4,0.53,Y,FY,This study,Moderate,ave-2mic-P,NA
YBR003W,COQ1,chrII,243763,A,T,K319*,1,STOP_GAINED,glucose,diploid,G7,0.53,Y,CENPK,This study,High,av-CEN-G,NA
YKR086W,PRP16,chrXI,601791,G,T,L645F,1,Non-synonymous,glucose,diploid,G7,0.46,Y,CENPK,This study,Moderate,av-2mic-S,NA
YOR152C,NA,chrXV,617622,A,C,S223A,1,Non-synonymous,glucose,diploid,G8,0.52,Y,CENPK,This study,Moderate,NA,av-CEN-G
YPL256C,CLN2,chrXVI,65476,G,T,S380*,1,STOP_GAINED,glucose,diploid,G8,0.5,Y,CENPK,This study,High,av-2mic-G,av-CEN-G
YDR156W,RPA14,chrIV,769328,G,A,NA,1,5'-upstream,phosphate,diploid,P3,0.54,Y,FY,This study,Modifier,NA,NA
YGR271W,SLH1,chrVII,1032267,C,A,I159I,2,Synonymous,phosphate,diploid,P3,0.46,Y,FY,This study,Low,NA,NA
YML123C,PHO84,chrXIII,25025,A,G,L259P,5,Non-synonymous,phosphate,diploid,P3,0.87,Y,FY,This study,Moderate,ave-CEN-P,NA
YNL036W,NCE103,chrXIV,560081,A,G,T90A,2,Non-synonymous,phosphate,diploid,P3,0.52,N,FY,This study,Moderate,NA,NA
YPR055W,SEC8,chrXVI,667520,T,G,NA,1,5'-upstream,phosphate,diploid,P3,0.5,Y,FY,This study,Modifier,NA,NA
YAL063C,FLO9,chrI,24622,G,A,T1116I,1,Non-synonymous,phosphate,diploid,P4,0.33,N,FY,This study,Moderate,NA,NA
YNL036W,NCE103,chrXIV,560081,A,G,T90A,2,Non-synonymous,phosphate,diploid,P4,0.63,N,FY,This study,Moderate,NA,NA
YDR057W,YOS9,chrIV,566605,T,C,C227R,1,Non-synonymous,phosphate,diploid,P7,0.25,N,CENPK,This study,Moderate,NA,NA
YDR351W,SBE3,chrIV,1180831,A,G,G722G,3,Synonymous,phosphate,diploid,P8,0.46,Y,CENPK,This study,Low,NA,NA
YDR351W,SBE3,chrIV,1180833,T,G,I723S,3,Non-synonymous,phosphate,diploid,P8,0.47,Y,CENPK,This study,Moderate,NA,NA
YGR233C,PHO81,chrVII,957878,C,A,K111N,1,Non-synonymous,phosphate,diploid,P8,0.33,N,CENPK,This study,Moderate,NA,NA
YHR154W,RTT107,chrVIII,405576,A,T,T871S,2,Non-synonymous,phosphate,diploid,P8,0.4,N,CENPK,This study,Moderate,NA,NA
YLR303W,MET17,chrXII,732738,T,G,V66G,3,Non-synonymous,phosphate,diploid,P8,0.71,N,CENPK,This study,Moderate,NA,NA
YLR303W,MET17,chrXII,733032,C,T,P164L,3,Non-synonymous,phosphate,diploid,P8,0.28,N,CENPK,This study,Moderate,NA,NA
YML123C,PHO84,chrXIII,25025,A,G,L259P,5,Non-synonymous,phosphate,diploid,P8,0.88,Y,CENPK,This study,Moderate,ave-CEN-P,NA
YMR203W,TOM40,chrXIII,668379,G,T,NA,1,5'-upstream,phosphate,diploid,P8,0.42,Y,CENPK,This study,Modifier,NA,NA
YNL266W,NA,chrXIV,144232,G,T,NA,1,5'-upstream,phosphate,diploid,P8,0.5,N,CENPK,This study,Modifier,NA,NA
YNL077W,APJ1,chrXIV,482180,C,T,Q264*,2,STOP_GAINED,sulfate,diploid,S3c1,0,Y,FY,This study,High,av-MM1N-G,NA
YJL034W,KAR2,chrX,383182,T,G,V619G,1,Non-synonymous,phosphate,diploid,S7,0.61,Y,CENPK,This study,Moderate,NA,NA
YLL005C,SPO75,chrXII,139735,T,A,K271I,1,Non-synonymous,sulfate,diploid,S7,0.33,N,CENPK,This study,Moderate,NA,NA
YNL123W,NMA111,chrXIV,395006,G,T,V108F,1,Non-synonymous,sulfate,diploid,S7c1c2,0.18,Y,CENPK,This study,Moderate,av-CEN-G,av-CEN-S
