Population,Gene,Details,1,14,20
CTRD-TC,rihB ? ,A78V (GCC?GTC)  ,,,
CTRD-TC,gyrA ? ,D87G (GAC?GGC) ‡ ,0.64,0.57,0.35
CTRD-TC,gyrA ? ,D87H (GAC?CAC) ‡ ,0.32,0.27,0.42
CTRD-TC,gyrA ? ,S83L (TCG?TTG)  ,,,
CTRD-TC,DR76_199 ? ,P37L (CCG?CTG)  ,,,
CTRD-TC,DR76_230 ? / ? purF ,intergenic,,,
CTRD-TC,DR76_238 ? ,A25A (GCT?GCC)  ,,,
CTRD-TC,DR76_286 ? / ? DR76_287 ,intergenic,,,0.09
CTRD-TC,DR76_314 ? ,V143V (GTC?GTT)  ,,,
CTRD-TC,crr ? ,V159E (GTG?GAG)  ,,,
CTRD-TC,eutG ? ,K328* (AAA?TAA)  ,,,
CTRD-TC,arsC ? ,E95K (GAA?AAA)  ,,,
CTRD-TC,ptsP ? ,A2T (GCC?ACC)  ,,,
CTRD-TC,rfaH ? ,T72P (ACC?CCC)  ,,,0.05
CTRD-TC,DR76_621 ? ,T128M (ACG?ATG)  ,,,
CTRD-TC,corA ? ,A51T (GCA?ACA)  ,,,
CTRD-TC,DR76_670 ? ,G14W (GGG?TGG)  ,,,
CTRD-TC,gyrB ? ,M461T (ATG?ACG)  ,,,
CTRD-TC,lldD ? ,I207T (ATC?ACC)  ,,,
CTRD-TC,DR76_938 ? / ? DR76_939 ,intergenic,,0.06,
CTRD-TC,DR76_948 ? ,V468I (GTC?ATC)  ,,,
CTRD-TC,yhjK ? ,coding (1122/1950 nt) ,,,
CTRD-TC,yhjK ? ,coding (1123/1950 nt) ,,,
CTRD-TC,yhjH ? ,coding (734/768 nt) ,,,
CTRD-TC,yhjH ? ,coding (735/768 nt) ,,,
CTRD-TC,mdtE ? ,A189T (GCA?ACA)  ,,,
CTRD-TC,livF ? ,G104S (GGC?AGC)  ,,,
CTRD-TC,livF ? / ? DR76_1042 ,intergenic,,,
CTRD-TC,malT ? ,C319Y (TGC?TAC)  ,,,
CTRD-TC,malT ? ,coding (727?732/2706 nt) ,,,
CTRD-TC,malT ? ,coding (731/2706 nt) ,,,
CTRD-TC,malT ? ,coding (730/2706 nt) ,,,
CTRD-TC,malT ? ,coding (729/2706 nt) ,,,
CTRD-TC,malT ? ,coding (728/2706 nt) ,,,
CTRD-TC,malT ? ,coding (726/2706 nt) ,,,
CTRD-TC,malT ? ,A221P (GCA?CCA)  ,,0.32,0.29
CTRD-TC,malT ? ,S63L (TCG?TTG)  ,,,
CTRD-TC,malQ ? ,G499D (GGT?GAT)  ,,,
CTRD-TC,DR76_1162 ? ,G879D (GGC?GAC)  ,,,
CTRD-TC,gspJ ? ,L65P (CTG?CCG)  ,,,
CTRD-TC,gspF ? ,R42R (CGC?CGT)  ,,,
CTRD-TC,trkA ? ,coding (769/1377 nt) ,,,
CTRD-TC,trkA ? ,coding (768/1377 nt) ,,,
CTRD-TC,ptsO ? ,V49I (GTT?ATT)  ,,,
CTRD-TC,nlpI ? ,N83N (AAC?AAT)  ,,,
CTRD-TC,DR76_1360 ? ,W264* (TGG?TGA)  ,,,
CTRD-TC,DR76_1398 ? / ? alx ,intergenic,,0.29,0.07
CTRD-TC,DR76_1409 ? ,D43N (GAC?AAC)  ,,,
CTRD-TC,ygjG ? ,Y23H (TAT?CAT)  ,,,
CTRD-TC,parE ? ,A422S (GCA?TCA)  ,,,
CTRD-TC,parE ? ,A426V (GCC?GTC)  ,,,
CTRD-TC,parE ? ,R432S (CGC?AGC)  ,,,
CTRD-TC,parE ? ,coding (1373/1893 nt) ,,,
CTRD-TC,parE ? ,E460V (GAA?GTA)  ,,,
CTRD-TC,parE ? ,A489P (GCG?CCG)  ,,,
CTRD-TC,DR76_1460 ? ,R352R (CGT?CGC)  ,,,
CTRD-TC,parC ? ,A30V (GCG?GTG)  ,,,
CTRD-TC,parC ? ,G78D (GGC?GAC)  ,,,
CTRD-TC,yqhD ? / ? DR76_1491 ,intergenic,,,
CTRD-TC,DR76_1499 ? ,A70T (GCA?ACA)  ,,,
CTRD-TC,DR76_1541 ? ,coding (3151/3801 nt) ,,,
CTRD-TC,DR76_1615 ? ,V128A (GTC?GCC)  ,,,
CTRD-TC,papK ? ,T91A (ACG?GCG)  ,,,
CTRD-TC,DR76_1679 ? ,G175G (GGT?GGC)  ,,,
CTRD-TC,gcvP ? ,V619V (GTG?GTT)  ,,,
CTRD-TC,lplT ? ,G29G (GGC?GGT)  ,,,
CTRD-TC,mutH ? ,E148* (GAA?TAA)  ,,,
CTRD-TC,mutH ? ,W108R (TGG?AGG)  ,,,
CTRD-TC,lgt ? ,P194S (CCG?TCG)  ,,,
CTRD-TC,DR76_1861 ? ,A13V (GCC?GTC)  ,,,
CTRD-TC,ygbN ? ,A406E (GCG?GAG)  ,,,
CTRD-TC,mutS ? ,F36C (TTT?TGT)  ,,,
CTRD-TC,ypjD ? ,coding (159/792 nt) ,,,
CTRD-TC,DR76_2014 ? ,noncoding (9/76 nt) ,0.3,,
CTRD-TC,DR76_2014 ? ,noncoding (49/76 nt) ,0.25,,
CTRD-TC,DR76_2014 ? ,noncoding (64/76 nt) ,0.28,,0.09
CTRD-TC,DR76_2014 ? ,noncoding (65/76 nt) ,0.27,,0.09
CTRD-TC,thiH ? ,R263C (CGT?TGT)  ,,,
CTRD-TC,nfi ? ,R81H (CGC?CAC)  ,,,
CTRD-TC,metA ? ,coding (750/930 nt) ,,,
CTRD-TC,gltP ? ,L18L (CTG?CTA)  ,,,
CTRD-TC,alsB ? ,V246A (GTC?GCC)  ,,,
CTRD-TC,cadA ? ,I113I (ATT?ATC)  ,,,
CTRD-TC,DR76_2232 ? / ? DR76_2233 ,intergenic,,,
CTRD-TC,miaA ? ,coding (572?587/951 nt) ,,,
CTRD-TC,DR76_2260 ? ,P217S (CCA?TCA)  ,,,
CTRD-TC,DR76_2296 ? ,T677A (ACG?GCG)  ,,,
CTRD-TC,treC ? ,S253P (TCC?CCC)  ,,,
CTRD-TC,treB ? / ? treR ,intergenic,,,
CTRD-TC,treR ? ,coding (718/948 nt) ,,,
CTRD-TC,treR ? ,coding (427/948 nt) ,,,
CTRD-TC,treR ? ,L111F (TTG?TTT)  ,,,
CTRD-TC,treR ? ,E109K (GAA?AAA)  ,,,
CTRD-TC,treR ? ,coding (99?104/948 nt) ,,0.18,0.16
CTRD-TC,treR ? ,V31M (GTG?ATG)  ,,,
CTRD-TC,treR ? ,V24M (GTG?ATG)  ,,,
CTRD-TC,DR76_2323 ? ,V144V (GTA?GTG)  ,,,
CTRD-TC,holC ? ,A107T (GCC?ACC)  ,,,
CTRD-TC,DR76_2342 ? ,W105* (TGG?TGA)  ,,,
CTRD-TC,DR76_2370 ? ,E90E (GAA?GAG)  ,,,
CTRD-TC,DR76_2409 ? ,V89A (GTA?GCA)  ,,,
CTRD-TC,DR76_2449 ? ,coding (100/1281 nt) ,,,
CTRD-TC,tal ? ,R165C (CGT?TGT)  ,,,
CTRD-TC,nhaA ? / ? nhaR ,intergenic,,,
CTRD-TC,ispH ? ,R111C (CGT?TGT)  ,,,
CTRD-TC,DR76_2546 ? ,F120F (TTT?TTC)  ,,,
CTRD-TC,DR76_2619 ? ,coding (812/1386 nt) ,,,
CTRD-TC,DR76_2620 ? / ? nadC ,intergenic,,,
CTRD-TC,frr ? ,V78V (GTT?GTC)  ,,,
CTRD-TC,DR76_2785 ? / ? DR76_2786 ,intergenic,,,
CTRD-TC,DR76_2805 ? ,P396L (CCG?CTG)  ,,,
CTRD-TC,DR76_2805 ? ,G521G (GGC?GGG)  ,,,
CTRD-TC,DR76_2887 ? ,G128D (GGT?GAT)  ,,,
CTRD-TC,DR76_2914 ? ,G139S (GGT?AGT)  ,,,
CTRD-TC,DR76_2922 ? / ? fliA ,intergenic,,,
CTRD-TC,DR76_2922 ? / ? fliA ,intergenic,,,
CTRD-TC,flhA ? ,coding (1954/2079 nt) ,,,
CTRD-TC,pheS ? ,R152R (CGC?CGT)  ,,,
CTRD-TC,ydhC ? ,D198E (GAC?GAA)  ,,,
CTRD-TC,sodB ? ,G132D (GGC?GAC)  ,,,
CTRD-TC,DR76_3192 ? ,L244P (CTA?CCA)  ,,,
CTRD-TC,slyA ? ,coding (333/435 nt) ,,,
CTRD-TC,pntB ? ,A451T (GCC?ACC)  ,,,
CTRD-TC,DR76_3362 ? ,P343S (CCA?TCA)  ,,,
CTRD-TC,yddG ? ,I149T (ATC?ACC)  ,,,
CTRD-TC,DR76_3396 ? / ? DR76_3397 ,intergenic,,,
CTRD-TC,DR76_3439 ? ,S1972S (AGC?AGT)  ,,,
CTRD-TC,mppA ? ,L98Q (CTG?CAG)  ,,,
CTRD-TC,tyrR ? ,P142P (CCG?CCA)  ,,0.06,
CTRD-TC,DR76_3479 ? ,G738W (GGG?TGG)  ,,,
CTRD-TC,DR76_3575 ? ,S162F (TCC?TTC)  ,,,
CTRD-TC,prmC ? ,G33S (GGC?AGC)  ,,,
CTRD-TC,DR76_3672 ? ,P350P (CCC?CCT)  ,,,
CTRD-TC,DR76_3675 ? ,C18C (TGT?TGC)  ,0.57,0.47,0.47
CTRD-TC,DR76_3685 ? ,C85C (TGT?TGC)  ,,,
CTRD-TC,DR76_3719 ? ,A154A (GCG?GCA)  ,,,
CTRD-TC,DR76_3752 ? ,A354V (GCG?GTG)  ,,,
CTRD-TC,DR76_3761 ? / ? DR76_3762 ,intergenic,,,
CTRD-TC,ndh ? ,G325S (GGC?AGC)  ,,,
CTRD-TC,holB ? ,C159Y (TGT?TAT)  ,,,
CTRD-TC,DR76_3838 ? ,D146G (GAC?GGC)  ,,,
CTRD-TC,DR76_3843 ? ,coding (47/1098 nt) ,,,
CTRD-TC,DR76_3954 ? ,T190T (ACG?ACT)  ,,,
CTRD-TC,DR76_3962 ? ,R44Q (CGG?CAG)  ,,,
CTRD-TC,DR76_3970 ? ,D347D (GAC?GAT)  ,,,
CTRD-TC,DR76_3983 ? ,L522L (CTG?CTA)  ,,,
CTRD-TC,putA ? ,C944C (TGC?TGT)  ,,,
CTRD-TC,ssuB ? / ? pepN ,intergenic,,,
CTRD-TC,ssuB ? / ? pepN ,intergenic,,,
CTRD-TC,ssuB ? / ? pepN ,intergenic,,,
CTRD-TC,ssuB ? / ? pepN ,intergenic,,,
CTRD-TC,ompF ? ,coding (34/1089 nt) ,,,
CTRD-TC,ompF ? ,coding (357?367/1089 nt) ,,,0.1
CTRD-TC,ompF ? ,coding (362/1089 nt) ,,,?
CTRD-TC,rpsA ? ,E301A (GAA?GCA)  ,,,0.12
CTRD-TC,focA ? ,G265G (GGC?GGT)  ,,,
CTRD-TC,DR76_4142 ? ,R430R (CGT?CGC)  ,,,
CTRD-TC,moeB ? ,R240C (CGT?TGT)  ,,,
CTRD-TC,galM ? ,A66T (GCC?ACC)  ,,,
CTRD-TC,cydA ? ,A16V (GCG?GTG)  ,,,
CTRD-TC,cydA ? ,Q11R (CAG?CGG)  ,,,
CTRD-TC,kdpB ? ,L610P (CTG?CCG)  ,,,
CTRD-TC,DR76_4317 ? ,N284D (AAC?GAC)  ,,,
CTRD-TC,DR76_4390 ? / ? DR76_4391 ,intergenic,,,
CTRD-TC,DR76_4460 ? ,A340S (GCG?TCG)  ,,,
CTRD-TC,DR76_4473 ? ,V18I (GTT?ATT)  ,,,
CTRD-TC,DR76_4473 ? ,E384K (GAA?AAA)  ,,,
CTRD-TC,acrR ? ,coding (296/648 nt) ,,,
CTRD-TC,tgt ? ,G296D (GGC?GAC)  ,,,
CTRD-TC,DR76_4643 ? ,L962P (CTG?CCG)  ,,,
CTRD-TC,DR76_4658 ? ,L178P (CTA?CCA)  ,,,
CTRD-TC,DR76_4694 ? / ? pic ,intergenic,0.09,0.33,0.24
CTRD-TC,DR76_4694 ? / ? pic ,intergenic,0.09,0.34,0.27
CTRD-TC,DR76_4694 ? / ? pic ,intergenic,0.09,0.34,0.26
CTRD-TC,DR76_4694 ? / ? pic ,intergenic,0.09,0.36,0.27
CTRD-TC,DR76_4694 ? / ? pic ,intergenic,0.09,0.36,0.27
CTRD-TC,DR76_4694 ? / ? pic ,intergenic,0.09,0.35,0.27
CTRD-TC,DR76_4703 ? / ? DR76_4706 ,intergenic,,,
CTRD-TC,galF ? ,R185C (CGC?TGC)  ,,,
CTRD-TC,wzxC ? ,E318G (GAG?GGG)  ,,,
CTRD-TC,DR76_4821 ? ,coding (4/3123 nt) ,,,
CTRD-RC,rihB ? ,A78V (GCC?GTC)  ,,,0.12
CTRD-RC,gyrA ? ,D87G (GAC?GGC) ‡ ,0.67,0.47,0.51
CTRD-RC,gyrA ? ,D87H (GAC?CAC) ‡ ,0.3,0.33,0.31
CTRD-RC,gyrA ? ,S83L (TCG?TTG)  ,,,
CTRD-RC,DR76_199 ? ,P37L (CCG?CTG)  ,,,
CTRD-RC,DR76_230 ? / ? purF ,intergenic,,,
CTRD-RC,DR76_238 ? ,A25A (GCT?GCC)  ,,,
CTRD-RC,DR76_286 ? / ? DR76_287 ,intergenic,,,
CTRD-RC,DR76_314 ? ,V143V (GTC?GTT)  ,,,
CTRD-RC,crr ? ,V159E (GTG?GAG)  ,,,
CTRD-RC,eutG ? ,K328* (AAA?TAA)  ,,,
CTRD-RC,arsC ? ,E95K (GAA?AAA)  ,,,
CTRD-RC,ptsP ? ,A2T (GCC?ACC)  ,,,
CTRD-RC,rfaH ? ,T72P (ACC?CCC)  ,,,
CTRD-RC,DR76_621 ? ,T128M (ACG?ATG)  ,,,
CTRD-RC,corA ? ,A51T (GCA?ACA)  ,,,0.08
CTRD-RC,DR76_670 ? ,G14W (GGG?TGG)  ,,,
CTRD-RC,gyrB ? ,M461T (ATG?ACG)  ,,0.08,
CTRD-RC,lldD ? ,I207T (ATC?ACC)  ,,,
CTRD-RC,DR76_938 ? / ? DR76_939 ,intergenic,,,
CTRD-RC,DR76_948 ? ,V468I (GTC?ATC)  ,,,
CTRD-RC,yhjK ? ,coding (1122/1950 nt) ,,,
CTRD-RC,yhjK ? ,coding (1123/1950 nt) ,,,
CTRD-RC,yhjH ? ,coding (734/768 nt) ,,,
CTRD-RC,yhjH ? ,coding (735/768 nt) ,,,
CTRD-RC,mdtE ? ,A189T (GCA?ACA)  ,,,0.09
CTRD-RC,livF ? ,G104S (GGC?AGC)  ,,,
CTRD-RC,livF ? / ? DR76_1042 ,intergenic,,,
CTRD-RC,malT ? ,C319Y (TGC?TAC)  ,,,
CTRD-RC,malT ? ,coding (727?732/2706 nt) ,,,
CTRD-RC,malT ? ,coding (731/2706 nt) ,,,
CTRD-RC,malT ? ,coding (730/2706 nt) ,,,
CTRD-RC,malT ? ,coding (729/2706 nt) ,,,
CTRD-RC,malT ? ,coding (728/2706 nt) ,,,
CTRD-RC,malT ? ,coding (726/2706 nt) ,,,
CTRD-RC,malT ? ,A221P (GCA?CCA)  ,,0.32,0.43
CTRD-RC,malT ? ,S63L (TCG?TTG)  ,,,
CTRD-RC,malQ ? ,G499D (GGT?GAT)  ,,,
CTRD-RC,DR76_1162 ? ,G879D (GGC?GAC)  ,,,0.1
CTRD-RC,gspJ ? ,L65P (CTG?CCG)  ,,,
CTRD-RC,gspF ? ,R42R (CGC?CGT)  ,,,
CTRD-RC,trkA ? ,coding (769/1377 nt) ,,,0.12
CTRD-RC,trkA ? ,coding (768/1377 nt) ,,,0.12
CTRD-RC,ptsO ? ,V49I (GTT?ATT)  ,,,
CTRD-RC,nlpI ? ,N83N (AAC?AAT)  ,,,
CTRD-RC,DR76_1360 ? ,W264* (TGG?TGA)  ,,,
CTRD-RC,DR76_1398 ? / ? alx ,intergenic,,0.24,0.17
CTRD-RC,DR76_1409 ? ,D43N (GAC?AAC)  ,,,
CTRD-RC,ygjG ? ,Y23H (TAT?CAT)  ,,,
CTRD-RC,parE ? ,A422S (GCA?TCA)  ,,,
CTRD-RC,parE ? ,A426V (GCC?GTC)  ,,,
CTRD-RC,parE ? ,R432S (CGC?AGC)  ,,,
CTRD-RC,parE ? ,coding (1373/1893 nt) ,,,
CTRD-RC,parE ? ,E460V (GAA?GTA)  ,,,
CTRD-RC,parE ? ,A489P (GCG?CCG)  ,,,
CTRD-RC,DR76_1460 ? ,R352R (CGT?CGC)  ,,,
CTRD-RC,parC ? ,A30V (GCG?GTG)  ,,,
CTRD-RC,parC ? ,G78D (GGC?GAC)  ,,,
CTRD-RC,yqhD ? / ? DR76_1491 ,intergenic,,,0.09
CTRD-RC,DR76_1499 ? ,A70T (GCA?ACA)  ,,,
CTRD-RC,DR76_1541 ? ,coding (3151/3801 nt) ,,,
CTRD-RC,DR76_1615 ? ,V128A (GTC?GCC)  ,,,
CTRD-RC,papK ? ,T91A (ACG?GCG)  ,,,
CTRD-RC,DR76_1679 ? ,G175G (GGT?GGC)  ,,,
CTRD-RC,gcvP ? ,V619V (GTG?GTT)  ,,,0.12
CTRD-RC,lplT ? ,G29G (GGC?GGT)  ,,,
CTRD-RC,mutH ? ,E148* (GAA?TAA)  ,,,
CTRD-RC,mutH ? ,W108R (TGG?AGG)  ,,,
CTRD-RC,lgt ? ,P194S (CCG?TCG)  ,,,
CTRD-RC,DR76_1861 ? ,A13V (GCC?GTC)  ,,,
CTRD-RC,ygbN ? ,A406E (GCG?GAG)  ,,,0.07
CTRD-RC,mutS ? ,F36C (TTT?TGT)  ,,,
CTRD-RC,ypjD ? ,coding (159/792 nt) ,,,
CTRD-RC,DR76_2014 ? ,noncoding (9/76 nt) ,,0.32,0.26
CTRD-RC,DR76_2014 ? ,noncoding (49/76 nt) ,,0.31,0.39
CTRD-RC,DR76_2014 ? ,noncoding (64/76 nt) ,0.13,0.3,0.41
CTRD-RC,DR76_2014 ? ,noncoding (65/76 nt) ,0.12,0.3,0.42
CTRD-RC,thiH ? ,R263C (CGT?TGT)  ,,,0.07
CTRD-RC,nfi ? ,R81H (CGC?CAC)  ,,,
CTRD-RC,metA ? ,coding (750/930 nt) ,,,
CTRD-RC,gltP ? ,L18L (CTG?CTA)  ,,,
CTRD-RC,alsB ? ,V246A (GTC?GCC)  ,,,
CTRD-RC,cadA ? ,I113I (ATT?ATC)  ,,,0.06
CTRD-RC,DR76_2232 ? / ? DR76_2233 ,intergenic,,,
CTRD-RC,miaA ? ,coding (572?587/951 nt) ,,,
CTRD-RC,DR76_2260 ? ,P217S (CCA?TCA)  ,,,
CTRD-RC,DR76_2296 ? ,T677A (ACG?GCG)  ,,,
CTRD-RC,treC ? ,S253P (TCC?CCC)  ,,,
CTRD-RC,treB ? / ? treR ,intergenic,,,
CTRD-RC,treR ? ,coding (718/948 nt) ,,,
CTRD-RC,treR ? ,coding (427/948 nt) ,,,
CTRD-RC,treR ? ,L111F (TTG?TTT)  ,,,
CTRD-RC,treR ? ,E109K (GAA?AAA)  ,,,
CTRD-RC,treR ? ,coding (99?104/948 nt) ,,0.29,0.21
CTRD-RC,treR ? ,V31M (GTG?ATG)  ,,,0.13
CTRD-RC,treR ? ,V24M (GTG?ATG)  ,,,
CTRD-RC,DR76_2323 ? ,V144V (GTA?GTG)  ,,,
CTRD-RC,holC ? ,A107T (GCC?ACC)  ,,,
CTRD-RC,DR76_2342 ? ,W105* (TGG?TGA)  ,,,
CTRD-RC,DR76_2370 ? ,E90E (GAA?GAG)  ,,,
CTRD-RC,DR76_2409 ? ,V89A (GTA?GCA)  ,,,
CTRD-RC,DR76_2449 ? ,coding (100/1281 nt) ,,,
CTRD-RC,tal ? ,R165C (CGT?TGT)  ,,,
CTRD-RC,nhaA ? / ? nhaR ,intergenic,,,
CTRD-RC,ispH ? ,R111C (CGT?TGT)  ,,,
CTRD-RC,DR76_2546 ? ,F120F (TTT?TTC)  ,,,
CTRD-RC,DR76_2619 ? ,coding (812/1386 nt) ,0.09,,
CTRD-RC,DR76_2620 ? / ? nadC ,intergenic,,,
CTRD-RC,frr ? ,V78V (GTT?GTC)  ,,,0.08
CTRD-RC,DR76_2785 ? / ? DR76_2786 ,intergenic,,,
CTRD-RC,DR76_2805 ? ,P396L (CCG?CTG)  ,,,
CTRD-RC,DR76_2805 ? ,G521G (GGC?GGG)  ,,,
CTRD-RC,DR76_2887 ? ,G128D (GGT?GAT)  ,,,
CTRD-RC,DR76_2914 ? ,G139S (GGT?AGT)  ,,,
CTRD-RC,DR76_2922 ? / ? fliA ,intergenic,,,
CTRD-RC,DR76_2922 ? / ? fliA ,intergenic,,,
CTRD-RC,flhA ? ,coding (1954/2079 nt) ,,,
CTRD-RC,pheS ? ,R152R (CGC?CGT)  ,,,
CTRD-RC,ydhC ? ,D198E (GAC?GAA)  ,,,
CTRD-RC,sodB ? ,G132D (GGC?GAC)  ,,,
CTRD-RC,DR76_3192 ? ,L244P (CTA?CCA)  ,,,
CTRD-RC,slyA ? ,coding (333/435 nt) ,,,
CTRD-RC,pntB ? ,A451T (GCC?ACC)  ,,,
CTRD-RC,DR76_3362 ? ,P343S (CCA?TCA)  ,,,
CTRD-RC,yddG ? ,I149T (ATC?ACC)  ,,,
CTRD-RC,DR76_3396 ? / ? DR76_3397 ,intergenic,,,
CTRD-RC,DR76_3439 ? ,S1972S (AGC?AGT)  ,,,
CTRD-RC,mppA ? ,L98Q (CTG?CAG)  ,,,
CTRD-RC,tyrR ? ,P142P (CCG?CCA)  ,,,
CTRD-RC,DR76_3479 ? ,G738W (GGG?TGG)  ,,,
CTRD-RC,DR76_3575 ? ,S162F (TCC?TTC)  ,,,
CTRD-RC,prmC ? ,G33S (GGC?AGC)  ,,,
CTRD-RC,DR76_3672 ? ,P350P (CCC?CCT)  ,,,
CTRD-RC,DR76_3675 ? ,C18C (TGT?TGC)  ,0.46,0.5,0.47
CTRD-RC,DR76_3685 ? ,C85C (TGT?TGC)  ,,,
CTRD-RC,DR76_3719 ? ,A154A (GCG?GCA)  ,,,
CTRD-RC,DR76_3752 ? ,A354V (GCG?GTG)  ,,,
CTRD-RC,DR76_3761 ? / ? DR76_3762 ,intergenic,,,0.08
CTRD-RC,ndh ? ,G325S (GGC?AGC)  ,,,
CTRD-RC,holB ? ,C159Y (TGT?TAT)  ,,,
CTRD-RC,DR76_3838 ? ,D146G (GAC?GGC)  ,,,
CTRD-RC,DR76_3843 ? ,coding (47/1098 nt) ,,,
CTRD-RC,DR76_3954 ? ,T190T (ACG?ACT)  ,0.06,,
CTRD-RC,DR76_3962 ? ,R44Q (CGG?CAG)  ,,,
CTRD-RC,DR76_3970 ? ,D347D (GAC?GAT)  ,,,
CTRD-RC,DR76_3983 ? ,L522L (CTG?CTA)  ,,,
CTRD-RC,putA ? ,C944C (TGC?TGT)  ,,,
CTRD-RC,ssuB ? / ? pepN ,intergenic,0.08,,
CTRD-RC,ssuB ? / ? pepN ,intergenic,0.08,,
CTRD-RC,ssuB ? / ? pepN ,intergenic,0.08,,
CTRD-RC,ssuB ? / ? pepN ,intergenic,0.07,,
CTRD-RC,ompF ? ,coding (34/1089 nt) ,,,
CTRD-RC,ompF ? ,coding (357?367/1089 nt) ,,0.08,
CTRD-RC,ompF ? ,coding (362/1089 nt) ,,?,
CTRD-RC,rpsA ? ,E301A (GAA?GCA)  ,,,
CTRD-RC,focA ? ,G265G (GGC?GGT)  ,,,
CTRD-RC,DR76_4142 ? ,R430R (CGT?CGC)  ,,,
CTRD-RC,moeB ? ,R240C (CGT?TGT)  ,,,
CTRD-RC,galM ? ,A66T (GCC?ACC)  ,,,
CTRD-RC,cydA ? ,A16V (GCG?GTG)  ,,,
CTRD-RC,cydA ? ,Q11R (CAG?CGG)  ,,,
CTRD-RC,kdpB ? ,L610P (CTG?CCG)  ,,0.06,
CTRD-RC,DR76_4317 ? ,N284D (AAC?GAC)  ,,0.07,
CTRD-RC,DR76_4390 ? / ? DR76_4391 ,intergenic,,,
CTRD-RC,DR76_4460 ? ,A340S (GCG?TCG)  ,,0.06,
CTRD-RC,DR76_4473 ? ,V18I (GTT?ATT)  ,,,
CTRD-RC,DR76_4473 ? ,E384K (GAA?AAA)  ,,,
CTRD-RC,acrR ? ,coding (296/648 nt) ,,,
CTRD-RC,tgt ? ,G296D (GGC?GAC)  ,,,
CTRD-RC,DR76_4643 ? ,L962P (CTG?CCG)  ,,,
CTRD-RC,DR76_4658 ? ,L178P (CTA?CCA)  ,,,
CTRD-RC,DR76_4694 ? / ? pic ,intergenic,,0.06,
CTRD-RC,DR76_4694 ? / ? pic ,intergenic,,0.06,
CTRD-RC,DR76_4694 ? / ? pic ,intergenic,,0.06,
CTRD-RC,DR76_4694 ? / ? pic ,intergenic,,0.07,
CTRD-RC,DR76_4694 ? / ? pic ,intergenic,,0.06,
CTRD-RC,DR76_4694 ? / ? pic ,intergenic,,0.06,
CTRD-RC,DR76_4703 ? / ? DR76_4706 ,intergenic,,,
CTRD-RC,galF ? ,R185C (CGC?TGC)  ,,,
CTRD-RC,wzxC ? ,E318G (GAG?GGG)  ,,,
CTRD-RC,DR76_4821 ? ,coding (4/3123 nt) ,0.07,,
ITCD-TC ,rihB ? ,A78V (GCC?GTC)  ,,,
ITCD-TC ,gyrA ? ,D87G (GAC?GGC) ‡ ,,,
ITCD-TC ,gyrA ? ,D87H (GAC?CAC) ‡ ,,,
ITCD-TC ,gyrA ? ,S83L (TCG?TTG)  ,,,
ITCD-TC ,DR76_199 ? ,P37L (CCG?CTG)  ,,,0.05
ITCD-TC ,DR76_230 ? / ? purF ,intergenic,,,
ITCD-TC ,DR76_238 ? ,A25A (GCT?GCC)  ,,,0.08
ITCD-TC ,DR76_286 ? / ? DR76_287 ,intergenic,,,
ITCD-TC ,DR76_314 ? ,V143V (GTC?GTT)  ,,,0.11
ITCD-TC ,crr ? ,V159E (GTG?GAG)  ,,,
ITCD-TC ,eutG ? ,K328* (AAA?TAA)  ,,,
ITCD-TC ,arsC ? ,E95K (GAA?AAA)  ,,,
ITCD-TC ,ptsP ? ,A2T (GCC?ACC)  ,,,
ITCD-TC ,rfaH ? ,T72P (ACC?CCC)  ,,,
ITCD-TC ,DR76_621 ? ,T128M (ACG?ATG)  ,,,
ITCD-TC ,corA ? ,A51T (GCA?ACA)  ,,,
ITCD-TC ,DR76_670 ? ,G14W (GGG?TGG)  ,,0.08,
ITCD-TC ,gyrB ? ,M461T (ATG?ACG)  ,,,
ITCD-TC ,lldD ? ,I207T (ATC?ACC)  ,,,
ITCD-TC ,DR76_938 ? / ? DR76_939 ,intergenic,,,
ITCD-TC ,DR76_948 ? ,V468I (GTC?ATC)  ,,,0.07
ITCD-TC ,yhjK ? ,coding (1122/1950 nt) ,,,
ITCD-TC ,yhjK ? ,coding (1123/1950 nt) ,,,
ITCD-TC ,yhjH ? ,coding (734/768 nt) ,,,
ITCD-TC ,yhjH ? ,coding (735/768 nt) ,,,
ITCD-TC ,mdtE ? ,A189T (GCA?ACA)  ,,,
ITCD-TC ,livF ? ,G104S (GGC?AGC)  ,,,0.05
ITCD-TC ,livF ? / ? DR76_1042 ,intergenic,,0.08,0.22
ITCD-TC ,malT ? ,C319Y (TGC?TAC)  ,,,0.13
ITCD-TC ,malT ? ,coding (727?732/2706 nt) ,,,
ITCD-TC ,malT ? ,coding (731/2706 nt) ,,,
ITCD-TC ,malT ? ,coding (730/2706 nt) ,,,
ITCD-TC ,malT ? ,coding (729/2706 nt) ,,,
ITCD-TC ,malT ? ,coding (728/2706 nt) ,,,
ITCD-TC ,malT ? ,coding (726/2706 nt) ,,,
ITCD-TC ,malT ? ,A221P (GCA?CCA)  ,,,
ITCD-TC ,malT ? ,S63L (TCG?TTG)  ,,,
ITCD-TC ,malQ ? ,G499D (GGT?GAT)  ,,,
ITCD-TC ,DR76_1162 ? ,G879D (GGC?GAC)  ,,,
ITCD-TC ,gspJ ? ,L65P (CTG?CCG)  ,,,0.06
ITCD-TC ,gspF ? ,R42R (CGC?CGT)  ,,,
ITCD-TC ,trkA ? ,coding (769/1377 nt) ,,,
ITCD-TC ,trkA ? ,coding (768/1377 nt) ,,,
ITCD-TC ,ptsO ? ,V49I (GTT?ATT)  ,,,
ITCD-TC ,nlpI ? ,N83N (AAC?AAT)  ,,,
ITCD-TC ,DR76_1360 ? ,W264* (TGG?TGA)  ,,0.09,0.1
ITCD-TC ,DR76_1398 ? / ? alx ,intergenic,,,
ITCD-TC ,DR76_1409 ? ,D43N (GAC?AAC)  ,,,0.15
ITCD-TC ,ygjG ? ,Y23H (TAT?CAT)  ,,,0.07
ITCD-TC ,parE ? ,A422S (GCA?TCA)  ,,,
ITCD-TC ,parE ? ,A426V (GCC?GTC)  ,,,
ITCD-TC ,parE ? ,R432S (CGC?AGC)  ,,,
ITCD-TC ,parE ? ,coding (1373/1893 nt) ,,,
ITCD-TC ,parE ? ,E460V (GAA?GTA)  ,,,
ITCD-TC ,parE ? ,A489P (GCG?CCG)  ,,,
ITCD-TC ,DR76_1460 ? ,R352R (CGT?CGC)  ,,,0.22
ITCD-TC ,parC ? ,A30V (GCG?GTG)  ,,,
ITCD-TC ,parC ? ,G78D (GGC?GAC)  ,,,
ITCD-TC ,yqhD ? / ? DR76_1491 ,intergenic,,,
ITCD-TC ,DR76_1499 ? ,A70T (GCA?ACA)  ,,,
ITCD-TC ,DR76_1541 ? ,coding (3151/3801 nt) ,,,
ITCD-TC ,DR76_1615 ? ,V128A (GTC?GCC)  ,,,
ITCD-TC ,papK ? ,T91A (ACG?GCG)  ,,,0.09
ITCD-TC ,DR76_1679 ? ,G175G (GGT?GGC)  ,,,
ITCD-TC ,gcvP ? ,V619V (GTG?GTT)  ,,,
ITCD-TC ,lplT ? ,G29G (GGC?GGT)  ,,,
ITCD-TC ,mutH ? ,E148* (GAA?TAA)  ,,0.1,0.33
ITCD-TC ,mutH ? ,W108R (TGG?AGG)  ,,,0.08
ITCD-TC ,lgt ? ,P194S (CCG?TCG)  ,,,0.1
ITCD-TC ,DR76_1861 ? ,A13V (GCC?GTC)  ,,,
ITCD-TC ,ygbN ? ,A406E (GCG?GAG)  ,,,
ITCD-TC ,mutS ? ,F36C (TTT?TGT)  ,,,
ITCD-TC ,ypjD ? ,coding (159/792 nt) ,,,
ITCD-TC ,DR76_2014 ? ,noncoding (9/76 nt) ,,,
ITCD-TC ,DR76_2014 ? ,noncoding (49/76 nt) ,,,
ITCD-TC ,DR76_2014 ? ,noncoding (64/76 nt) ,,,
ITCD-TC ,DR76_2014 ? ,noncoding (65/76 nt) ,,,
ITCD-TC ,thiH ? ,R263C (CGT?TGT)  ,,,
ITCD-TC ,nfi ? ,R81H (CGC?CAC)  ,,,
ITCD-TC ,metA ? ,coding (750/930 nt) ,,,
ITCD-TC ,gltP ? ,L18L (CTG?CTA)  ,,,
ITCD-TC ,alsB ? ,V246A (GTC?GCC)  ,,,0.09
ITCD-TC ,cadA ? ,I113I (ATT?ATC)  ,,,
ITCD-TC ,DR76_2232 ? / ? DR76_2233 ,intergenic,,1,
ITCD-TC ,miaA ? ,coding (572?587/951 nt) ,,,
ITCD-TC ,DR76_2260 ? ,P217S (CCA?TCA)  ,,,0.1
ITCD-TC ,DR76_2296 ? ,T677A (ACG?GCG)  ,,,
ITCD-TC ,treC ? ,S253P (TCC?CCC)  ,,,
ITCD-TC ,treB ? / ? treR ,intergenic,,,0.06
ITCD-TC ,treR ? ,coding (718/948 nt) ,,,
ITCD-TC ,treR ? ,coding (427/948 nt) ,,,
ITCD-TC ,treR ? ,L111F (TTG?TTT)  ,,,
ITCD-TC ,treR ? ,E109K (GAA?AAA)  ,,0.08,0.14
ITCD-TC ,treR ? ,coding (99?104/948 nt) ,,,
ITCD-TC ,treR ? ,V31M (GTG?ATG)  ,,,
ITCD-TC ,treR ? ,V24M (GTG?ATG)  ,,,
ITCD-TC ,DR76_2323 ? ,V144V (GTA?GTG)  ,,,
ITCD-TC ,holC ? ,A107T (GCC?ACC)  ,,,0.08
ITCD-TC ,DR76_2342 ? ,W105* (TGG?TGA)  ,,,0.08
ITCD-TC ,DR76_2370 ? ,E90E (GAA?GAG)  ,,,0.09
ITCD-TC ,DR76_2409 ? ,V89A (GTA?GCA)  ,,,0.09
ITCD-TC ,DR76_2449 ? ,coding (100/1281 nt) ,,,
ITCD-TC ,tal ? ,R165C (CGT?TGT)  ,,,0.11
ITCD-TC ,nhaA ? / ? nhaR ,intergenic,,0.12,0.25
ITCD-TC ,ispH ? ,R111C (CGT?TGT)  ,,,0.14
ITCD-TC ,DR76_2546 ? ,F120F (TTT?TTC)  ,,0.08,
ITCD-TC ,DR76_2619 ? ,coding (812/1386 nt) ,,,
ITCD-TC ,DR76_2620 ? / ? nadC ,intergenic,,,0.2
ITCD-TC ,frr ? ,V78V (GTT?GTC)  ,,,
ITCD-TC ,DR76_2785 ? / ? DR76_2786 ,intergenic,,,
ITCD-TC ,DR76_2805 ? ,P396L (CCG?CTG)  ,,,
ITCD-TC ,DR76_2805 ? ,G521G (GGC?GGG)  ,,,0.05
ITCD-TC ,DR76_2887 ? ,G128D (GGT?GAT)  ,,,
ITCD-TC ,DR76_2914 ? ,G139S (GGT?AGT)  ,,,
ITCD-TC ,DR76_2922 ? / ? fliA ,intergenic,,,
ITCD-TC ,DR76_2922 ? / ? fliA ,intergenic,,,
ITCD-TC ,flhA ? ,coding (1954/2079 nt) ,,,
ITCD-TC ,pheS ? ,R152R (CGC?CGT)  ,,,
ITCD-TC ,ydhC ? ,D198E (GAC?GAA)  ,,,
ITCD-TC ,sodB ? ,G132D (GGC?GAC)  ,,,0.26
ITCD-TC ,DR76_3192 ? ,L244P (CTA?CCA)  ,,0.07,0.15
ITCD-TC ,slyA ? ,coding (333/435 nt) ,,,
ITCD-TC ,pntB ? ,A451T (GCC?ACC)  ,,,
ITCD-TC ,DR76_3362 ? ,P343S (CCA?TCA)  ,,,
ITCD-TC ,yddG ? ,I149T (ATC?ACC)  ,,,
ITCD-TC ,DR76_3396 ? / ? DR76_3397 ,intergenic,,,
ITCD-TC ,DR76_3439 ? ,S1972S (AGC?AGT)  ,,,0.14
ITCD-TC ,mppA ? ,L98Q (CTG?CAG)  ,,0.07,
ITCD-TC ,tyrR ? ,P142P (CCG?CCA)  ,,,
ITCD-TC ,DR76_3479 ? ,G738W (GGG?TGG)  ,,0.07,
ITCD-TC ,DR76_3575 ? ,S162F (TCC?TTC)  ,,,0.15
ITCD-TC ,prmC ? ,G33S (GGC?AGC)  ,,,0.06
ITCD-TC ,DR76_3672 ? ,P350P (CCC?CCT)  ,,,
ITCD-TC ,DR76_3675 ? ,C18C (TGT?TGC)  ,,0.48,0.56
ITCD-TC ,DR76_3685 ? ,C85C (TGT?TGC)  ,,,
ITCD-TC ,DR76_3719 ? ,A154A (GCG?GCA)  ,,,0.06
ITCD-TC ,DR76_3752 ? ,A354V (GCG?GTG)  ,,,0.1
ITCD-TC ,DR76_3761 ? / ? DR76_3762 ,intergenic,,,
ITCD-TC ,ndh ? ,G325S (GGC?AGC)  ,,,0.2
ITCD-TC ,holB ? ,C159Y (TGT?TAT)  ,,,
ITCD-TC ,DR76_3838 ? ,D146G (GAC?GGC)  ,,,
ITCD-TC ,DR76_3843 ? ,coding (47/1098 nt) ,,,
ITCD-TC ,DR76_3954 ? ,T190T (ACG?ACT)  ,,,
ITCD-TC ,DR76_3962 ? ,R44Q (CGG?CAG)  ,,,
ITCD-TC ,DR76_3970 ? ,D347D (GAC?GAT)  ,,,0.08
ITCD-TC ,DR76_3983 ? ,L522L (CTG?CTA)  ,,,
ITCD-TC ,putA ? ,C944C (TGC?TGT)  ,,,
ITCD-TC ,ssuB ? / ? pepN ,intergenic,,,
ITCD-TC ,ssuB ? / ? pepN ,intergenic,,,
ITCD-TC ,ssuB ? / ? pepN ,intergenic,,,
ITCD-TC ,ssuB ? / ? pepN ,intergenic,,,
ITCD-TC ,ompF ? ,coding (34/1089 nt) ,,,
ITCD-TC ,ompF ? ,coding (357?367/1089 nt) ,,,
ITCD-TC ,ompF ? ,coding (362/1089 nt) ,,,
ITCD-TC ,rpsA ? ,E301A (GAA?GCA)  ,,,
ITCD-TC ,focA ? ,G265G (GGC?GGT)  ,,0.08,
ITCD-TC ,DR76_4142 ? ,R430R (CGT?CGC)  ,,,0.18
ITCD-TC ,moeB ? ,R240C (CGT?TGT)  ,,,0.1
ITCD-TC ,galM ? ,A66T (GCC?ACC)  ,,,
ITCD-TC ,cydA ? ,A16V (GCG?GTG)  ,,,0.13
ITCD-TC ,cydA ? ,Q11R (CAG?CGG)  ,,,0.07
ITCD-TC ,kdpB ? ,L610P (CTG?CCG)  ,,,
ITCD-TC ,DR76_4317 ? ,N284D (AAC?GAC)  ,,,
ITCD-TC ,DR76_4390 ? / ? DR76_4391 ,intergenic,,,
ITCD-TC ,DR76_4460 ? ,A340S (GCG?TCG)  ,,,
ITCD-TC ,DR76_4473 ? ,V18I (GTT?ATT)  ,,,0.06
ITCD-TC ,DR76_4473 ? ,E384K (GAA?AAA)  ,,0.12,0.16
ITCD-TC ,acrR ? ,coding (296/648 nt) ,,,
ITCD-TC ,tgt ? ,G296D (GGC?GAC)  ,,,
ITCD-TC ,DR76_4643 ? ,L962P (CTG?CCG)  ,,,
ITCD-TC ,DR76_4658 ? ,L178P (CTA?CCA)  ,,0.06,
ITCD-TC ,DR76_4694 ? / ? pic ,intergenic,,0.17,0.28
ITCD-TC ,DR76_4694 ? / ? pic ,intergenic,,0.18,0.3
ITCD-TC ,DR76_4694 ? / ? pic ,intergenic,,0.18,0.29
ITCD-TC ,DR76_4694 ? / ? pic ,intergenic,,0.19,0.3
ITCD-TC ,DR76_4694 ? / ? pic ,intergenic,,0.19,0.3
ITCD-TC ,DR76_4694 ? / ? pic ,intergenic,,0.19,0.3
ITCD-TC ,DR76_4703 ? / ? DR76_4706 ,intergenic,,0.08,
ITCD-TC ,galF ? ,R185C (CGC?TGC)  ,,,
ITCD-TC ,wzxC ? ,E318G (GAG?GGG)  ,,,0.09
ITCD-TC ,DR76_4821 ? ,coding (4/3123 nt) ,,,
ITCD-RC,rihB ? ,A78V (GCC?GTC)  ,,,
ITCD-RC,gyrA ? ,D87G (GAC?GGC) ‡ ,,,
ITCD-RC,gyrA ? ,D87H (GAC?CAC) ‡ ,,,
ITCD-RC,gyrA ? ,S83L (TCG?TTG)  ,,,
ITCD-RC,DR76_199 ? ,P37L (CCG?CTG)  ,,,
ITCD-RC,DR76_230 ? / ? purF ,intergenic,,,
ITCD-RC,DR76_238 ? ,A25A (GCT?GCC)  ,,,
ITCD-RC,DR76_286 ? / ? DR76_287 ,intergenic,,,
ITCD-RC,DR76_314 ? ,V143V (GTC?GTT)  ,,0.09,
ITCD-RC,crr ? ,V159E (GTG?GAG)  ,,,
ITCD-RC,eutG ? ,K328* (AAA?TAA)  ,,,0.06
ITCD-RC,arsC ? ,E95K (GAA?AAA)  ,,,
ITCD-RC,ptsP ? ,A2T (GCC?ACC)  ,,,
ITCD-RC,rfaH ? ,T72P (ACC?CCC)  ,,,
ITCD-RC,DR76_621 ? ,T128M (ACG?ATG)  ,,,
ITCD-RC,corA ? ,A51T (GCA?ACA)  ,,,
ITCD-RC,DR76_670 ? ,G14W (GGG?TGG)  ,,,
ITCD-RC,gyrB ? ,M461T (ATG?ACG)  ,,,
ITCD-RC,lldD ? ,I207T (ATC?ACC)  ,,,
ITCD-RC,DR76_938 ? / ? DR76_939 ,intergenic,,,
ITCD-RC,DR76_948 ? ,V468I (GTC?ATC)  ,,,
ITCD-RC,yhjK ? ,coding (1122/1950 nt) ,,,
ITCD-RC,yhjK ? ,coding (1123/1950 nt) ,,,
ITCD-RC,yhjH ? ,coding (734/768 nt) ,,,
ITCD-RC,yhjH ? ,coding (735/768 nt) ,,,
ITCD-RC,mdtE ? ,A189T (GCA?ACA)  ,,,
ITCD-RC,livF ? ,G104S (GGC?AGC)  ,,,
ITCD-RC,livF ? / ? DR76_1042 ,intergenic,,,0.1
ITCD-RC,malT ? ,C319Y (TGC?TAC)  ,,,
ITCD-RC,malT ? ,coding (727?732/2706 nt) ,,,
ITCD-RC,malT ? ,coding (731/2706 nt) ,,,
ITCD-RC,malT ? ,coding (730/2706 nt) ,,,
ITCD-RC,malT ? ,coding (729/2706 nt) ,,,
ITCD-RC,malT ? ,coding (728/2706 nt) ,,,
ITCD-RC,malT ? ,coding (726/2706 nt) ,,,
ITCD-RC,malT ? ,A221P (GCA?CCA)  ,,,
ITCD-RC,malT ? ,S63L (TCG?TTG)  ,,,
ITCD-RC,malQ ? ,G499D (GGT?GAT)  ,,,
ITCD-RC,DR76_1162 ? ,G879D (GGC?GAC)  ,,,
ITCD-RC,gspJ ? ,L65P (CTG?CCG)  ,,,
ITCD-RC,gspF ? ,R42R (CGC?CGT)  ,,,
ITCD-RC,trkA ? ,coding (769/1377 nt) ,,,
ITCD-RC,trkA ? ,coding (768/1377 nt) ,,,
ITCD-RC,ptsO ? ,V49I (GTT?ATT)  ,,,
ITCD-RC,nlpI ? ,N83N (AAC?AAT)  ,,,
ITCD-RC,DR76_1360 ? ,W264* (TGG?TGA)  ,,0.07,0.12
ITCD-RC,DR76_1398 ? / ? alx ,intergenic,,,
ITCD-RC,DR76_1409 ? ,D43N (GAC?AAC)  ,,,
ITCD-RC,ygjG ? ,Y23H (TAT?CAT)  ,,,
ITCD-RC,parE ? ,A422S (GCA?TCA)  ,,,
ITCD-RC,parE ? ,A426V (GCC?GTC)  ,,,
ITCD-RC,parE ? ,R432S (CGC?AGC)  ,,,
ITCD-RC,parE ? ,coding (1373/1893 nt) ,,,
ITCD-RC,parE ? ,E460V (GAA?GTA)  ,,,
ITCD-RC,parE ? ,A489P (GCG?CCG)  ,,,
ITCD-RC,DR76_1460 ? ,R352R (CGT?CGC)  ,,0.14,0.15
ITCD-RC,parC ? ,A30V (GCG?GTG)  ,,,
ITCD-RC,parC ? ,G78D (GGC?GAC)  ,,,
ITCD-RC,yqhD ? / ? DR76_1491 ,intergenic,,,
ITCD-RC,DR76_1499 ? ,A70T (GCA?ACA)  ,,,
ITCD-RC,DR76_1541 ? ,coding (3151/3801 nt) ,,0.09,0.1
ITCD-RC,DR76_1615 ? ,V128A (GTC?GCC)  ,,,
ITCD-RC,papK ? ,T91A (ACG?GCG)  ,,,
ITCD-RC,DR76_1679 ? ,G175G (GGT?GGC)  ,,,
ITCD-RC,gcvP ? ,V619V (GTG?GTT)  ,,,
ITCD-RC,lplT ? ,G29G (GGC?GGT)  ,,,0.13
ITCD-RC,mutH ? ,E148* (GAA?TAA)  ,,0.08,
ITCD-RC,mutH ? ,W108R (TGG?AGG)  ,,,0.06
ITCD-RC,lgt ? ,P194S (CCG?TCG)  ,,,
ITCD-RC,DR76_1861 ? ,A13V (GCC?GTC)  ,,,0.07
ITCD-RC,ygbN ? ,A406E (GCG?GAG)  ,,,
ITCD-RC,mutS ? ,F36C (TTT?TGT)  ,,,
ITCD-RC,ypjD ? ,coding (159/792 nt) ,,,
ITCD-RC,DR76_2014 ? ,noncoding (9/76 nt) ,,,
ITCD-RC,DR76_2014 ? ,noncoding (49/76 nt) ,,,
ITCD-RC,DR76_2014 ? ,noncoding (64/76 nt) ,,,0.06
ITCD-RC,DR76_2014 ? ,noncoding (65/76 nt) ,,,0.06
ITCD-RC,thiH ? ,R263C (CGT?TGT)  ,,,
ITCD-RC,nfi ? ,R81H (CGC?CAC)  ,,,0.07
ITCD-RC,metA ? ,coding (750/930 nt) ,,,
ITCD-RC,gltP ? ,L18L (CTG?CTA)  ,,,
ITCD-RC,alsB ? ,V246A (GTC?GCC)  ,,,
ITCD-RC,cadA ? ,I113I (ATT?ATC)  ,,,
ITCD-RC,DR76_2232 ? / ? DR76_2233 ,intergenic,,,
ITCD-RC,miaA ? ,coding (572?587/951 nt) ,,,
ITCD-RC,DR76_2260 ? ,P217S (CCA?TCA)  ,,,
ITCD-RC,DR76_2296 ? ,T677A (ACG?GCG)  ,,,
ITCD-RC,treC ? ,S253P (TCC?CCC)  ,,,0.07
ITCD-RC,treB ? / ? treR ,intergenic,,,
ITCD-RC,treR ? ,coding (718/948 nt) ,,,
ITCD-RC,treR ? ,coding (427/948 nt) ,,,
ITCD-RC,treR ? ,L111F (TTG?TTT)  ,,,
ITCD-RC,treR ? ,E109K (GAA?AAA)  ,,,
ITCD-RC,treR ? ,coding (99?104/948 nt) ,,,
ITCD-RC,treR ? ,V31M (GTG?ATG)  ,,,
ITCD-RC,treR ? ,V24M (GTG?ATG)  ,,,0.06
ITCD-RC,DR76_2323 ? ,V144V (GTA?GTG)  ,,,0.06
ITCD-RC,holC ? ,A107T (GCC?ACC)  ,,,
ITCD-RC,DR76_2342 ? ,W105* (TGG?TGA)  ,,,0.06
ITCD-RC,DR76_2370 ? ,E90E (GAA?GAG)  ,,0.05,0.12
ITCD-RC,DR76_2409 ? ,V89A (GTA?GCA)  ,,,
ITCD-RC,DR76_2449 ? ,coding (100/1281 nt) ,,,0.06
ITCD-RC,tal ? ,R165C (CGT?TGT)  ,,,
ITCD-RC,nhaA ? / ? nhaR ,intergenic,,,0.08
ITCD-RC,ispH ? ,R111C (CGT?TGT)  ,,,
ITCD-RC,DR76_2546 ? ,F120F (TTT?TTC)  ,,,
ITCD-RC,DR76_2619 ? ,coding (812/1386 nt) ,,,
ITCD-RC,DR76_2620 ? / ? nadC ,intergenic,,0.07,
ITCD-RC,frr ? ,V78V (GTT?GTC)  ,,,
ITCD-RC,DR76_2785 ? / ? DR76_2786 ,intergenic,,0.07,
ITCD-RC,DR76_2805 ? ,P396L (CCG?CTG)  ,,,
ITCD-RC,DR76_2805 ? ,G521G (GGC?GGG)  ,,,
ITCD-RC,DR76_2887 ? ,G128D (GGT?GAT)  ,,,
ITCD-RC,DR76_2914 ? ,G139S (GGT?AGT)  ,,,
ITCD-RC,DR76_2922 ? / ? fliA ,intergenic,,,
ITCD-RC,DR76_2922 ? / ? fliA ,intergenic,,,
ITCD-RC,flhA ? ,coding (1954/2079 nt) ,,,
ITCD-RC,pheS ? ,R152R (CGC?CGT)  ,,,0.08
ITCD-RC,ydhC ? ,D198E (GAC?GAA)  ,,,
ITCD-RC,sodB ? ,G132D (GGC?GAC)  ,,,
ITCD-RC,DR76_3192 ? ,L244P (CTA?CCA)  ,,0.05,
ITCD-RC,slyA ? ,coding (333/435 nt) ,,,
ITCD-RC,pntB ? ,A451T (GCC?ACC)  ,,,
ITCD-RC,DR76_3362 ? ,P343S (CCA?TCA)  ,,,
ITCD-RC,yddG ? ,I149T (ATC?ACC)  ,,,
ITCD-RC,DR76_3396 ? / ? DR76_3397 ,intergenic,,,
ITCD-RC,DR76_3439 ? ,S1972S (AGC?AGT)  ,,0.05,
ITCD-RC,mppA ? ,L98Q (CTG?CAG)  ,,,
ITCD-RC,tyrR ? ,P142P (CCG?CCA)  ,,,
ITCD-RC,DR76_3479 ? ,G738W (GGG?TGG)  ,,,
ITCD-RC,DR76_3575 ? ,S162F (TCC?TTC)  ,,0.08,0.12
ITCD-RC,prmC ? ,G33S (GGC?AGC)  ,,,
ITCD-RC,DR76_3672 ? ,P350P (CCC?CCT)  ,,,
ITCD-RC,DR76_3675 ? ,C18C (TGT?TGC)  ,,0.5,0.47
ITCD-RC,DR76_3685 ? ,C85C (TGT?TGC)  ,,,
ITCD-RC,DR76_3719 ? ,A154A (GCG?GCA)  ,,,
ITCD-RC,DR76_3752 ? ,A354V (GCG?GTG)  ,,,0.07
ITCD-RC,DR76_3761 ? / ? DR76_3762 ,intergenic,,,
ITCD-RC,ndh ? ,G325S (GGC?AGC)  ,,0.08,
ITCD-RC,holB ? ,C159Y (TGT?TAT)  ,,,
ITCD-RC,DR76_3838 ? ,D146G (GAC?GGC)  ,,,
ITCD-RC,DR76_3843 ? ,coding (47/1098 nt) ,,,
ITCD-RC,DR76_3954 ? ,T190T (ACG?ACT)  ,,,
ITCD-RC,DR76_3962 ? ,R44Q (CGG?CAG)  ,,,
ITCD-RC,DR76_3970 ? ,D347D (GAC?GAT)  ,,,
ITCD-RC,DR76_3983 ? ,L522L (CTG?CTA)  ,,,
ITCD-RC,putA ? ,C944C (TGC?TGT)  ,,,0.06
ITCD-RC,ssuB ? / ? pepN ,intergenic,,,
ITCD-RC,ssuB ? / ? pepN ,intergenic,,,
ITCD-RC,ssuB ? / ? pepN ,intergenic,,,
ITCD-RC,ssuB ? / ? pepN ,intergenic,,,
ITCD-RC,ompF ? ,coding (34/1089 nt) ,,,
ITCD-RC,ompF ? ,coding (357?367/1089 nt) ,,,
ITCD-RC,ompF ? ,coding (362/1089 nt) ,,,
ITCD-RC,rpsA ? ,E301A (GAA?GCA)  ,,,
ITCD-RC,focA ? ,G265G (GGC?GGT)  ,,,
ITCD-RC,DR76_4142 ? ,R430R (CGT?CGC)  ,,0.08,0.16
ITCD-RC,moeB ? ,R240C (CGT?TGT)  ,,,
ITCD-RC,galM ? ,A66T (GCC?ACC)  ,,,0.07
ITCD-RC,cydA ? ,A16V (GCG?GTG)  ,,,0.06
ITCD-RC,cydA ? ,Q11R (CAG?CGG)  ,,,
ITCD-RC,kdpB ? ,L610P (CTG?CCG)  ,,,
ITCD-RC,DR76_4317 ? ,N284D (AAC?GAC)  ,,,
ITCD-RC,DR76_4390 ? / ? DR76_4391 ,intergenic,,,
ITCD-RC,DR76_4460 ? ,A340S (GCG?TCG)  ,,,
ITCD-RC,DR76_4473 ? ,V18I (GTT?ATT)  ,,,
ITCD-RC,DR76_4473 ? ,E384K (GAA?AAA)  ,,0.05,0.12
ITCD-RC,acrR ? ,coding (296/648 nt) ,,,
ITCD-RC,tgt ? ,G296D (GGC?GAC)  ,,,
ITCD-RC,DR76_4643 ? ,L962P (CTG?CCG)  ,,,
ITCD-RC,DR76_4658 ? ,L178P (CTA?CCA)  ,,,
ITCD-RC,DR76_4694 ? / ? pic ,intergenic,,,0.11
ITCD-RC,DR76_4694 ? / ? pic ,intergenic,,,0.11
ITCD-RC,DR76_4694 ? / ? pic ,intergenic,,,0.11
ITCD-RC,DR76_4694 ? / ? pic ,intergenic,,,0.11
ITCD-RC,DR76_4694 ? / ? pic ,intergenic,,,0.11
ITCD-RC,DR76_4694 ? / ? pic ,intergenic,,,0.11
ITCD-RC,DR76_4703 ? / ? DR76_4706 ,intergenic,,,
ITCD-RC,galF ? ,R185C (CGC?TGC)  ,,,0.07
ITCD-RC,wzxC ? ,E318G (GAG?GGG)  ,,,
ITCD-RC,DR76_4821 ? ,coding (4/3123 nt) ,,,
LVXD-TC ,rihB ? ,A78V (GCC?GTC)  ,,,
LVXD-TC ,gyrA ? ,D87G (GAC?GGC) ‡ ,,,
LVXD-TC ,gyrA ? ,D87H (GAC?CAC) ‡ ,,,
LVXD-TC ,gyrA ? ,S83L (TCG?TTG)  ,,1,1
LVXD-TC ,DR76_199 ? ,P37L (CCG?CTG)  ,,,
LVXD-TC ,DR76_230 ? / ? purF ,intergenic,,,
LVXD-TC ,DR76_238 ? ,A25A (GCT?GCC)  ,,,
LVXD-TC ,DR76_286 ? / ? DR76_287 ,intergenic,,,
LVXD-TC ,DR76_314 ? ,V143V (GTC?GTT)  ,,,
LVXD-TC ,crr ? ,V159E (GTG?GAG)  ,,,0.08
LVXD-TC ,eutG ? ,K328* (AAA?TAA)  ,,,
LVXD-TC ,arsC ? ,E95K (GAA?AAA)  ,,,0.09
LVXD-TC ,ptsP ? ,A2T (GCC?ACC)  ,,,0.05
LVXD-TC ,rfaH ? ,T72P (ACC?CCC)  ,,,0.08
LVXD-TC ,DR76_621 ? ,T128M (ACG?ATG)  ,,,0.06
LVXD-TC ,corA ? ,A51T (GCA?ACA)  ,,,
LVXD-TC ,DR76_670 ? ,G14W (GGG?TGG)  ,,,
LVXD-TC ,gyrB ? ,M461T (ATG?ACG)  ,,,
LVXD-TC ,lldD ? ,I207T (ATC?ACC)  ,,,0.14
LVXD-TC ,DR76_938 ? / ? DR76_939 ,intergenic,,,0.07
LVXD-TC ,DR76_948 ? ,V468I (GTC?ATC)  ,,,
LVXD-TC ,yhjK ? ,coding (1122/1950 nt) ,,,0.11
LVXD-TC ,yhjK ? ,coding (1123/1950 nt) ,,,0.11
LVXD-TC ,yhjH ? ,coding (734/768 nt) ,,0.13,0.21
LVXD-TC ,yhjH ? ,coding (735/768 nt) ,,0.13,0.21
LVXD-TC ,mdtE ? ,A189T (GCA?ACA)  ,,,
LVXD-TC ,livF ? ,G104S (GGC?AGC)  ,,,
LVXD-TC ,livF ? / ? DR76_1042 ,intergenic,,,
LVXD-TC ,malT ? ,C319Y (TGC?TAC)  ,,,
LVXD-TC ,malT ? ,coding (727?732/2706 nt) ,,0.23,0.11
LVXD-TC ,malT ? ,coding (731/2706 nt) ,,?,?
LVXD-TC ,malT ? ,coding (730/2706 nt) ,,?,?
LVXD-TC ,malT ? ,coding (729/2706 nt) ,,?,?
LVXD-TC ,malT ? ,coding (728/2706 nt) ,,?,?
LVXD-TC ,malT ? ,coding (726/2706 nt) ,,,
LVXD-TC ,malT ? ,A221P (GCA?CCA)  ,,,
LVXD-TC ,malT ? ,S63L (TCG?TTG)  ,,0.1,
LVXD-TC ,malQ ? ,G499D (GGT?GAT)  ,,,0.09
LVXD-TC ,DR76_1162 ? ,G879D (GGC?GAC)  ,,,
LVXD-TC ,gspJ ? ,L65P (CTG?CCG)  ,,,
LVXD-TC ,gspF ? ,R42R (CGC?CGT)  ,,,
LVXD-TC ,trkA ? ,coding (769/1377 nt) ,,,
LVXD-TC ,trkA ? ,coding (768/1377 nt) ,,,
LVXD-TC ,ptsO ? ,V49I (GTT?ATT)  ,,,
LVXD-TC ,nlpI ? ,N83N (AAC?AAT)  ,,,0.06
LVXD-TC ,DR76_1360 ? ,W264* (TGG?TGA)  ,,,
LVXD-TC ,DR76_1398 ? / ? alx ,intergenic,,,
LVXD-TC ,DR76_1409 ? ,D43N (GAC?AAC)  ,,,
LVXD-TC ,ygjG ? ,Y23H (TAT?CAT)  ,,,
LVXD-TC ,parE ? ,A422S (GCA?TCA)  ,,,
LVXD-TC ,parE ? ,A426V (GCC?GTC)  ,,,0.11
LVXD-TC ,parE ? ,R432S (CGC?AGC)  ,,,0.1
LVXD-TC ,parE ? ,coding (1373/1893 nt) ,,,0.08
LVXD-TC ,parE ? ,E460V (GAA?GTA)  ,,,
LVXD-TC ,parE ? ,A489P (GCG?CCG)  ,,,
LVXD-TC ,DR76_1460 ? ,R352R (CGT?CGC)  ,,,
LVXD-TC ,parC ? ,A30V (GCG?GTG)  ,,,
LVXD-TC ,parC ? ,G78D (GGC?GAC)  ,,0.13,0.18
LVXD-TC ,yqhD ? / ? DR76_1491 ,intergenic,,,
LVXD-TC ,DR76_1499 ? ,A70T (GCA?ACA)  ,,,
LVXD-TC ,DR76_1541 ? ,coding (3151/3801 nt) ,,,
LVXD-TC ,DR76_1615 ? ,V128A (GTC?GCC)  ,,,0.05
LVXD-TC ,papK ? ,T91A (ACG?GCG)  ,,,
LVXD-TC ,DR76_1679 ? ,G175G (GGT?GGC)  ,,,0.1
LVXD-TC ,gcvP ? ,V619V (GTG?GTT)  ,,,
LVXD-TC ,lplT ? ,G29G (GGC?GGT)  ,,,
LVXD-TC ,mutH ? ,E148* (GAA?TAA)  ,,,
LVXD-TC ,mutH ? ,W108R (TGG?AGG)  ,,,
LVXD-TC ,lgt ? ,P194S (CCG?TCG)  ,,,
LVXD-TC ,DR76_1861 ? ,A13V (GCC?GTC)  ,,,
LVXD-TC ,ygbN ? ,A406E (GCG?GAG)  ,,,
LVXD-TC ,mutS ? ,F36C (TTT?TGT)  ,,,0.09
LVXD-TC ,ypjD ? ,coding (159/792 nt) ,,,0.08
LVXD-TC ,DR76_2014 ? ,noncoding (9/76 nt) ,,,
LVXD-TC ,DR76_2014 ? ,noncoding (49/76 nt) ,,0.15,
LVXD-TC ,DR76_2014 ? ,noncoding (64/76 nt) ,,0.15,0.11
LVXD-TC ,DR76_2014 ? ,noncoding (65/76 nt) ,,0.15,0.1
LVXD-TC ,thiH ? ,R263C (CGT?TGT)  ,,,
LVXD-TC ,nfi ? ,R81H (CGC?CAC)  ,,,
LVXD-TC ,metA ? ,coding (750/930 nt) ,,,
LVXD-TC ,gltP ? ,L18L (CTG?CTA)  ,,,
LVXD-TC ,alsB ? ,V246A (GTC?GCC)  ,,,
LVXD-TC ,cadA ? ,I113I (ATT?ATC)  ,,,
LVXD-TC ,DR76_2232 ? / ? DR76_2233 ,intergenic,,,
LVXD-TC ,miaA ? ,coding (572?587/951 nt) ,,0.06,
LVXD-TC ,DR76_2260 ? ,P217S (CCA?TCA)  ,,,
LVXD-TC ,DR76_2296 ? ,T677A (ACG?GCG)  ,,,0.07
LVXD-TC ,treC ? ,S253P (TCC?CCC)  ,,,
LVXD-TC ,treB ? / ? treR ,intergenic,,,
LVXD-TC ,treR ? ,coding (718/948 nt) ,,0.06,
LVXD-TC ,treR ? ,coding (427/948 nt) ,,,
LVXD-TC ,treR ? ,L111F (TTG?TTT)  ,,0.06,
LVXD-TC ,treR ? ,E109K (GAA?AAA)  ,,,
LVXD-TC ,treR ? ,coding (99?104/948 nt) ,,,
LVXD-TC ,treR ? ,V31M (GTG?ATG)  ,,,
LVXD-TC ,treR ? ,V24M (GTG?ATG)  ,,,
LVXD-TC ,DR76_2323 ? ,V144V (GTA?GTG)  ,,,
LVXD-TC ,holC ? ,A107T (GCC?ACC)  ,,,
LVXD-TC ,DR76_2342 ? ,W105* (TGG?TGA)  ,,,
LVXD-TC ,DR76_2370 ? ,E90E (GAA?GAG)  ,,,
LVXD-TC ,DR76_2409 ? ,V89A (GTA?GCA)  ,,,
LVXD-TC ,DR76_2449 ? ,coding (100/1281 nt) ,,,
LVXD-TC ,tal ? ,R165C (CGT?TGT)  ,,,
LVXD-TC ,nhaA ? / ? nhaR ,intergenic,,,
LVXD-TC ,ispH ? ,R111C (CGT?TGT)  ,,,
LVXD-TC ,DR76_2546 ? ,F120F (TTT?TTC)  ,,,
LVXD-TC ,DR76_2619 ? ,coding (812/1386 nt) ,,,
LVXD-TC ,DR76_2620 ? / ? nadC ,intergenic,,,
LVXD-TC ,frr ? ,V78V (GTT?GTC)  ,,,
LVXD-TC ,DR76_2785 ? / ? DR76_2786 ,intergenic,,,
LVXD-TC ,DR76_2805 ? ,P396L (CCG?CTG)  ,,,0.07
LVXD-TC ,DR76_2805 ? ,G521G (GGC?GGG)  ,,,
LVXD-TC ,DR76_2887 ? ,G128D (GGT?GAT)  ,,,
LVXD-TC ,DR76_2914 ? ,G139S (GGT?AGT)  ,,,0.07
LVXD-TC ,DR76_2922 ? / ? fliA ,intergenic,,,
LVXD-TC ,DR76_2922 ? / ? fliA ,intergenic,,,
LVXD-TC ,flhA ? ,coding (1954/2079 nt) ,,0.06,
LVXD-TC ,pheS ? ,R152R (CGC?CGT)  ,,,
LVXD-TC ,ydhC ? ,D198E (GAC?GAA)  ,,,
LVXD-TC ,sodB ? ,G132D (GGC?GAC)  ,,,
LVXD-TC ,DR76_3192 ? ,L244P (CTA?CCA)  ,,,
LVXD-TC ,slyA ? ,coding (333/435 nt) ,,,0.13
LVXD-TC ,pntB ? ,A451T (GCC?ACC)  ,,,
LVXD-TC ,DR76_3362 ? ,P343S (CCA?TCA)  ,,,
LVXD-TC ,yddG ? ,I149T (ATC?ACC)  ,,,0.06
LVXD-TC ,DR76_3396 ? / ? DR76_3397 ,intergenic,,,0.06
LVXD-TC ,DR76_3439 ? ,S1972S (AGC?AGT)  ,,,
LVXD-TC ,mppA ? ,L98Q (CTG?CAG)  ,,,
LVXD-TC ,tyrR ? ,P142P (CCG?CCA)  ,,,
LVXD-TC ,DR76_3479 ? ,G738W (GGG?TGG)  ,,,
LVXD-TC ,DR76_3575 ? ,S162F (TCC?TTC)  ,,,
LVXD-TC ,prmC ? ,G33S (GGC?AGC)  ,,,
LVXD-TC ,DR76_3672 ? ,P350P (CCC?CCT)  ,,,0.09
LVXD-TC ,DR76_3675 ? ,C18C (TGT?TGC)  ,,0.54,0.53
LVXD-TC ,DR76_3685 ? ,C85C (TGT?TGC)  ,,,
LVXD-TC ,DR76_3719 ? ,A154A (GCG?GCA)  ,,,
LVXD-TC ,DR76_3752 ? ,A354V (GCG?GTG)  ,,,
LVXD-TC ,DR76_3761 ? / ? DR76_3762 ,intergenic,,,
LVXD-TC ,ndh ? ,G325S (GGC?AGC)  ,,,
LVXD-TC ,holB ? ,C159Y (TGT?TAT)  ,,,
LVXD-TC ,DR76_3838 ? ,D146G (GAC?GGC)  ,,,0.09
LVXD-TC ,DR76_3843 ? ,coding (47/1098 nt) ,,,
LVXD-TC ,DR76_3954 ? ,T190T (ACG?ACT)  ,,,
LVXD-TC ,DR76_3962 ? ,R44Q (CGG?CAG)  ,,,0.08
LVXD-TC ,DR76_3970 ? ,D347D (GAC?GAT)  ,,,
LVXD-TC ,DR76_3983 ? ,L522L (CTG?CTA)  ,,,0.1
LVXD-TC ,putA ? ,C944C (TGC?TGT)  ,,,
LVXD-TC ,ssuB ? / ? pepN ,intergenic,,,
LVXD-TC ,ssuB ? / ? pepN ,intergenic,,,
LVXD-TC ,ssuB ? / ? pepN ,intergenic,,,
LVXD-TC ,ssuB ? / ? pepN ,intergenic,,,
LVXD-TC ,ompF ? ,coding (34/1089 nt) ,,,0.09
LVXD-TC ,ompF ? ,coding (357?367/1089 nt) ,,,
LVXD-TC ,ompF ? ,coding (362/1089 nt) ,,0.05,0.06
LVXD-TC ,rpsA ? ,E301A (GAA?GCA)  ,,,
LVXD-TC ,focA ? ,G265G (GGC?GGT)  ,,,
LVXD-TC ,DR76_4142 ? ,R430R (CGT?CGC)  ,,,
LVXD-TC ,moeB ? ,R240C (CGT?TGT)  ,,,
LVXD-TC ,galM ? ,A66T (GCC?ACC)  ,,,
LVXD-TC ,cydA ? ,A16V (GCG?GTG)  ,,,
LVXD-TC ,cydA ? ,Q11R (CAG?CGG)  ,,,
LVXD-TC ,kdpB ? ,L610P (CTG?CCG)  ,,,
LVXD-TC ,DR76_4317 ? ,N284D (AAC?GAC)  ,,,
LVXD-TC ,DR76_4390 ? / ? DR76_4391 ,intergenic,,,0.08
LVXD-TC ,DR76_4460 ? ,A340S (GCG?TCG)  ,,,
LVXD-TC ,DR76_4473 ? ,V18I (GTT?ATT)  ,,,
LVXD-TC ,DR76_4473 ? ,E384K (GAA?AAA)  ,,,
LVXD-TC ,acrR ? ,coding (296/648 nt) ,,,
LVXD-TC ,tgt ? ,G296D (GGC?GAC)  ,,,
LVXD-TC ,DR76_4643 ? ,L962P (CTG?CCG)  ,,,
LVXD-TC ,DR76_4658 ? ,L178P (CTA?CCA)  ,,,
LVXD-TC ,DR76_4694 ? / ? pic ,intergenic,,0.28,0.33
LVXD-TC ,DR76_4694 ? / ? pic ,intergenic,,0.29,0.34
LVXD-TC ,DR76_4694 ? / ? pic ,intergenic,,0.28,0.34
LVXD-TC ,DR76_4694 ? / ? pic ,intergenic,,0.31,0.34
LVXD-TC ,DR76_4694 ? / ? pic ,intergenic,,0.3,0.34
LVXD-TC ,DR76_4694 ? / ? pic ,intergenic,,0.31,0.34
LVXD-TC ,DR76_4703 ? / ? DR76_4706 ,intergenic,,,
LVXD-TC ,galF ? ,R185C (CGC?TGC)  ,,,
LVXD-TC ,wzxC ? ,E318G (GAG?GGG)  ,,,
LVXD-TC ,DR76_4821 ? ,coding (4/3123 nt) ,,,
LVXD-RC ,rihB ? ,A78V (GCC?GTC)  ,,,
LVXD-RC ,gyrA ? ,D87G (GAC?GGC) ‡ ,,,
LVXD-RC ,gyrA ? ,D87H (GAC?CAC) ‡ ,,,
LVXD-RC ,gyrA ? ,S83L (TCG?TTG)  ,,1,1
LVXD-RC ,DR76_199 ? ,P37L (CCG?CTG)  ,,,
LVXD-RC ,DR76_230 ? / ? purF ,intergenic,,,0.08
LVXD-RC ,DR76_238 ? ,A25A (GCT?GCC)  ,,,
LVXD-RC ,DR76_286 ? / ? DR76_287 ,intergenic,,,
LVXD-RC ,DR76_314 ? ,V143V (GTC?GTT)  ,,,
LVXD-RC ,crr ? ,V159E (GTG?GAG)  ,,,0.23
LVXD-RC ,eutG ? ,K328* (AAA?TAA)  ,,,
LVXD-RC ,arsC ? ,E95K (GAA?AAA)  ,,,
LVXD-RC ,ptsP ? ,A2T (GCC?ACC)  ,,,
LVXD-RC ,rfaH ? ,T72P (ACC?CCC)  ,,,
LVXD-RC ,DR76_621 ? ,T128M (ACG?ATG)  ,,,
LVXD-RC ,corA ? ,A51T (GCA?ACA)  ,,,
LVXD-RC ,DR76_670 ? ,G14W (GGG?TGG)  ,,,
LVXD-RC ,gyrB ? ,M461T (ATG?ACG)  ,,,
LVXD-RC ,lldD ? ,I207T (ATC?ACC)  ,,,
LVXD-RC ,DR76_938 ? / ? DR76_939 ,intergenic,,,
LVXD-RC ,DR76_948 ? ,V468I (GTC?ATC)  ,,,
LVXD-RC ,yhjK ? ,coding (1122/1950 nt) ,,,0.25
LVXD-RC ,yhjK ? ,coding (1123/1950 nt) ,,,0.25
LVXD-RC ,yhjH ? ,coding (734/768 nt) ,,,0.22
LVXD-RC ,yhjH ? ,coding (735/768 nt) ,,,0.22
LVXD-RC ,mdtE ? ,A189T (GCA?ACA)  ,,,
LVXD-RC ,livF ? ,G104S (GGC?AGC)  ,,,
LVXD-RC ,livF ? / ? DR76_1042 ,intergenic,,,
LVXD-RC ,malT ? ,C319Y (TGC?TAC)  ,,,
LVXD-RC ,malT ? ,coding (727?732/2706 nt) ,,,0.17
LVXD-RC ,malT ? ,coding (731/2706 nt) ,,0.17,? 
LVXD-RC ,malT ? ,coding (730/2706 nt) ,,0.17,? 
LVXD-RC ,malT ? ,coding (729/2706 nt) ,,0.17,? 
LVXD-RC ,malT ? ,coding (728/2706 nt) ,,0.17,? 
LVXD-RC ,malT ? ,coding (726/2706 nt) ,,0.17,
LVXD-RC ,malT ? ,A221P (GCA?CCA)  ,,,
LVXD-RC ,malT ? ,S63L (TCG?TTG)  ,,,0.06
LVXD-RC ,malQ ? ,G499D (GGT?GAT)  ,,,
LVXD-RC ,DR76_1162 ? ,G879D (GGC?GAC)  ,,,
LVXD-RC ,gspJ ? ,L65P (CTG?CCG)  ,,,
LVXD-RC ,gspF ? ,R42R (CGC?CGT)  ,,0.1,
LVXD-RC ,trkA ? ,coding (769/1377 nt) ,,,
LVXD-RC ,trkA ? ,coding (768/1377 nt) ,,,
LVXD-RC ,ptsO ? ,V49I (GTT?ATT)  ,,,0.09
LVXD-RC ,nlpI ? ,N83N (AAC?AAT)  ,,,
LVXD-RC ,DR76_1360 ? ,W264* (TGG?TGA)  ,,,
LVXD-RC ,DR76_1398 ? / ? alx ,intergenic,,,
LVXD-RC ,DR76_1409 ? ,D43N (GAC?AAC)  ,,,
LVXD-RC ,ygjG ? ,Y23H (TAT?CAT)  ,,,
LVXD-RC ,parE ? ,A422S (GCA?TCA)  ,,0.17,
LVXD-RC ,parE ? ,A426V (GCC?GTC)  ,,,
LVXD-RC ,parE ? ,R432S (CGC?AGC)  ,,,
LVXD-RC ,parE ? ,coding (1373/1893 nt) ,,,0.26
LVXD-RC ,parE ? ,E460V (GAA?GTA)  ,,,0.14
LVXD-RC ,parE ? ,A489P (GCG?CCG)  ,,0.08,
LVXD-RC ,DR76_1460 ? ,R352R (CGT?CGC)  ,,,
LVXD-RC ,parC ? ,A30V (GCG?GTG)  ,,,0.05
LVXD-RC ,parC ? ,G78D (GGC?GAC)  ,,0.21,0.13
LVXD-RC ,yqhD ? / ? DR76_1491 ,intergenic,,,
LVXD-RC ,DR76_1499 ? ,A70T (GCA?ACA)  ,,,0.07
LVXD-RC ,DR76_1541 ? ,coding (3151/3801 nt) ,,,
LVXD-RC ,DR76_1615 ? ,V128A (GTC?GCC)  ,,,0.06
LVXD-RC ,papK ? ,T91A (ACG?GCG)  ,,,
LVXD-RC ,DR76_1679 ? ,G175G (GGT?GGC)  ,,,
LVXD-RC ,gcvP ? ,V619V (GTG?GTT)  ,,,
LVXD-RC ,lplT ? ,G29G (GGC?GGT)  ,,,
LVXD-RC ,mutH ? ,E148* (GAA?TAA)  ,,,
LVXD-RC ,mutH ? ,W108R (TGG?AGG)  ,,,
LVXD-RC ,lgt ? ,P194S (CCG?TCG)  ,,,
LVXD-RC ,DR76_1861 ? ,A13V (GCC?GTC)  ,,,
LVXD-RC ,ygbN ? ,A406E (GCG?GAG)  ,,,
LVXD-RC ,mutS ? ,F36C (TTT?TGT)  ,,,
LVXD-RC ,ypjD ? ,coding (159/792 nt) ,,,
LVXD-RC ,DR76_2014 ? ,noncoding (9/76 nt) ,,0.32,0.41
LVXD-RC ,DR76_2014 ? ,noncoding (49/76 nt) ,,0.25,0.27
LVXD-RC ,DR76_2014 ? ,noncoding (64/76 nt) ,,0.24,0.28
LVXD-RC ,DR76_2014 ? ,noncoding (65/76 nt) ,,0.25,0.28
LVXD-RC ,thiH ? ,R263C (CGT?TGT)  ,,,
LVXD-RC ,nfi ? ,R81H (CGC?CAC)  ,,,
LVXD-RC ,metA ? ,coding (750/930 nt) ,,0.08,
LVXD-RC ,gltP ? ,L18L (CTG?CTA)  ,,,0.05
LVXD-RC ,alsB ? ,V246A (GTC?GCC)  ,,,
LVXD-RC ,cadA ? ,I113I (ATT?ATC)  ,,,
LVXD-RC ,DR76_2232 ? / ? DR76_2233 ,intergenic,,,
LVXD-RC ,miaA ? ,coding (572?587/951 nt) ,,,
LVXD-RC ,DR76_2260 ? ,P217S (CCA?TCA)  ,,,
LVXD-RC ,DR76_2296 ? ,T677A (ACG?GCG)  ,,,
LVXD-RC ,treC ? ,S253P (TCC?CCC)  ,,,
LVXD-RC ,treB ? / ? treR ,intergenic,,,
LVXD-RC ,treR ? ,coding (718/948 nt) ,,,
LVXD-RC ,treR ? ,coding (427/948 nt) ,,0.08,0.14
LVXD-RC ,treR ? ,L111F (TTG?TTT)  ,,0.06,
LVXD-RC ,treR ? ,E109K (GAA?AAA)  ,,,
LVXD-RC ,treR ? ,coding (99?104/948 nt) ,,,
LVXD-RC ,treR ? ,V31M (GTG?ATG)  ,,,
LVXD-RC ,treR ? ,V24M (GTG?ATG)  ,,,
LVXD-RC ,DR76_2323 ? ,V144V (GTA?GTG)  ,,,
LVXD-RC ,holC ? ,A107T (GCC?ACC)  ,,,
LVXD-RC ,DR76_2342 ? ,W105* (TGG?TGA)  ,,,
LVXD-RC ,DR76_2370 ? ,E90E (GAA?GAG)  ,,,
LVXD-RC ,DR76_2409 ? ,V89A (GTA?GCA)  ,,,
LVXD-RC ,DR76_2449 ? ,coding (100/1281 nt) ,,,
LVXD-RC ,tal ? ,R165C (CGT?TGT)  ,,,
LVXD-RC ,nhaA ? / ? nhaR ,intergenic,,,
LVXD-RC ,ispH ? ,R111C (CGT?TGT)  ,,,
LVXD-RC ,DR76_2546 ? ,F120F (TTT?TTC)  ,,,
LVXD-RC ,DR76_2619 ? ,coding (812/1386 nt) ,,,
LVXD-RC ,DR76_2620 ? / ? nadC ,intergenic,,,
LVXD-RC ,frr ? ,V78V (GTT?GTC)  ,,,
LVXD-RC ,DR76_2785 ? / ? DR76_2786 ,intergenic,,,
LVXD-RC ,DR76_2805 ? ,P396L (CCG?CTG)  ,,,
LVXD-RC ,DR76_2805 ? ,G521G (GGC?GGG)  ,,,
LVXD-RC ,DR76_2887 ? ,G128D (GGT?GAT)  ,,,0.08
LVXD-RC ,DR76_2914 ? ,G139S (GGT?AGT)  ,,,
LVXD-RC ,DR76_2922 ? / ? fliA ,intergenic,,0.07,
LVXD-RC ,DR76_2922 ? / ? fliA ,intergenic,,0.07,
LVXD-RC ,flhA ? ,coding (1954/2079 nt) ,,,
LVXD-RC ,pheS ? ,R152R (CGC?CGT)  ,,,
LVXD-RC ,ydhC ? ,D198E (GAC?GAA)  ,,0.1,
LVXD-RC ,sodB ? ,G132D (GGC?GAC)  ,,,
LVXD-RC ,DR76_3192 ? ,L244P (CTA?CCA)  ,,,
LVXD-RC ,slyA ? ,coding (333/435 nt) ,,,0.17
LVXD-RC ,pntB ? ,A451T (GCC?ACC)  ,,,0.06
LVXD-RC ,DR76_3362 ? ,P343S (CCA?TCA)  ,,,0.09
LVXD-RC ,yddG ? ,I149T (ATC?ACC)  ,,,
LVXD-RC ,DR76_3396 ? / ? DR76_3397 ,intergenic,,,0.18
LVXD-RC ,DR76_3439 ? ,S1972S (AGC?AGT)  ,,,
LVXD-RC ,mppA ? ,L98Q (CTG?CAG)  ,,,
LVXD-RC ,tyrR ? ,P142P (CCG?CCA)  ,,,
LVXD-RC ,DR76_3479 ? ,G738W (GGG?TGG)  ,,,
LVXD-RC ,DR76_3575 ? ,S162F (TCC?TTC)  ,,,
LVXD-RC ,prmC ? ,G33S (GGC?AGC)  ,,,
LVXD-RC ,DR76_3672 ? ,P350P (CCC?CCT)  ,,,
LVXD-RC ,DR76_3675 ? ,C18C (TGT?TGC)  ,,0.51,0.43
LVXD-RC ,DR76_3685 ? ,C85C (TGT?TGC)  ,,0.06,
LVXD-RC ,DR76_3719 ? ,A154A (GCG?GCA)  ,,,
LVXD-RC ,DR76_3752 ? ,A354V (GCG?GTG)  ,,,
LVXD-RC ,DR76_3761 ? / ? DR76_3762 ,intergenic,,,
LVXD-RC ,ndh ? ,G325S (GGC?AGC)  ,,,
LVXD-RC ,holB ? ,C159Y (TGT?TAT)  ,,,0.07
LVXD-RC ,DR76_3838 ? ,D146G (GAC?GGC)  ,,,
LVXD-RC ,DR76_3843 ? ,coding (47/1098 nt) ,,0.09,
LVXD-RC ,DR76_3954 ? ,T190T (ACG?ACT)  ,,,
LVXD-RC ,DR76_3962 ? ,R44Q (CGG?CAG)  ,,,
LVXD-RC ,DR76_3970 ? ,D347D (GAC?GAT)  ,,,
LVXD-RC ,DR76_3983 ? ,L522L (CTG?CTA)  ,,,
LVXD-RC ,putA ? ,C944C (TGC?TGT)  ,,,
LVXD-RC ,ssuB ? / ? pepN ,intergenic,,,
LVXD-RC ,ssuB ? / ? pepN ,intergenic,,,
LVXD-RC ,ssuB ? / ? pepN ,intergenic,,,
LVXD-RC ,ssuB ? / ? pepN ,intergenic,,,
LVXD-RC ,ompF ? ,coding (34/1089 nt) ,,,0.19
LVXD-RC ,ompF ? ,coding (357?367/1089 nt) ,,,
LVXD-RC ,ompF ? ,coding (362/1089 nt) ,,,
LVXD-RC ,rpsA ? ,E301A (GAA?GCA)  ,,,
LVXD-RC ,focA ? ,G265G (GGC?GGT)  ,,,
LVXD-RC ,DR76_4142 ? ,R430R (CGT?CGC)  ,,,
LVXD-RC ,moeB ? ,R240C (CGT?TGT)  ,,,
LVXD-RC ,galM ? ,A66T (GCC?ACC)  ,,,
LVXD-RC ,cydA ? ,A16V (GCG?GTG)  ,,,
LVXD-RC ,cydA ? ,Q11R (CAG?CGG)  ,,,
LVXD-RC ,kdpB ? ,L610P (CTG?CCG)  ,,,
LVXD-RC ,DR76_4317 ? ,N284D (AAC?GAC)  ,,,
LVXD-RC ,DR76_4390 ? / ? DR76_4391 ,intergenic,,,
LVXD-RC ,DR76_4460 ? ,A340S (GCG?TCG)  ,,,
LVXD-RC ,DR76_4473 ? ,V18I (GTT?ATT)  ,,,
LVXD-RC ,DR76_4473 ? ,E384K (GAA?AAA)  ,,,
LVXD-RC ,acrR ? ,coding (296/648 nt) ,,,0.12
LVXD-RC ,tgt ? ,G296D (GGC?GAC)  ,,0.07,
LVXD-RC ,DR76_4643 ? ,L962P (CTG?CCG)  ,,0.08,
LVXD-RC ,DR76_4658 ? ,L178P (CTA?CCA)  ,,,
LVXD-RC ,DR76_4694 ? / ? pic ,intergenic,,0.1,
LVXD-RC ,DR76_4694 ? / ? pic ,intergenic,,0.11,
LVXD-RC ,DR76_4694 ? / ? pic ,intergenic,,0.11,
LVXD-RC ,DR76_4694 ? / ? pic ,intergenic,,0.11,
LVXD-RC ,DR76_4694 ? / ? pic ,intergenic,,0.11,
LVXD-RC ,DR76_4694 ? / ? pic ,intergenic,,0.11,
LVXD-RC ,DR76_4703 ? / ? DR76_4706 ,intergenic,,,
LVXD-RC ,galF ? ,R185C (CGC?TGC)  ,,,
LVXD-RC ,wzxC ? ,E318G (GAG?GGG)  ,,,
LVXD-RC ,DR76_4821 ? ,coding (4/3123 nt) ,,,
