gene,population,0,440,1100,1540,1980,2200
R0010W,Msh2-1,1,0,0,0,0,0
YAL063C,Msh2-1,1,1,1,1,0,1
YAL053W,Msh2-1,1,1,1,1,0,1
YAL051W,Msh2-1,1,1,0,1,1,1
YAL047C,Msh2-1,1,1,1,1,0,1
YAL047C,Msh2-1,1,1,0,1,0,1
YAL026C,Msh2-1,1,1,1,1,0,1
YAL026C,Msh2-1,1,1,1,1,0,1
YAL026C,Msh2-1,1,1,1,1,0,1
YAL026C,Msh2-1,1,1,1,1,0,1
YAL026C,Msh2-1,1,1,0,1,1,1
YAL013W,Msh2-1,0,1,1,1,0,1
YAL003W,Msh2-1,0,0,0,1,0,1
YAL003W,Msh2-1,0,0,0,0,0,1
YAR014C,Msh2-1,1,1,0,1,0,1
YAR014C,Msh2-1,1,1,0,1,0,1
YAR014C,Msh2-1,1,1,0,1,0,1
YAR019C,Msh2-1,1,1,1,1,0,1
YAR019C,Msh2-1,1,1,0,1,0,0
YAR035W,Msh2-1,0,1,1,1,1,1
YAR050W,Msh2-1,0,0,0,1,0,0
YAR050W,Msh2-1,0,0,0,0,1,0
YBL105C,Msh2-1,1,1,1,1,0,1
YBL105C,Msh2-1,1,1,1,1,0,1
YBL105C,Msh2-1,0,0,1,1,1,1
YBL088C,Msh2-1,0,0,1,1,1,1
YBL088C,Msh2-1,1,1,0,1,1,1
YBL086C,Msh2-1,0,0,0,0,1,1
YBL084C,Msh2-1,1,1,0,1,0,1
YBL068W,Msh2-1,1,1,0,1,0,1
YBL068W,Msh2-1,1,1,0,1,0,1
YBL067C,Msh2-1,1,1,0,1,1,1
YBL062W,Msh2-1,1,1,0,1,0,1
YBL057C,Msh2-1,1,0,0,1,1,0
YBL035C,Msh2-1,0,0,0,0,0,1
YBL005W,Msh2-1,0,0,1,0,0,0
YBR007C,Msh2-1,1,1,1,1,0,1
YBR007C,Msh2-1,1,1,1,1,0,1
YBR021W,Msh2-1,0,0,0,0,1,1
YBR042C,Msh2-1,0,1,0,1,0,1
YBR045C,Msh2-1,1,1,0,1,1,1
YBR076W,Msh2-1,1,1,0,1,0,1
YBR076W,Msh2-1,1,1,0,1,0,1
YBR090C,Msh2-1,0,0,0,1,0,1
YBR094W,Msh2-1,1,1,1,1,0,1
YBR097W,Msh2-1,1,1,0,1,1,1
YBR097W,Msh2-1,1,1,0,1,0,1
YBR108W,Msh2-1,0,0,1,1,1,1
YBR119W,Msh2-1,0,0,0,1,0,1
YBR125C,Msh2-1,0,1,0,0,0,0
YBR138C,Msh2-1,0,0,0,0,0,1
YBR150C,Msh2-1,0,0,0,1,0,1
YBR157C,Msh2-1,0,0,0,0,1,1
YBR167C,Msh2-1,0,0,0,1,1,1
YBR178W,Msh2-1,0,1,0,1,0,1
YBR189W,Msh2-1,0,1,0,1,0,1
YBR202W,Msh2-1,1,1,0,1,0,1
YBR202W,Msh2-1,1,0,0,0,0,0
YBR202W,Msh2-1,1,0,0,0,0,0
YBR202W,Msh2-1,1,0,0,0,0,0
YBR203W,Msh2-1,1,1,0,1,0,1
YBR203W,Msh2-1,1,1,0,1,0,1
YBR203W,Msh2-1,1,1,0,1,0,1
YBR203W,Msh2-1,1,1,0,1,0,1
YBR207W,Msh2-1,1,1,1,1,0,1
YBR207W,Msh2-1,1,1,0,1,0,1
YBR240C,Msh2-1,0,0,0,1,1,1
YBR245C,Msh2-1,1,1,0,1,0,1
YBR262C,Msh2-1,0,0,1,1,1,1
YBR264C,Msh2-1,0,0,0,0,1,1
YBR275C,Msh2-1,1,1,1,1,0,1
YBR276C,Msh2-1,0,1,0,0,0,0
YBR285W,Msh2-1,1,1,1,1,0,1
YBR287W,Msh2-1,0,1,0,1,0,1
YBR289W,Msh2-1,1,1,1,1,0,1
YBR292C,Msh2-1,0,0,0,1,0,0
YBR292C,Msh2-1,0,0,0,0,0,1
YCL034W,Msh2-1,0,0,1,1,1,1
YCL034W,Msh2-1,0,0,1,1,1,1
YCL033C,Msh2-1,0,0,0,0,0,1
YCL024W,Msh2-1,0,0,0,1,1,1
YCL012C,Msh2-1,1,1,1,1,0,1
YCL012C,Msh2-1,1,1,1,1,0,1
YCL002C,Msh2-1,1,1,1,1,0,1
YCR018C,Msh2-1,0,0,0,0,0,1
YCR027C,Msh2-1,0,0,0,1,1,1
YCR033W,Msh2-1,0,0,0,1,1,1
YCR048W,Msh2-1,0,0,1,1,1,1
YCR079W,Msh2-1,0,0,1,1,1,1
YCR093W,Msh2-1,0,0,0,0,0,1
YCR093W,Msh2-1,0,0,0,0,0,1
YDL239C,Msh2-1,1,1,1,1,0,1
YDL237W,Msh2-1,1,1,0,1,0,1
YDL237W,Msh2-1,0,0,1,1,1,1
YDL221W,Msh2-1,0,0,0,0,1,1
YDL213C,Msh2-1,0,0,1,1,1,1
YDL213C,Msh2-1,0,1,1,1,0,1
YDL196W,Msh2-1,0,1,0,1,0,1
YDL190C,Msh2-1,1,1,0,1,1,1
YDL165W,Msh2-1,0,0,1,0,0,0
YDL164C,Msh2-1,0,0,0,1,1,1
YDL152W,Msh2-1,0,0,0,1,1,1
YDL145C,Msh2-1,0,0,1,1,1,1
YDL079C,Msh2-1,0,0,0,0,0,1
YDL044C,Msh2-1,0,0,0,1,0,1
YDL031W,Msh2-1,1,1,1,1,0,1
YDL028C,Msh2-1,1,1,0,1,1,1
YDL028C,Msh2-1,1,1,0,1,0,1
YDL020C,Msh2-1,0,0,0,0,1,1
YDR061W,Msh2-1,0,1,0,0,0,0
YDR170C,Msh2-1,0,0,0,1,1,1
YDR181C,Msh2-1,0,1,1,1,0,1
YDR214W,Msh2-1,0,0,0,0,1,1
YDR259C,Msh2-1,0,0,0,0,0,1
YDR285W,Msh2-1,0,0,0,0,0,1
YDR293C,Msh2-1,0,0,1,1,1,1
YDR350C,Msh2-1,1,0,1,1,1,1
YDR350C,Msh2-1,0,0,1,1,1,1
YDR360W,Msh2-1,1,1,1,1,0,1
YDR381W,Msh2-1,0,1,0,1,0,1
YDR402C,Msh2-1,0,0,0,1,0,1
YDR409W,Msh2-1,0,0,1,1,1,1
YDR490C,Msh2-1,0,0,0,1,0,1
YDR497C,Msh2-1,0,0,1,1,1,1
YDR505C,Msh2-1,1,1,1,1,0,1
YDR509W,Msh2-1,1,1,0,0,0,1
YDR524C,Msh2-1,0,0,1,1,1,1
YDR540C,Msh2-1,0,0,0,1,1,1
YDR544C,Msh2-1,1,0,0,0,0,0
YDR544C,Msh2-1,1,0,0,0,0,0
YIL149C,Msh2-1,0,0,1,1,0,1
YIL149C,Msh2-1,0,0,0,1,0,1
YIL127C,Msh2-1,0,1,1,1,0,1
YIL123W,Msh2-1,0,1,1,0,0,0
YIL092W,Msh2-1,0,0,1,1,1,1
YIL068C,Msh2-1,0,0,0,0,1,1
YIL050W,Msh2-1,1,1,1,1,0,1
YIL049W,Msh2-1,0,0,0,0,1,1
YIL030C,Msh2-1,0,0,0,1,1,1
YIL017C,Msh2-1,1,1,1,1,0,1
YIL013C,Msh2-1,0,0,1,0,0,0
YIR020C,Msh2-1,0,0,0,0,0,1
YIR036C,Msh2-1,0,0,1,1,1,1
Q0045,Msh2-1,0,0,0,0,0,1
Q0045,Msh2-1,0,0,0,0,0,1
Q0045,Msh2-1,0,0,0,0,0,1
Q0105,Msh2-1,0,0,0,1,0,1
YEL069C,Msh2-1,0,0,0,1,0,1
YER023W,Msh2-1,0,1,1,1,1,1
YER032W,Msh2-1,0,1,1,1,1,1
YER032W,Msh2-1,0,0,0,1,0,1
YER075C,Msh2-1,1,1,0,1,1,1
YER075C,Msh2-1,1,1,0,1,0,1
YER075C,Msh2-1,1,1,0,1,1,1
YER097W,Msh2-1,0,0,0,0,1,1
YER098W,Msh2-1,0,0,0,0,0,1
YER130C,Msh2-1,0,0,0,0,1,1
YER164W,Msh2-1,0,0,0,1,1,1
YER172C,Msh2-1,0,0,0,1,0,1
YFL039C,Msh2-1,1,0,0,0,0,0
YFL032W,Msh2-1,0,1,1,1,1,1
YFL026W,Msh2-1,1,1,1,1,0,1
YFL022C,Msh2-1,1,1,1,1,0,1
YFL008W,Msh2-1,0,1,1,1,1,1
YFL003C,Msh2-1,0,1,1,1,1,1
YFR031C,Msh2-1,1,1,1,1,0,1
YGL236C,Msh2-1,0,0,1,1,1,1
YGL222C,Msh2-1,0,0,0,0,0,1
YGL214W,Msh2-1,1,1,0,1,0,1
YGL200C,Msh2-1,0,0,1,1,1,1
YGL197W,Msh2-1,1,1,0,1,1,1
YGL197W,Msh2-1,0,0,0,0,1,0
YGL197W,Msh2-1,1,1,1,1,0,1
YGL197W,Msh2-1,0,1,0,1,0,1
YGL176C,Msh2-1,0,1,0,1,0,1
YGL159W,Msh2-1,0,0,0,0,0,1
YGL155W,Msh2-1,0,0,1,1,0,1
YGL145W,Msh2-1,1,1,0,1,1,1
YGL144C,Msh2-1,0,0,1,1,1,1
YGL092W,Msh2-1,0,0,0,0,0,1
YGL059W,Msh2-1,0,0,0,1,0,1
YGL059W,Msh2-1,1,1,0,1,0,1
YGL059W,Msh2-1,1,1,0,1,0,1
YGL041C,Msh2-1,0,1,1,1,1,0
YGR012W,Msh2-1,0,0,0,0,0,1
YGR023W,Msh2-1,1,0,0,1,0,0
YGR053C,Msh2-1,0,0,0,1,1,1
YGR058W,Msh2-1,1,1,1,1,0,1
YGR067C,Msh2-1,1,1,0,1,0,1
YGR070W,Msh2-1,1,1,0,1,1,1
YGR095C,Msh2-1,0,1,0,0,0,0
YGR108W,Msh2-1,0,0,0,1,1,1
YGR121C,Msh2-1,0,1,1,1,1,1
YGR123C,Msh2-1,0,0,0,0,1,1
YGR125W,Msh2-1,0,0,1,1,1,1
YGR139W,Msh2-1,0,0,0,1,0,1
YGR146C,Msh2-1,0,1,1,1,1,1
YGR154C,Msh2-1,0,0,0,1,1,1
YGR217W,Msh2-1,0,0,0,0,1,1
YGR221C,Msh2-1,1,1,0,1,1,1
YGR221C,Msh2-1,1,1,0,1,0,1
YGR233C,Msh2-1,0,0,0,1,0,1
YGR249W,Msh2-1,0,1,1,1,1,1
YGR257C,Msh2-1,1,1,1,1,0,1
YGR271W,Msh2-1,1,1,0,1,0,1
YGR273C,Msh2-1,0,1,0,0,0,0
YGR274C,Msh2-1,1,1,0,1,1,1
YGR274C,Msh2-1,1,1,0,1,0,1
YGR274C,Msh2-1,0,0,0,1,1,1
YGR283C,Msh2-1,0,0,0,0,0,1
YHL042W,Msh2-1,0,1,0,1,0,1
YHL041W,Msh2-1,1,1,0,1,0,1
YHL035C,Msh2-1,0,0,0,0,0,1
YHL022C,Msh2-1,1,0,0,0,0,0
YHR009C,Msh2-1,0,0,1,0,0,0
YHR034C,Msh2-1,0,1,0,0,0,0
YHR037W,Msh2-1,0,0,0,1,0,1
YHR056C,Msh2-1,0,1,0,1,1,1
YHR058C,Msh2-1,0,1,1,1,1,1
YHR072W,Msh2-1,1,1,1,1,0,1
YHR093W,Msh2-1,0,0,1,0,0,0
YHR095W,Msh2-1,0,0,1,1,1,1
YHR095W,Msh2-1,1,1,1,1,0,1
YHR119W,Msh2-1,0,0,1,1,1,1
YHR127W,Msh2-1,0,0,0,0,1,1
YHR168W,Msh2-1,1,0,1,1,1,0
YHR173C,Msh2-1,0,0,0,1,0,1
YHR186C,Msh2-1,0,1,0,0,0,0
YHR197W,Msh2-1,1,1,1,1,0,1
YHR211W,Msh2-1,0,0,1,0,0,0
YHR211W,Msh2-1,0,0,1,0,0,0
YHR211W,Msh2-1,0,0,1,0,0,0
YJL207C,Msh2-1,0,0,0,1,0,1
YJL205C,Msh2-1,1,1,0,1,0,1
YJL185C,Msh2-1,0,1,1,1,1,1
YJL183W,Msh2-1,1,1,0,1,1,1
YJL171C,Msh2-1,1,1,1,1,0,1
YJL169W,Msh2-1,1,1,1,1,0,1
YJL164C,Msh2-1,1,1,1,1,0,1
YJL164C,Msh2-1,1,1,0,1,0,1
YJL149W,Msh2-1,0,1,0,1,0,1
YJL131C,Msh2-1,0,1,0,0,0,0
YJL129C,Msh2-1,0,0,1,1,1,1
YJL113W,Msh2-1,1,1,0,1,0,1
YJL099W,Msh2-1,0,1,0,0,0,0
YJL084C,Msh2-1,0,0,0,0,0,1
YJL079C,Msh2-1,0,0,0,0,0,1
YJL073W,Msh2-1,0,0,1,1,1,1
YJL042W,Msh2-1,0,0,0,0,1,1
YJL039C,Msh2-1,0,0,0,1,1,1
YJL015C,Msh2-1,1,1,0,1,0,1
YJL013C,Msh2-1,0,0,0,0,0,1
YJL011C,Msh2-1,1,1,1,1,0,1
YJR061W,Msh2-1,0,0,1,1,1,1
YJR071W,Msh2-1,0,1,0,1,0,1
YJR087W,Msh2-1,0,1,0,0,0,0
YJR091C,Msh2-1,0,0,0,0,1,0
YJR094C,Msh2-1,0,0,0,0,0,1
YJR098C,Msh2-1,1,1,0,1,0,1
YJR098C,Msh2-1,1,1,0,1,0,1
YJR098C,Msh2-1,1,1,0,1,0,1
YJR103W,Msh2-1,1,1,1,1,0,1
YJR107W,Msh2-1,1,1,0,1,0,1
YJR107W,Msh2-1,1,1,0,1,0,1
YJR147W,Msh2-1,0,0,0,0,1,1
YJR151C,Msh2-1,1,1,0,1,0,0
YJR154W,Msh2-1,0,1,1,1,1,1
YJR160C,Msh2-1,0,0,1,0,0,0
YKL198C,Msh2-1,1,1,1,0,0,0
YKL198C,Msh2-1,1,1,1,1,0,1
YKL174C,Msh2-1,0,1,0,1,0,1
YKL157W,Msh2-1,0,0,1,1,1,1
YKL157W,Msh2-1,1,1,1,1,0,1
YKL156W,Msh2-1,1,1,0,1,0,1
YKL134C,Msh2-1,0,1,0,1,0,1
YKL134C,Msh2-1,0,0,0,1,0,1
YKL133C,Msh2-1,1,1,1,1,0,1
YKL129C,Msh2-1,1,1,1,1,0,1
YKL129C,Msh2-1,0,0,0,1,1,1
YKL129C,Msh2-1,1,0,0,1,0,1
YKL129C,Msh2-1,1,0,0,1,0,1
YKL129C,Msh2-1,1,0,0,1,0,1
YKL129C,Msh2-1,1,1,0,1,0,1
YKL101W,Msh2-1,1,1,0,1,0,1
YKL072W,Msh2-1,0,1,0,1,0,1
YKL066W,Msh2-1,0,0,0,1,1,1
YKL044W,Msh2-1,0,0,0,0,0,1
YKL030W,Msh2-1,0,0,0,1,0,1
YKR008W,Msh2-1,1,1,1,1,0,1
YKR011C,Msh2-1,0,0,0,0,0,1
YKR012C,Msh2-1,1,1,0,1,1,1
YKR015C,Msh2-1,0,0,1,1,1,1
YKR015C,Msh2-1,0,1,1,1,1,1
YKR016W,Msh2-1,0,0,0,1,0,1
YKR040C,Msh2-1,0,1,0,1,0,1
YKR054C,Msh2-1,0,0,0,0,0,1
YKR060W,Msh2-1,0,0,0,0,0,1
YKR094C,Msh2-1,1,1,0,1,1,1
YLL054C,Msh2-1,1,1,1,1,0,1
YLL037W,Msh2-1,0,0,0,0,0,1
YLL015W,Msh2-1,0,0,0,1,0,1
YLL010C,Msh2-1,0,0,0,1,0,0
YLR024C,Msh2-1,1,1,0,1,0,1
YLR030W,Msh2-1,0,0,1,1,1,1
YLR030W,Msh2-1,0,0,0,1,0,1
YLR037C,Msh2-1,0,1,1,1,1,1
YLR054C,Msh2-1,0,0,0,1,1,1
YLR078C,Msh2-1,0,1,1,1,1,1
YLR087C,Msh2-1,0,0,1,1,1,1
YLR140W,Msh2-1,1,0,0,0,0,0
YLR141W,Msh2-1,0,1,1,1,1,1
YLR163C,Msh2-1,0,0,0,1,1,1
YLR202C,Msh2-1,0,0,0,1,0,0
YLR209C,Msh2-1,0,0,0,1,1,1
YLR211C,Msh2-1,0,0,1,1,0,1
YLR223C,Msh2-1,0,0,0,1,0,1
YLR233C,Msh2-1,0,0,0,1,1,1
YLR233C,Msh2-1,0,0,0,0,0,1
YLR260W,Msh2-1,0,0,0,1,0,1
YLR263W,Msh2-1,0,1,1,1,1,1
YLR273C,Msh2-1,0,0,0,1,0,1
YLR279W,Msh2-1,0,0,1,1,0,1
YLR309C,Msh2-1,1,1,0,1,0,1
YLR310C,Msh2-1,0,1,1,1,1,1
YLR311C,Msh2-1,0,0,0,1,0,1
YLR314C,Msh2-1,1,1,0,1,0,1
YLR326W,Msh2-1,0,0,1,1,1,1
YLR381W,Msh2-1,0,0,0,1,1,1
YLR419W,Msh2-1,0,0,0,1,1,1
YLR419W,Msh2-1,0,0,0,0,0,1
YLR452C,Msh2-1,0,0,1,0,0,0
YLR454W,Msh2-1,0,0,0,1,0,1
YLR455W,Msh2-1,0,0,0,0,1,1
YML096W,Msh2-1,0,0,0,0,0,1
YML006C,Msh2-1,0,0,0,1,0,1
YMR036C,Msh2-1,0,0,0,0,0,1
YMR076C,Msh2-1,0,0,0,0,0,1
YMR101C,Msh2-1,0,0,0,1,0,1
YMR129W,Msh2-1,0,0,0,1,0,1
YMR137C,Msh2-1,0,0,0,0,0,1
YMR139W,Msh2-1,0,0,0,1,0,1
YMR160W,Msh2-1,0,0,0,1,0,1
YMR162C,Msh2-1,0,0,0,0,0,1
YMR185W,Msh2-1,1,1,1,1,0,1
YMR186W,Msh2-1,0,0,0,1,1,1
YMR207C,Msh2-1,1,1,0,1,0,1
YMR207C,Msh2-1,1,1,0,1,0,1
YMR210W,Msh2-1,0,0,0,0,0,1
YMR213W,Msh2-1,0,0,0,1,1,1
YMR238W,Msh2-1,0,0,0,1,1,1
YMR274C,Msh2-1,0,1,1,1,1,1
YMR306W,Msh2-1,0,0,1,0,0,0
YMR306W,Msh2-1,0,0,0,0,1,1
YMR308C,Msh2-1,0,1,1,1,1,1
YNL338W,Msh2-1,0,0,0,0,1,1
YNL288W,Msh2-1,0,1,1,1,1,1
YNL286W,Msh2-1,0,0,0,0,0,1
YNL271C,Msh2-1,1,1,1,1,0,1
YNL269W,Msh2-1,0,0,0,1,1,1
YNL262W,Msh2-1,0,0,0,1,1,1
YNL250W,Msh2-1,0,0,0,0,1,1
YNL243W,Msh2-1,1,1,1,1,0,1
YNL233W,Msh2-1,0,0,0,1,1,1
YNL205C,Msh2-1,0,1,1,1,0,0
YNL201C,Msh2-1,0,0,0,0,0,1
YNL197C,Msh2-1,0,1,1,1,1,1
YNL196C,Msh2-1,0,0,0,1,0,0
YNL193W,Msh2-1,0,0,1,1,0,1
YNL192W,Msh2-1,0,1,0,1,1,1
YNL192W,Msh2-1,1,1,0,1,0,1
YNL190W,Msh2-1,0,0,0,1,1,1
YNL179C,Msh2-1,0,0,1,1,1,1
YNL177C,Msh2-1,1,1,0,1,1,1
YNL172W,Msh2-1,1,1,0,1,0,1
YNL125C,Msh2-1,0,0,0,0,0,1
YNL123W,Msh2-1,0,0,1,1,1,1
YNL103W,Msh2-1,0,1,0,1,0,1
YNL039W,Msh2-1,0,0,1,1,1,1
YNL008C,Msh2-1,0,0,0,1,0,1
YNR020C,Msh2-1,0,1,0,1,0,0
YNR030W,Msh2-1,0,0,0,0,0,1
YNR053C,Msh2-1,1,1,0,1,0,1
YNR053C,Msh2-1,0,0,0,1,0,0
YNR053C,Msh2-1,0,0,0,1,0,1
YNR056C,Msh2-1,0,0,0,1,1,1
YNR067C,Msh2-1,0,0,0,1,1,1
YNR070W,Msh2-1,0,0,0,1,1,1
YNR075W,Msh2-1,0,0,0,0,0,1
YOL145C,Msh2-1,1,1,1,1,0,1
YOL145C,Msh2-1,1,1,1,1,0,1
YOL145C,Msh2-1,1,1,1,1,0,1
YOL145C,Msh2-1,1,1,0,1,1,1
YOL145C,Msh2-1,0,0,0,0,1,1
YOL123W,Msh2-1,0,0,0,0,1,1
YOL107W,Msh2-1,0,0,0,0,0,1
YOL075C,Msh2-1,1,1,1,1,0,1
YOL058W,Msh2-1,1,1,0,1,1,1
YOL054W,Msh2-1,0,0,0,1,1,1
YOL004W,Msh2-1,0,0,0,0,0,1
YOR006C,Msh2-1,0,0,0,1,1,1
YOR022C,Msh2-1,0,0,1,0,0,0
YOR029W,Msh2-1,0,0,0,1,0,1
YOR038C,Msh2-1,0,0,1,1,1,1
YOR053W,Msh2-1,0,0,1,0,0,0
YOR149C,Msh2-1,1,1,0,1,0,1
YOR149C,Msh2-1,0,0,1,0,0,0
YOR149C,Msh2-1,1,1,1,1,0,1
YOR182C,Msh2-1,0,0,0,0,0,1
YOR197W,Msh2-1,0,0,0,1,1,1
YOR199W,Msh2-1,0,0,0,1,1,1
YOR227W,Msh2-1,0,1,1,1,1,1
YOR229W,Msh2-1,0,0,0,1,0,1
YOR233W,Msh2-1,0,0,0,1,0,1
YOR246C,Msh2-1,0,0,1,0,0,0
YOR255W,Msh2-1,0,1,1,1,1,1
YOR257W,Msh2-1,0,0,0,0,1,1
YOR264W,Msh2-1,0,0,0,1,1,1
YOR304W,Msh2-1,0,1,0,1,0,1
YOR308C,Msh2-1,0,0,0,0,0,1
YOR347C,Msh2-1,0,1,1,1,1,1
YOR353C,Msh2-1,0,0,0,0,1,1
YOR376W,Msh2-1,0,0,1,1,1,1
YOR392W,Msh2-1,0,1,0,1,0,1
YPL218W,Msh2-1,0,1,0,1,0,1
YPL195W,Msh2-1,0,1,0,1,0,1
YPL161C,Msh2-1,0,0,0,0,0,1
YPL143W,Msh2-1,0,0,0,0,0,1
YPL137C,Msh2-1,0,0,1,1,1,1
YPL097W,Msh2-1,0,0,0,0,1,1
YPL094C,Msh2-1,0,0,0,0,1,1
YPL085W,Msh2-1,0,0,1,1,1,1
YPL032C,Msh2-1,0,0,0,1,0,1
YPL016W,Msh2-1,0,0,0,0,1,1
YPL009C,Msh2-1,0,0,1,1,1,1
YPL009C,Msh2-1,0,0,0,1,0,0
YPR016C,Msh2-1,0,0,0,0,0,1
YPR061C,Msh2-1,0,0,0,1,1,1
YPR068C,Msh2-1,0,0,1,1,1,1
YPR164W,Msh2-1,0,0,1,1,1,1
YPR192W,Msh2-1,0,0,1,1,1,1
YAL067C,Msh2-2,0,0,0,0,1,1
YAL063C,Msh2-2,0,0,0,0,1,0
YAL063C,Msh2-2,0,1,0,0,0,0
YAL056W,Msh2-2,1,1,0,1,1,1
YAL051W,Msh2-2,1,0,0,1,1,1
YAL047C,Msh2-2,1,0,0,1,0,1
YAL047C,Msh2-2,1,0,0,1,0,1
YAL036C,Msh2-2,0,0,1,1,1,1
YAL026C,Msh2-2,1,0,0,1,1,1
YAL026C,Msh2-2,1,0,0,1,1,1
YAL026C,Msh2-2,1,0,1,1,1,1
YAL013W,Msh2-2,0,1,0,1,1,1
YAR014C,Msh2-2,1,0,1,0,0,1
YAR014C,Msh2-2,1,0,0,0,0,0
YAR014C,Msh2-2,1,1,0,1,1,1
YAR018C,Msh2-2,0,0,0,1,1,1
YAR019C,Msh2-2,1,1,1,1,1,1
YAR019C,Msh2-2,0,0,0,0,1,1
YBL106C,Msh2-2,1,1,0,1,1,1
YBL104C,Msh2-2,0,0,0,0,1,1
YBL084C,Msh2-2,1,0,0,1,0,1
YBL068W,Msh2-2,1,0,1,1,0,1
YBL068W,Msh2-2,1,0,1,1,0,1
YBL064C,Msh2-2,0,0,0,0,0,1
YBL062W,Msh2-2,1,0,0,1,0,1
YBL057C,Msh2-2,1,1,1,0,0,0
YBL022C,Msh2-2,0,1,1,1,1,1
YBL012C,Msh2-2,0,0,0,1,0,1
YBL009W,Msh2-2,0,0,0,1,0,1
YBR007C,Msh2-2,0,0,0,1,0,1
YBR007C,Msh2-2,1,0,1,1,1,1
YBR007C,Msh2-2,1,1,1,1,0,1
YBR044C,Msh2-2,1,1,0,1,1,1
YBR045C,Msh2-2,1,0,1,1,1,1
YBR054W,Msh2-2,0,0,0,0,1,1
YBR065C,Msh2-2,0,0,0,0,0,0
YBR068C,Msh2-2,1,0,1,1,0,1
YBR069C,Msh2-2,0,0,0,1,0,0
YBR076W,Msh2-2,1,0,1,1,1,1
YBR076W,Msh2-2,1,0,0,1,0,1
YBR090C,Msh2-2,0,0,1,1,0,1
YBR094W,Msh2-2,1,1,0,1,1,1
YBR097W,Msh2-2,1,0,1,1,1,1
YBR115C,Msh2-2,0,0,1,1,1,1
YBR121C,Msh2-2,1,1,1,1,0,1
YBR121C,Msh2-2,1,1,1,1,0,1
YBR140C,Msh2-2,0,0,1,1,1,1
YBR140C,Msh2-2,0,0,0,0,1,1
YBR140C,Msh2-2,0,0,0,1,1,1
YBR140C,Msh2-2,0,0,1,1,1,1
YBR148W,Msh2-2,0,0,0,1,0,1
YBR148W,Msh2-2,0,0,0,0,0,1
YBR150C,Msh2-2,0,0,0,1,0,1
YBR150C,Msh2-2,0,0,1,1,1,1
YBR161W,Msh2-2,0,0,0,1,0,0
YBR178W,Msh2-2,0,0,0,1,0,1
YBR186W,Msh2-2,0,0,0,1,0,1
YBR200W,Msh2-2,0,0,0,1,1,1
YBR202W,Msh2-2,1,1,1,1,0,1
YBR202W,Msh2-2,1,0,0,0,0,1
YBR202W,Msh2-2,1,0,0,0,0,1
YBR202W,Msh2-2,1,0,0,0,0,1
YBR202W,Msh2-2,1,1,1,1,0,1
YBR203W,Msh2-2,1,0,0,1,0,1
YBR203W,Msh2-2,1,0,0,1,0,1
YBR203W,Msh2-2,1,0,0,1,0,1
YBR203W,Msh2-2,1,0,0,1,0,1
YBR207W,Msh2-2,1,0,0,1,0,1
YBR207W,Msh2-2,1,0,1,1,0,1
YBR219C,Msh2-2,0,0,1,1,0,1
YBR226C,Msh2-2,0,0,0,1,0,1
YBR237W,Msh2-2,0,0,1,1,0,1
YBR245C,Msh2-2,1,0,0,1,0,1
YBR246W,Msh2-2,0,1,1,1,1,1
YBR247C,Msh2-2,0,0,0,1,0,0
YBR275C,Msh2-2,1,0,1,1,0,1
YBR281C,Msh2-2,0,0,1,1,0,1
YBR288C,Msh2-2,1,1,0,1,1,1
YBR292C,Msh2-2,0,0,0,1,0,1
YCL024W,Msh2-2,0,1,1,1,1,1
YCL012C,Msh2-2,1,0,0,1,1,1
YCL012C,Msh2-2,1,0,0,1,1,1
YCL002C,Msh2-2,1,0,1,1,1,1
YCR001W,Msh2-2,0,0,0,1,0,0
YCR018C,Msh2-2,0,0,0,1,0,0
YCR031C,Msh2-2,0,0,0,0,0,1
YCR048W,Msh2-2,0,0,0,1,1,1
YCR077C,Msh2-2,1,0,1,1,1,1
YDL240W,Msh2-2,1,1,1,1,0,1
YDL240W,Msh2-2,0,0,0,0,1,1
YDL237W,Msh2-2,1,0,0,1,0,1
YDL227C,Msh2-2,0,0,1,1,1,1
YDL204W,Msh2-2,0,1,1,1,1,1
YDL196W,Msh2-2,0,0,1,1,0,1
YDL159W,Msh2-2,0,1,1,1,1,1
YDL145C,Msh2-2,0,0,0,0,0,1
YDL141W,Msh2-2,0,1,1,1,1,1
YDL114W,Msh2-2,0,0,0,1,0,1
YDL094C,Msh2-2,0,0,0,1,0,1
YDL079C,Msh2-2,0,0,0,1,0,1
YDL034W,Msh2-2,0,0,0,1,0,1
YDL031W,Msh2-2,1,1,1,1,1,1
YDL028C,Msh2-2,1,0,0,1,1,1
YDL028C,Msh2-2,1,1,0,1,1,1
YDL023C,Msh2-2,0,0,0,0,0,1
YDL018C,Msh2-2,0,0,0,0,0,1
YDR010C,Msh2-2,0,0,0,0,1,1
YDR030C,Msh2-2,0,0,1,1,1,1
YDR071C,Msh2-2,0,0,0,1,0,1
YDR159W,Msh2-2,0,0,0,0,1,1
YDR160W,Msh2-2,0,0,0,0,1,1
YDR178W,Msh2-2,0,0,1,1,1,0
YDR186C,Msh2-2,0,0,0,1,1,1
YDR206W,Msh2-2,0,0,0,0,1,1
YDR223W,Msh2-2,0,0,0,1,1,1
YDR283C,Msh2-2,0,0,0,0,0,1
YDR293C,Msh2-2,1,1,1,1,1,0
YDR312W,Msh2-2,0,0,0,0,1,1
YDR348C,Msh2-2,0,0,0,0,1,1
YDR350C,Msh2-2,1,1,1,1,1,1
YDR360W,Msh2-2,1,0,1,1,1,1
YDR381W,Msh2-2,0,0,0,1,0,1
YDR403W,Msh2-2,0,0,1,1,1,1
YDR414C,Msh2-2,1,0,0,1,1,1
YDR445C,Msh2-2,0,0,1,1,0,1
YDR457W,Msh2-2,0,0,0,0,0,1
YDR480W,Msh2-2,0,1,1,1,1,1
YDR505C,Msh2-2,1,0,0,1,0,1
YDR509W,Msh2-2,1,0,0,1,0,0
YDR509W,Msh2-2,0,0,0,0,0,1
YDR527W,Msh2-2,0,0,0,1,1,1
YDR544C,Msh2-2,1,0,1,1,1,1
YDR544C,Msh2-2,1,0,1,1,1,1
YIL159W,Msh2-2,0,0,0,0,1,1
YIL156W,Msh2-2,0,0,0,0,0,1
YIL149C,Msh2-2,0,0,0,0,0,1
YIL139C,Msh2-2,0,1,1,1,1,1
YIL137C,Msh2-2,0,1,1,1,1,1
YIL127C,Msh2-2,0,0,0,1,0,1
YIL123W,Msh2-2,0,0,1,1,1,1
YIL123W,Msh2-2,0,0,1,1,0,1
YIL105C,Msh2-2,0,0,0,0,1,0
YIL101C,Msh2-2,0,0,1,1,1,1
YIL096C,Msh2-2,0,0,0,1,1,1
YIL085C,Msh2-2,0,0,0,0,0,1
YIL050W,Msh2-2,1,0,0,1,0,1
YIL044C,Msh2-2,0,0,0,1,1,1
YIL026C,Msh2-2,0,0,0,0,1,0
YIL017C,Msh2-2,1,0,1,1,1,1
YIL017C,Msh2-2,0,0,0,1,1,1
YIL005W,Msh2-2,0,0,0,0,0,1
YEL040W,Msh2-2,0,0,0,0,0,1
YEL020C,Msh2-2,0,0,0,0,0,1
YER001W,Msh2-2,1,0,1,1,1,1
YER003C,Msh2-2,0,0,0,1,1,1
YER018C,Msh2-2,0,0,1,0,0,0
YER075C,Msh2-2,1,0,0,1,1,1
YER075C,Msh2-2,1,0,0,1,0,1
YER075C,Msh2-2,0,0,0,1,0,1
YER090W,Msh2-2,0,0,0,1,1,1
YER133W,Msh2-2,0,0,0,1,0,0
YER177W,Msh2-2,0,0,0,0,0,1
YFL039C,Msh2-2,1,0,0,1,0,1
YFL019C,Msh2-2,0,0,0,0,0,1
YFL008W,Msh2-2,0,0,0,1,1,1
YFR031C,Msh2-2,1,0,0,1,1,1
YFR038W,Msh2-2,0,0,0,1,1,1
YFR038W,Msh2-2,0,0,0,1,0,1
YGL249W,Msh2-2,0,0,0,1,1,1
YGL243W,Msh2-2,0,0,0,0,0,1
YGL229C,Msh2-2,0,0,0,1,0,1
YGL214W,Msh2-2,1,0,1,1,0,1
YGL149W,Msh2-2,0,0,0,0,0,0
YGL145W,Msh2-2,1,1,1,1,0,1
YGL124C,Msh2-2,1,1,1,1,0,1
YGL109W,Msh2-2,1,1,1,1,0,1
YGL103W,Msh2-2,0,0,0,0,0,1
YGL090W,Msh2-2,0,0,0,1,1,1
YGL059W,Msh2-2,1,0,0,1,0,1
YGL059W,Msh2-2,1,0,0,1,0,1
YGL041C,Msh2-2,0,0,1,0,1,1
YGR023W,Msh2-2,1,0,0,0,0,0
YGR028W,Msh2-2,0,1,1,1,1,1
YGR067C,Msh2-2,1,1,1,1,0,1
YGR070W,Msh2-2,1,1,0,1,0,1
YGR094W,Msh2-2,0,0,0,0,1,1
YGR094W,Msh2-2,0,0,0,0,0,0
YGR097W,Msh2-2,0,0,0,0,1,1
YGR107W,Msh2-2,0,1,1,0,0,0
YGR108W,Msh2-2,0,0,0,1,1,1
YGR118W,Msh2-2,1,0,1,1,1,1
YGR142W,Msh2-2,0,0,0,0,0,1
YGR143W,Msh2-2,0,0,0,1,1,1
YGR170W,Msh2-2,0,0,0,0,1,1
YGR199W,Msh2-2,0,0,1,1,1,1
YGR204W,Msh2-2,0,0,0,0,1,1
YGR211W,Msh2-2,0,0,0,0,1,1
YGR221C,Msh2-2,1,0,1,1,1,1
YGR227W,Msh2-2,1,1,0,1,1,1
YGR257C,Msh2-2,1,1,1,1,0,1
YGR271W,Msh2-2,1,1,0,1,1,1
YGR273C,Msh2-2,0,0,0,0,0,1
YGR274C,Msh2-2,1,0,1,1,0,1
YGR274C,Msh2-2,1,0,1,1,0,1
YHL050C,Msh2-2,0,0,0,1,0,0
YHL041W,Msh2-2,1,0,0,0,0,1
YHL032C,Msh2-2,0,0,0,0,1,1
YHL032C,Msh2-2,0,0,0,1,1,1
YHL022C,Msh2-2,1,0,0,0,0,0
YHR004C,Msh2-2,0,0,1,1,0,1
YHR043C,Msh2-2,0,0,0,1,0,1
YHR046C,Msh2-2,0,1,1,1,1,1
YHR049W,Msh2-2,0,1,1,1,1,1
YHR077C,Msh2-2,0,0,0,1,0,1
YHR079C,Msh2-2,0,0,1,1,1,1
YHR082C,Msh2-2,0,0,0,0,1,1
YHR093W,Msh2-2,0,1,1,0,0,1
YHR152W,Msh2-2,0,1,1,1,0,1
YHR168W,Msh2-2,1,1,1,1,1,0
YHR173C,Msh2-2,0,0,0,1,0,0
YHR197W,Msh2-2,1,0,0,1,1,1
YHR203C,Msh2-2,0,0,0,0,1,1
YHR211W,Msh2-2,0,0,1,0,0,1
YJL207C,Msh2-2,0,0,0,1,0,1
YJL205C,Msh2-2,1,0,0,1,0,1
YJL179W,Msh2-2,1,1,1,1,0,1
YJL173C,Msh2-2,0,0,1,1,1,1
YJL171C,Msh2-2,1,1,1,1,0,1
YJL164C,Msh2-2,1,1,1,1,0,1
YJL153C,Msh2-2,0,0,0,0,1,1
YJL137C,Msh2-2,0,0,0,1,1,1
YJL113W,Msh2-2,1,0,0,1,0,1
YJL112W,Msh2-2,1,0,1,1,1,1
YJL077C,Msh2-2,0,0,0,0,0,1
YJL074C,Msh2-2,0,1,1,1,1,1
YJL015C,Msh2-2,1,0,0,1,0,1
YJR015W,Msh2-2,0,0,1,1,0,1
YJR041C,Msh2-2,0,0,0,0,0,1
YJR087W,Msh2-2,0,0,0,1,0,1
YJR098C,Msh2-2,1,0,0,1,0,1
YJR098C,Msh2-2,1,0,0,1,0,1
YJR098C,Msh2-2,1,0,1,1,0,1
YJR107W,Msh2-2,1,1,0,1,1,1
YJR107W,Msh2-2,1,1,0,1,1,1
YJR122W,Msh2-2,0,0,1,1,1,1
YJR138W,Msh2-2,1,0,1,1,1,1
YJR151C,Msh2-2,1,0,1,1,0,1
YKL217W,Msh2-2,0,0,0,0,1,1
YKL198C,Msh2-2,1,1,1,1,1,0
YKL197C,Msh2-2,0,1,1,1,0,1
YKL156W,Msh2-2,0,0,0,1,0,1
YKL156W,Msh2-2,1,0,0,1,0,1
YKL134C,Msh2-2,0,0,0,1,0,0
YKL129C,Msh2-2,1,0,0,1,0,1
YKL129C,Msh2-2,1,0,0,1,0,1
YKL129C,Msh2-2,1,0,0,1,0,1
YKL129C,Msh2-2,1,0,0,1,0,1
YKL126W,Msh2-2,0,0,1,0,0,0
YKL115C,Msh2-2,0,0,0,0,0,1
YKL115C,Msh2-2,0,0,0,1,0,1
YKL101W,Msh2-2,1,0,0,1,0,1
YKL070W,Msh2-2,0,0,0,1,1,1
YKL054C,Msh2-2,0,1,1,1,1,1
YKL030W,Msh2-2,0,0,0,0,0,1
YKL021C,Msh2-2,0,0,0,0,0,1
YKR011C,Msh2-2,0,0,0,1,0,1
YKR023W,Msh2-2,0,0,0,1,0,1
YKR040C,Msh2-2,0,0,0,1,0,1
YKR054C,Msh2-2,0,0,1,1,1,1
YKR080W,Msh2-2,0,0,1,1,1,1
YKR090W,Msh2-2,1,1,0,1,1,1
YKR094C,Msh2-2,1,1,0,1,1,1
YLL005C,Msh2-2,0,0,0,1,0,0
YLR014C,Msh2-2,0,0,0,0,0,1
YLR024C,Msh2-2,1,1,1,1,0,1
YLR030W,Msh2-2,0,0,0,1,0,1
YLR039C,Msh2-2,0,0,0,0,1,1
YLR039C,Msh2-2,0,0,0,0,1,1
YLR075W,Msh2-2,0,0,0,0,1,1
YLR111W,Msh2-2,0,0,0,0,0,1
YLR139C,Msh2-2,0,0,0,0,1,1
YLR140W,Msh2-2,1,0,0,0,0,0
YLR140W,Msh2-2,0,0,1,1,1,1
YLR145W,Msh2-2,0,0,0,1,0,1
YLR146C,Msh2-2,0,0,0,0,0,1
YLR153C,Msh2-2,0,0,0,0,0,1
YLR184W,Msh2-2,0,1,1,1,1,1
YLR186W,Msh2-2,0,0,0,0,1,1
YLR201C,Msh2-2,0,0,1,1,1,1
YLR202C,Msh2-2,0,0,0,1,0,0
YLR212C,Msh2-2,0,0,0,0,0,1
YLR260W,Msh2-2,0,0,0,1,0,0
YLR276C,Msh2-2,0,0,0,1,1,1
YLR279W,Msh2-2,0,1,1,1,0,1
YLR296W,Msh2-2,0,0,0,1,0,0
YLR296W,Msh2-2,0,0,0,1,0,0
YLR309C,Msh2-2,0,0,0,0,0,0
YLR311C,Msh2-2,0,0,0,1,0,1
YLR313C,Msh2-2,1,0,0,1,0,1
YLR314C,Msh2-2,1,0,0,1,0,1
YLR345W,Msh2-2,0,0,1,1,1,1
YLR426W,Msh2-2,0,0,0,0,0,1
YLR442C,Msh2-2,0,0,0,1,0,1
YLR454W,Msh2-2,0,0,0,1,1,1
YLR455W,Msh2-2,0,0,0,0,0,1
YML122C,Msh2-2,0,0,0,0,1,1
YML017W,Msh2-2,0,0,0,1,0,1
YMR014W,Msh2-2,0,0,0,1,1,1
YMR026C,Msh2-2,0,0,0,0,0,1
YMR047C,Msh2-2,0,0,1,1,1,1
YMR076C,Msh2-2,0,0,0,1,0,1
YMR167W,Msh2-2,0,0,0,1,0,0
YMR185W,Msh2-2,1,1,0,1,1,1
YMR204C,Msh2-2,0,0,1,1,0,1
YMR207C,Msh2-2,0,0,0,0,0,1
YMR207C,Msh2-2,0,0,0,1,0,1
YMR207C,Msh2-2,1,0,1,1,1,1
YMR207C,Msh2-2,1,0,1,1,1,1
YMR217W,Msh2-2,0,0,0,0,0,1
YMR265C,Msh2-2,0,0,0,1,0,1
YMR299C,Msh2-2,1,0,1,1,1,1
YMR319C,Msh2-2,0,1,1,1,1,1
YNL322C,Msh2-2,0,1,1,1,1,1
YNL278W,Msh2-2,0,0,0,0,1,1
YNL196C,Msh2-2,0,0,0,1,0,1
YNL192W,Msh2-2,1,0,1,1,0,1
YNL175C,Msh2-2,1,0,1,1,1,1
YNL172W,Msh2-2,1,1,0,1,0,0
YNL165W,Msh2-2,0,0,0,1,1,1
YNL158W,Msh2-2,0,0,0,0,0,1
YNL102W,Msh2-2,0,0,0,0,0,1
YNL088W,Msh2-2,0,0,1,0,0,0
YNL083W,Msh2-2,0,0,1,1,1,1
YNL054W,Msh2-2,0,0,0,0,1,1
YNL020C,Msh2-2,0,0,0,1,1,1
YNL018C,Msh2-2,0,0,1,1,1,1
YNL012W,Msh2-2,0,0,0,1,0,0
YNL008C,Msh2-2,1,1,1,1,0,1
YNR051C,Msh2-2,0,0,0,1,1,1
YNR053C,Msh2-2,1,0,0,0,0,0
YNR075W,Msh2-2,0,0,1,1,0,1
YOL145C,Msh2-2,1,1,1,1,0,1
YOL145C,Msh2-2,1,1,0,1,1,1
YOL141W,Msh2-2,1,1,1,1,0,1
YOL138C,Msh2-2,0,1,0,0,0,0
YOL125W,Msh2-2,1,0,1,1,1,1
YOL120C,Msh2-2,0,0,0,1,0,1
YOL075C,Msh2-2,0,0,1,0,0,0
YOL058W,Msh2-2,1,1,0,1,1,1
YOL025W,Msh2-2,0,0,0,1,1,1
YOR007C,Msh2-2,0,1,1,1,1,1
YOR019W,Msh2-2,0,0,0,1,0,1
YOR032C,Msh2-2,0,1,1,1,1,1
YOR076C,Msh2-2,0,0,0,1,1,1
YOR086C,Msh2-2,0,0,1,1,1,1
YOR090C,Msh2-2,0,0,0,1,1,1
YOR128C,Msh2-2,0,0,0,1,1,1
YOR149C,Msh2-2,1,0,0,1,0,1
YOR149C,Msh2-2,1,0,1,1,1,1
YOR151C,Msh2-2,0,0,0,0,0,1
YOR154W,Msh2-2,0,0,1,1,1,1
YOR184W,Msh2-2,0,0,1,0,0,0
YOR199W,Msh2-2,0,0,0,0,0,1
YOR222W,Msh2-2,0,0,0,0,1,1
YOR239W,Msh2-2,0,1,1,0,0,0
YOR290C,Msh2-2,0,1,0,1,1,1
YOR297C,Msh2-2,1,0,1,1,1,1
YOR299W,Msh2-2,0,1,1,1,1,1
YOR308C,Msh2-2,0,0,0,0,0,0
YOR315W,Msh2-2,0,0,0,0,0,1
YOR358W,Msh2-2,0,0,0,0,1,1
YOR367W,Msh2-2,0,0,0,0,1,1
YOR392W,Msh2-2,0,0,0,1,0,1
YOR392W,Msh2-2,0,0,1,1,1,1
YPL257W,Msh2-2,0,0,0,0,1,1
YPL157W,Msh2-2,0,0,1,1,1,1
YPL143W,Msh2-2,0,0,0,1,0,1
YPL121C,Msh2-2,0,0,0,1,0,1
YPL120W,Msh2-2,0,0,0,1,1,1
YPL081W,Msh2-2,0,0,1,1,0,1
YPL062W,Msh2-2,0,0,0,1,1,1
YPL058C,Msh2-2,0,0,0,0,1,1
YPL058C,Msh2-2,0,0,0,0,1,1
YPL058C,Msh2-2,0,0,1,1,1,1
YPL056C,Msh2-2,0,0,0,0,0,1
YPL020C,Msh2-2,0,0,0,0,1,1
YPL011C,Msh2-2,0,1,1,1,1,1
YPR029C,Msh2-2,0,0,0,1,0,0
YPR085C,Msh2-2,0,1,1,1,1,1
YPR141C,Msh2-2,0,0,1,1,1,1
YPR148C,Msh2-2,0,1,1,1,1,1
YPR170C,Msh2-2,0,1,1,1,1,1
YPR196W,Msh2-2,0,0,0,0,0,1
YPR197C,Msh2-2,0,0,1,1,1,1
R0010W,Msh2-3,1,0,0,0,0,0
YAL064W,Msh2-3,0,0,0,0,1,0
YAL063C,Msh2-3,0,0,0,0,1,0
YAL063C,Msh2-3,0,0,0,0,1,0
YAL051W,Msh2-3,1,1,0,1,1,1
YAL051W,Msh2-3,1,0,1,1,1,1
YAL048C,Msh2-3,0,0,0,0,1,1
YAL047C,Msh2-3,1,0,0,1,1,1
YAL047C,Msh2-3,1,1,0,1,1,1
YAL035W,Msh2-3,0,0,0,0,0,1
YAL026C,Msh2-3,1,1,0,1,1,1
YAL026C,Msh2-3,1,1,0,1,1,1
YAL026C,Msh2-3,1,0,1,1,1,1
YAL026C,Msh2-3,1,0,0,1,1,1
YAL013W,Msh2-3,0,1,0,1,1,1
YAL005C,Msh2-3,0,0,0,0,1,0
YAR014C,Msh2-3,1,0,1,1,1,0
YAR014C,Msh2-3,1,0,1,1,1,0
YAR014C,Msh2-3,0,0,0,0,1,0
YAR019C,Msh2-3,1,1,1,1,1,1
YAR023C,Msh2-3,1,1,0,1,1,1
YAR042W,Msh2-3,0,1,1,1,1,1
YBL107C,Msh2-3,0,0,0,0,1,1
YBL106C,Msh2-3,1,1,0,1,1,1
YBL105C,Msh2-3,1,1,0,1,1,1
YBL105C,Msh2-3,1,1,0,1,1,1
YBL084C,Msh2-3,1,0,0,1,1,1
YBL068W,Msh2-3,1,0,0,1,1,1
YBL068W,Msh2-3,1,0,0,1,1,1
YBL062W,Msh2-3,1,0,0,1,1,1
YBL057C,Msh2-3,1,1,1,0,1,1
YBL054W,Msh2-3,0,1,1,1,1,1
YBL044W,Msh2-3,0,0,0,0,0,1
YBL035C,Msh2-3,0,0,0,1,1,0
YBL019W,Msh2-3,0,0,0,1,1,1
YBL014C,Msh2-3,0,0,0,0,1,1
YBL012C,Msh2-3,0,0,0,0,1,1
YBR007C,Msh2-3,1,0,0,1,1,1
YBR020W,Msh2-3,0,0,0,0,1,1
YBR027C,Msh2-3,0,0,0,1,1,1
YBR031W,Msh2-3,0,0,0,1,1,1
YBR045C,Msh2-3,1,0,0,1,1,1
YBR045C,Msh2-3,0,0,0,0,1,1
YBR068C,Msh2-3,1,1,0,1,1,1
YBR076W,Msh2-3,1,0,0,1,1,1
YBR076W,Msh2-3,1,0,0,1,1,1
YBR086C,Msh2-3,0,0,1,1,1,1
YBR097W,Msh2-3,1,0,0,1,1,1
YBR112C,Msh2-3,0,0,0,0,1,0
YBR119W,Msh2-3,0,0,0,1,1,1
YBR121C,Msh2-3,1,0,0,1,1,1
YBR121C,Msh2-3,1,0,0,1,1,1
YBR148W,Msh2-3,0,0,0,1,1,1
YBR148W,Msh2-3,0,0,0,0,1,0
YBR150C,Msh2-3,0,0,1,1,1,1
YBR178W,Msh2-3,0,0,0,1,1,0
YBR202W,Msh2-3,0,0,0,0,0,1
YBR202W,Msh2-3,1,1,0,1,1,1
YBR202W,Msh2-3,1,0,0,1,1,0
YBR202W,Msh2-3,1,0,0,1,1,0
YBR202W,Msh2-3,1,0,0,1,1,0
YBR203W,Msh2-3,0,0,0,0,1,0
YBR203W,Msh2-3,0,0,0,0,1,0
YBR203W,Msh2-3,0,0,0,0,1,0
YBR203W,Msh2-3,0,0,0,0,1,0
YBR203W,Msh2-3,1,0,0,1,1,1
YBR203W,Msh2-3,1,0,0,1,1,1
YBR203W,Msh2-3,1,0,0,1,1,1
YBR203W,Msh2-3,1,0,0,1,1,1
YBR207W,Msh2-3,1,1,0,1,1,1
YBR207W,Msh2-3,1,0,0,1,1,1
YBR207W,Msh2-3,1,0,0,1,1,1
YBR215W,Msh2-3,0,0,1,1,1,1
YBR219C,Msh2-3,0,0,0,1,1,1
YBR226C,Msh2-3,0,0,1,1,1,1
YBR235W,Msh2-3,0,0,0,0,0,1
YBR245C,Msh2-3,1,0,0,1,1,0
YBR264C,Msh2-3,0,0,0,1,1,1
YBR272C,Msh2-3,0,0,0,0,1,0
YBR292C,Msh2-3,0,0,0,1,0,0
YBR297W,Msh2-3,0,0,0,1,1,1
YCL041C,Msh2-3,0,0,0,1,1,1
YCL034W,Msh2-3,0,1,1,1,1,1
YCL012C,Msh2-3,1,0,0,1,1,1
YCL012C,Msh2-3,1,0,0,1,1,1
YCL002C,Msh2-3,1,0,1,1,1,1
YCL001W,Msh2-3,0,0,0,1,1,1
YCR018C,Msh2-3,0,1,0,0,1,0
YCR020C,Msh2-3,0,0,0,1,1,1
YCR032W,Msh2-3,0,0,0,1,1,1
YCR052W,Msh2-3,0,0,0,0,1,0
YCR052W,Msh2-3,0,0,0,1,1,1
YDL240W,Msh2-3,1,0,0,1,1,1
YDL237W,Msh2-3,1,0,0,1,1,1
YDL221W,Msh2-3,0,1,1,1,1,1
YDL194W,Msh2-3,0,0,0,1,1,1
YDL173W,Msh2-3,0,1,1,1,1,1
YDL155W,Msh2-3,0,0,1,1,1,1
YDL140C,Msh2-3,0,0,1,1,1,1
YDL135C,Msh2-3,0,0,1,1,1,1
YDL129W,Msh2-3,0,0,0,0,1,1
YDL123W,Msh2-3,0,0,0,0,1,0
YDL122W,Msh2-3,0,1,1,1,1,1
YDL115C,Msh2-3,0,0,1,1,1,1
YDL091C,Msh2-3,0,0,1,1,1,1
YDL036C,Msh2-3,0,0,0,0,1,0
YDL028C,Msh2-3,1,0,0,1,1,1
YDL028C,Msh2-3,1,1,0,1,1,1
YDL018C,Msh2-3,0,0,0,1,1,1
YDR002W,Msh2-3,0,0,0,0,1,1
YDR031W,Msh2-3,0,0,0,1,1,1
YDR089W,Msh2-3,0,0,0,0,0,1
YDR091C,Msh2-3,0,0,0,0,0,1
YDR109C,Msh2-3,0,0,0,1,1,1
YDR116C,Msh2-3,0,0,0,0,0,1
YDR131C,Msh2-3,0,0,0,1,1,1
YDR143C,Msh2-3,0,1,1,1,1,1
YDR178W,Msh2-3,0,0,1,1,1,1
YDR223W,Msh2-3,0,0,0,1,1,1
YDR261C,Msh2-3,0,0,0,0,0,0
YDR270W,Msh2-3,0,0,0,0,0,1
YDR325W,Msh2-3,0,0,0,0,0,1
YDR326C,Msh2-3,0,0,0,0,0,1
YDR332W,Msh2-3,0,0,0,0,1,0
YDR336W,Msh2-3,0,0,0,1,1,1
YDR340W,Msh2-3,0,0,0,0,1,0
YDR341C,Msh2-3,0,0,0,0,0,1
YDR346C,Msh2-3,0,0,0,0,1,1
YDR350C,Msh2-3,1,1,0,1,1,0
YDR381W,Msh2-3,0,0,0,1,0,1
YDR422C,Msh2-3,0,1,1,1,1,1
YDR451C,Msh2-3,0,0,0,0,0,1
YDR464W,Msh2-3,0,0,0,0,1,1
YDR470C,Msh2-3,1,1,0,1,1,1
YDR475C,Msh2-3,0,0,0,0,1,1
YDR505C,Msh2-3,1,0,0,1,1,1
YDR509W,Msh2-3,1,0,0,0,0,0
YDR518W,Msh2-3,0,0,0,0,0,1
YDR527W,Msh2-3,1,0,1,1,1,1
YDR527W,Msh2-3,1,0,1,1,1,1
YDR530C,Msh2-3,0,1,1,1,1,1
YDR534C,Msh2-3,0,0,0,0,1,0
YDR534C,Msh2-3,0,0,0,0,1,0
YDR534C,Msh2-3,0,0,0,0,1,0
YDR534C,Msh2-3,0,0,0,0,1,0
YDR534C,Msh2-3,0,0,0,0,1,0
YDR544C,Msh2-3,0,0,0,0,1,0
YDR544C,Msh2-3,1,1,1,1,1,1
YDR544C,Msh2-3,1,1,1,1,1,1
YDR544C,Msh2-3,0,0,0,0,1,0
YIL150C,Msh2-3,0,0,1,0,0,0
YIL149C,Msh2-3,0,0,0,0,1,1
YIL149C,Msh2-3,0,0,0,0,1,1
YIL128W,Msh2-3,0,1,1,1,1,1
YIL127C,Msh2-3,0,0,0,1,1,1
YIL123W,Msh2-3,0,0,1,0,1,1
YIL123W,Msh2-3,0,0,1,0,1,1
YIL112W,Msh2-3,0,0,0,1,1,1
YIL085C,Msh2-3,0,0,1,1,1,1
YIL055C,Msh2-3,0,0,0,0,0,1
YIL050W,Msh2-3,1,0,0,1,1,1
YIL005W,Msh2-3,0,0,0,0,0,1
YIR004W,Msh2-3,0,0,1,1,1,1
YIR023W,Msh2-3,0,0,0,0,1,0
YEL071W,Msh2-3,0,0,0,1,1,1
YEL061C,Msh2-3,0,0,0,0,0,1
YER032W,Msh2-3,0,0,0,0,1,0
YER033C,Msh2-3,0,0,0,0,0,0
YER040W,Msh2-3,0,0,0,1,1,1
YER047C,Msh2-3,0,1,1,1,1,1
YER064C,Msh2-3,0,0,1,1,1,1
YER075C,Msh2-3,1,1,0,1,1,1
YER075C,Msh2-3,1,0,0,1,1,1
YER075C,Msh2-3,1,0,0,1,0,1
YER094C,Msh2-3,0,0,1,1,1,1
YER123W,Msh2-3,0,0,0,1,1,1
YER132C,Msh2-3,0,0,0,1,1,1
YER133W,Msh2-3,0,0,0,1,1,1
YER133W,Msh2-3,0,0,0,1,1,1
YER166W,Msh2-3,0,0,0,0,0,0
YER170W,Msh2-3,0,0,0,0,0,1
YER180C,Msh2-3,0,0,0,1,1,1
YFL053W,Msh2-3,0,0,0,1,1,1
YFL050C,Msh2-3,0,0,0,1,1,1
YFL039C,Msh2-3,1,0,0,0,0,0
YFR019W,Msh2-3,0,0,0,0,1,0
YFR031C,Msh2-3,1,0,0,1,1,1
YFR047C,Msh2-3,0,0,0,1,1,0
YFR055W,Msh2-3,0,0,0,1,1,1
YGL229C,Msh2-3,0,0,1,1,1,1
YGL214W,Msh2-3,1,0,0,1,0,1
YGL207W,Msh2-3,0,0,0,1,1,1
YGL197W,Msh2-3,0,1,0,0,0,0
YGL197W,Msh2-3,1,0,1,1,1,1
YGL181W,Msh2-3,0,0,0,1,1,1
YGL178W,Msh2-3,0,0,0,0,1,0
YGL154C,Msh2-3,0,0,1,1,1,1
YGL151W,Msh2-3,0,0,1,1,1,1
YGL151W,Msh2-3,0,0,0,0,0,1
YGL148W,Msh2-3,0,0,1,1,1,1
YGL113W,Msh2-3,0,0,0,1,1,1
YGL109W,Msh2-3,1,0,1,1,1,1
YGL062W,Msh2-3,0,0,0,0,1,0
YGL059W,Msh2-3,1,0,0,1,1,1
YGL059W,Msh2-3,1,0,0,1,1,1
YGL045W,Msh2-3,0,0,1,1,1,1
YGL041C,Msh2-3,0,1,1,1,1,0
YGL021W,Msh2-3,0,0,0,1,1,1
YGL017W,Msh2-3,0,1,1,1,1,1
YGL009C,Msh2-3,0,0,0,0,0,1
YGR001C,Msh2-3,0,0,0,1,1,1
YGR023W,Msh2-3,1,0,0,1,1,0
YGR032W,Msh2-3,0,0,0,1,1,1
YGR034W,Msh2-3,0,0,1,1,1,1
YGR067C,Msh2-3,1,0,0,1,1,1
YGR070W,Msh2-3,1,1,0,1,1,1
YGR080W,Msh2-3,0,0,1,1,1,1
YGR093W,Msh2-3,0,0,0,0,0,1
YGR098C,Msh2-3,0,0,1,0,0,0
YGR103W,Msh2-3,0,0,0,0,1,0
YGR107W,Msh2-3,0,0,0,1,1,1
YGR118W,Msh2-3,1,1,0,1,1,1
YGR119C,Msh2-3,0,0,0,0,1,0
YGR139W,Msh2-3,0,0,0,1,0,0
YGR208W,Msh2-3,0,0,0,0,1,1
YGR227W,Msh2-3,1,1,0,1,1,1
YGR245C,Msh2-3,0,0,0,0,1,0
YGR258C,Msh2-3,0,0,0,1,0,0
YGR265W,Msh2-3,0,0,0,1,1,1
YGR271W,Msh2-3,1,0,1,1,1,1
YGR271W,Msh2-3,0,0,0,0,1,0
YGR274C,Msh2-3,1,0,0,1,1,1
YGR274C,Msh2-3,1,0,0,1,1,1
YGR276C,Msh2-3,0,0,0,0,1,1
YGR278W,Msh2-3,0,0,0,0,0,1
YGR281W,Msh2-3,0,0,1,1,1,1
YGR282C,Msh2-3,0,0,0,1,0,0
YGR283C,Msh2-3,0,0,0,0,0,1
YHL050C,Msh2-3,0,0,0,0,1,0
YHL050C,Msh2-3,0,0,0,0,1,0
YHL041W,Msh2-3,1,0,0,1,1,1
YHL034C,Msh2-3,0,0,1,1,1,1
YHL031C,Msh2-3,0,0,0,0,1,0
YHL024W,Msh2-3,0,0,0,0,1,0
YHL022C,Msh2-3,1,0,0,0,0,0
YHL022C,Msh2-3,0,0,0,1,1,1
YHL003C,Msh2-3,0,0,0,1,1,1
YHR041C,Msh2-3,0,0,1,1,1,1
YHR043C,Msh2-3,0,0,1,1,1,1
YHR045W,Msh2-3,0,1,1,1,1,1
YHR063C,Msh2-3,0,0,0,0,0,1
YHR077C,Msh2-3,0,0,0,0,1,1
YHR095W,Msh2-3,0,0,0,1,1,1
YHR132C,Msh2-3,0,0,0,0,1,1
YHR164C,Msh2-3,0,0,0,0,1,1
YHR168W,Msh2-3,0,0,0,0,0,1
YHR168W,Msh2-3,1,0,1,0,1,0
YHR173C,Msh2-3,0,0,0,1,1,1
YHR197W,Msh2-3,1,1,0,1,1,1
YHR204W,Msh2-3,0,0,1,1,1,1
YHR207C,Msh2-3,0,0,0,0,1,1
YHR211W,Msh2-3,0,1,0,0,0,0
YHR211W,Msh2-3,0,1,0,0,0,0
YJL207C,Msh2-3,0,0,0,1,1,1
YJL206C,Msh2-3,0,0,0,1,1,1
YJL205C,Msh2-3,1,0,0,1,1,1
YJL184W,Msh2-3,0,0,0,0,0,1
YJL182C,Msh2-3,0,0,1,1,1,1
YJL171C,Msh2-3,1,1,0,1,1,1
YJL168C,Msh2-3,0,0,0,0,0,1
YJL162C,Msh2-3,0,0,0,0,1,0
YJL156C,Msh2-3,0,0,0,1,1,1
YJL123C,Msh2-3,0,0,1,1,1,1
YJL113W,Msh2-3,1,0,0,1,1,1
YJL113W,Msh2-3,0,0,0,0,1,0
YJL105W,Msh2-3,0,0,0,0,0,0
YJL079C,Msh2-3,0,0,0,1,1,1
YJL063C,Msh2-3,0,0,1,1,1,1
YJL062W,Msh2-3,0,0,0,0,0,1
YJL057C,Msh2-3,1,0,1,1,1,1
YJL052W,Msh2-3,0,1,1,1,1,1
YJL050W,Msh2-3,0,0,1,1,1,1
YJL035C,Msh2-3,0,0,0,1,1,1
YJL015C,Msh2-3,1,0,0,1,1,1
YJL012C,Msh2-3,0,0,0,1,1,1
YJR008W,Msh2-3,0,0,1,1,1,1
YJR012C,Msh2-3,0,0,0,0,1,0
YJR035W,Msh2-3,0,0,0,1,1,1
YJR056C,Msh2-3,0,0,0,0,0,1
YJR066W,Msh2-3,0,0,1,1,1,1
YJR066W,Msh2-3,0,0,0,1,1,1
YJR075W,Msh2-3,0,0,0,0,0,1
YJR078W,Msh2-3,0,0,0,1,1,1
YJR098C,Msh2-3,1,0,0,1,1,1
YJR098C,Msh2-3,1,0,0,1,1,1
YJR098C,Msh2-3,0,0,0,1,1,1
YJR107W,Msh2-3,1,0,1,1,1,1
YJR107W,Msh2-3,1,0,1,1,1,1
YJR110W,Msh2-3,0,0,0,0,0,1
YJR115W,Msh2-3,0,0,0,0,0,1
YJR116W,Msh2-3,0,0,0,0,1,1
YJR119C,Msh2-3,0,0,0,1,1,1
YJR131W,Msh2-3,0,0,0,0,1,1
YJR147W,Msh2-3,0,1,1,1,1,1
YJR149W,Msh2-3,0,0,0,0,0,1
YJR149W,Msh2-3,1,1,0,1,1,1
YJR151C,Msh2-3,1,0,0,1,0,1
YJR152W,Msh2-3,0,0,0,1,1,1
YKL225W,Msh2-3,0,0,0,0,1,0
YKL222C,Msh2-3,0,0,0,1,1,1
YKL220C,Msh2-3,0,0,0,0,1,1
YKL217W,Msh2-3,0,0,0,0,1,0
YKL213C,Msh2-3,0,0,0,1,1,1
YKL212W,Msh2-3,0,0,0,0,1,1
YKL202W,Msh2-3,0,0,0,0,0,1
YKL198C,Msh2-3,1,1,1,0,1,1
YKL198C,Msh2-3,1,1,1,1,1,1
YKL196C,Msh2-3,0,1,0,0,0,0
YKL188C,Msh2-3,0,0,0,0,1,0
YKL165C,Msh2-3,0,0,0,0,1,0
YKL156W,Msh2-3,1,0,0,1,1,1
YKL134C,Msh2-3,1,0,1,1,1,1
YKL134C,Msh2-3,0,0,0,0,1,1
YKL134C,Msh2-3,0,0,0,0,1,0
YKL134C,Msh2-3,0,0,0,0,1,0
YKL134C,Msh2-3,0,0,0,0,1,0
YKL134C,Msh2-3,0,0,0,0,1,0
YKL134C,Msh2-3,0,0,0,0,1,0
YKL133C,Msh2-3,1,1,0,1,1,1
YKL129C,Msh2-3,1,0,0,1,1,1
YKL129C,Msh2-3,1,0,0,1,1,1
YKL129C,Msh2-3,1,0,0,1,1,1
YKL129C,Msh2-3,1,0,1,1,1,1
YKL121W,Msh2-3,0,0,0,1,1,1
YKL115C,Msh2-3,0,0,0,1,0,0
YKL101W,Msh2-3,1,0,0,1,1,1
YKL091C,Msh2-3,0,0,0,0,1,1
YKL084W,Msh2-3,0,1,0,0,1,1
YKL079W,Msh2-3,0,0,0,0,0,0
YKL054C,Msh2-3,0,0,0,0,0,1
YKL054C,Msh2-3,0,0,0,1,1,1
YKL044W,Msh2-3,0,0,0,0,1,1
YKR004C,Msh2-3,0,0,0,0,1,1
YKR007W,Msh2-3,0,0,0,0,1,0
YKR011C,Msh2-3,0,0,0,1,1,1
YKR040C,Msh2-3,0,0,0,1,1,0
YKR060W,Msh2-3,0,0,1,1,1,1
YKR090W,Msh2-3,1,1,0,1,1,1
YKR095W,Msh2-3,0,0,0,1,1,1
YLL059C,Msh2-3,0,0,1,1,1,1
YLL040C,Msh2-3,0,0,0,0,0,1
YLL008W,Msh2-3,0,0,0,0,1,0
YLR030W,Msh2-3,0,0,0,1,1,0
YLR059C,Msh2-3,0,1,1,1,1,1
YLR061W,Msh2-3,0,0,0,1,1,0
YLR087C,Msh2-3,0,0,0,0,1,1
YLR111W,Msh2-3,0,0,1,1,1,1
YLR135W,Msh2-3,0,0,1,1,1,1
YLR140W,Msh2-3,1,0,0,1,0,0
YLR140W,Msh2-3,0,1,1,1,1,1
YLR146C,Msh2-3,0,0,0,0,1,1
YLR184W,Msh2-3,0,0,0,1,1,0
YLR202C,Msh2-3,0,0,0,1,1,0
YLR279W,Msh2-3,0,0,0,1,1,1
YLR279W,Msh2-3,0,0,0,1,1,0
YLR289W,Msh2-3,0,1,1,1,1,1
YLR296W,Msh2-3,0,0,0,0,0,1
YLR309C,Msh2-3,0,0,0,1,1,1
YLR309C,Msh2-3,1,1,0,1,1,1
YLR309C,Msh2-3,0,0,0,1,0,1
YLR313C,Msh2-3,1,1,0,1,1,1
YLR357W,Msh2-3,0,0,0,1,1,1
YLR366W,Msh2-3,0,0,0,0,0,1
YLR402W,Msh2-3,1,0,1,1,1,1
YML115C,Msh2-3,0,0,0,0,1,0
YML090W,Msh2-3,0,0,0,1,1,1
YML003W,Msh2-3,0,0,0,0,1,1
YMR002W,Msh2-3,0,1,1,1,1,1
YMR023C,Msh2-3,0,0,1,1,1,1
YMR024W,Msh2-3,0,0,0,0,1,1
YMR029C,Msh2-3,0,0,0,1,1,1
YMR048W,Msh2-3,0,0,0,1,1,1
YMR052W,Msh2-3,0,1,1,1,1,1
YMR065W,Msh2-3,0,0,0,0,1,0
YMR076C,Msh2-3,0,0,0,0,1,1
YMR085W,Msh2-3,0,0,1,1,1,1
YMR110C,Msh2-3,0,0,1,1,1,1
YMR115W,Msh2-3,0,0,1,1,1,1
YMR116C,Msh2-3,0,0,1,1,1,1
YMR140W,Msh2-3,0,0,0,1,1,1
YMR143W,Msh2-3,0,0,0,0,0,1
YMR150C,Msh2-3,0,0,1,1,1,1
YMR159C,Msh2-3,0,0,0,1,1,1
YMR160W,Msh2-3,0,0,0,1,0,1
YMR185W,Msh2-3,1,1,0,1,1,1
YMR187C,Msh2-3,0,0,0,1,1,1
YMR189W,Msh2-3,0,0,0,1,1,1
YMR207C,Msh2-3,0,0,0,1,1,1
YMR207C,Msh2-3,1,0,1,1,1,1
YMR207C,Msh2-3,1,0,1,1,1,1
YMR217W,Msh2-3,0,0,0,0,1,1
YMR278W,Msh2-3,0,0,0,0,1,1
YMR279C,Msh2-3,0,0,1,1,1,1
YMR288W,Msh2-3,0,0,0,1,1,1
YMR292W,Msh2-3,0,0,1,1,1,1
YMR299C,Msh2-3,1,1,0,1,1,1
YMR313C,Msh2-3,0,0,0,0,0,1
YNL318C,Msh2-3,0,0,0,0,0,1
YNL313C,Msh2-3,0,0,1,1,1,1
YNL286W,Msh2-3,0,0,0,0,0,1
YNL275W,Msh2-3,0,0,0,1,1,1
YNL272C,Msh2-3,0,0,0,0,0,1
YNL269W,Msh2-3,0,0,1,1,1,1
YNL268W,Msh2-3,0,0,0,1,1,1
YNL247W,Msh2-3,0,0,0,0,1,1
YNL243W,Msh2-3,0,0,0,1,1,1
YNL238W,Msh2-3,0,0,0,1,0,0
YNL230C,Msh2-3,0,1,1,1,1,1
YNL221C,Msh2-3,0,0,0,1,1,1
YNL218W,Msh2-3,0,0,0,1,1,1
YNL192W,Msh2-3,1,1,0,1,1,1
YNL175C,Msh2-3,0,0,0,0,0,1
YNL172W,Msh2-3,1,0,0,1,1,1
YNL117W,Msh2-3,0,0,0,0,1,1
YNL104C,Msh2-3,0,1,1,1,1,1
YNL083W,Msh2-3,0,0,1,1,1,1
YNL076W,Msh2-3,0,0,0,0,0,1
YNL068C,Msh2-3,0,0,0,0,1,0
YNL021W,Msh2-3,0,0,1,1,1,1
YNL008C,Msh2-3,1,1,0,1,1,1
YNR032W,Msh2-3,0,0,0,1,1,1
YNR053C,Msh2-3,1,1,0,1,1,1
YNR053C,Msh2-3,0,0,0,0,1,0
YNR075W,Msh2-3,0,0,0,1,1,1
YOL138C,Msh2-3,0,0,0,1,1,1
YOL138C,Msh2-3,0,0,0,0,1,0
YOL123W,Msh2-3,0,0,1,1,1,1
YOL121C,Msh2-3,0,0,1,1,1,1
YOL120C,Msh2-3,0,0,0,0,0,1
YOL097C,Msh2-3,0,0,0,0,1,1
YOL087C,Msh2-3,0,0,0,1,1,1
YOL081W,Msh2-3,0,0,0,1,1,1
YOL077C,Msh2-3,1,0,1,1,1,1
YOL070C,Msh2-3,0,1,1,1,1,1
YOL069W,Msh2-3,0,0,0,1,1,1
YOL058W,Msh2-3,1,1,0,1,1,1
YOL052C,Msh2-3,0,0,0,1,1,1
YOL032W,Msh2-3,0,0,0,0,0,1
YOL012C,Msh2-3,0,0,0,0,0,1
YOR021C,Msh2-3,0,0,0,0,1,0
YOR029W,Msh2-3,0,0,0,0,1,1
YOR093C,Msh2-3,0,0,0,0,1,1
YOR149C,Msh2-3,1,0,0,1,1,1
YOR149C,Msh2-3,1,1,0,1,1,1
YOR182C,Msh2-3,0,0,0,0,0,1
YOR197W,Msh2-3,0,0,0,1,1,1
YOR199W,Msh2-3,0,0,0,0,1,0
YOR205C,Msh2-3,0,0,0,0,1,1
YOR211C,Msh2-3,0,0,1,1,1,1
YOR233W,Msh2-3,0,0,0,0,1,1
YOR255W,Msh2-3,0,0,1,1,1,1
YOR256C,Msh2-3,1,1,0,1,1,1
YOR260W,Msh2-3,0,0,0,0,0,1
YOR291W,Msh2-3,0,0,0,0,0,1
YOR298W,Msh2-3,0,0,0,1,1,1
YOR308C,Msh2-3,0,0,0,0,0,1
YOR341W,Msh2-3,0,0,0,1,1,1
YOR352W,Msh2-3,0,0,1,0,0,0
YOR354C,Msh2-3,0,1,1,1,1,1
YOR386W,Msh2-3,0,0,0,0,1,1
YOR392W,Msh2-3,0,0,0,1,1,1
YPL253C,Msh2-3,0,0,0,0,1,1
YPL222W,Msh2-3,0,0,1,0,1,0
YPL218W,Msh2-3,0,0,0,1,1,1
YPL183C,Msh2-3,0,0,0,1,1,1
YPL158C,Msh2-3,0,0,0,0,0,1
YPL157W,Msh2-3,0,0,0,0,1,1
YPL150W,Msh2-3,0,1,1,1,1,1
YPL143W,Msh2-3,0,0,0,0,0,1
YPL127C,Msh2-3,0,0,0,1,1,1
YPL123C,Msh2-3,0,0,0,0,1,0
YPL121C,Msh2-3,0,0,0,1,1,1
YPL120W,Msh2-3,0,0,0,0,0,1
YPL089C,Msh2-3,0,0,0,1,1,1
YPL017C,Msh2-3,0,0,0,0,0,1
YPL005W,Msh2-3,0,0,0,1,1,1
YPR022C,Msh2-3,0,0,0,1,1,1
YPR022C,Msh2-3,0,0,0,0,1,1
YPR026W,Msh2-3,0,0,1,1,1,1
YPR032W,Msh2-3,0,0,0,1,1,1
YPR061C,Msh2-3,0,0,0,1,1,1
YPR117W,Msh2-3,0,0,1,1,1,1
YPR128C,Msh2-3,0,1,1,1,1,1
YPR179C,Msh2-3,0,0,1,0,0,0
YPR181C,Msh2-3,0,0,0,0,1,0
YPR184W,Msh2-3,0,0,0,1,1,1
YPR195C,Msh2-3,0,0,1,1,1,1
R0010W,Msh2-4,1,1,0,0,0,0
YAL064W,Msh2-4,0,0,0,0,1,0
YAL063C,Msh2-4,0,0,0,1,0,0
YAL063C,Msh2-4,0,0,1,1,0,0
YAL063C,Msh2-4,0,0,0,0,1,0
YAL063C,Msh2-4,0,0,0,0,1,0
YAL063C,Msh2-4,0,0,0,0,1,0
YAL063C,Msh2-4,0,1,0,0,0,0
YAL056W,Msh2-4,1,0,1,1,1,1
YAL056W,Msh2-4,1,0,1,1,1,1
YAL051W,Msh2-4,1,0,1,1,1,1
YAL047C,Msh2-4,1,0,1,1,1,1
YAL047C,Msh2-4,1,0,0,1,1,1
YAL026C,Msh2-4,1,0,0,1,1,1
YAL026C,Msh2-4,1,0,0,1,1,1
YAL026C,Msh2-4,1,0,1,1,1,1
YAL026C,Msh2-4,1,1,0,1,1,1
YAL026C,Msh2-4,1,0,0,1,1,1
YAL013W,Msh2-4,0,0,0,1,1,1
YAL010C,Msh2-4,1,1,0,1,1,1
YAL010C,Msh2-4,1,1,0,1,1,1
YAL003W,Msh2-4,0,0,0,0,1,1
YAR014C,Msh2-4,1,0,1,1,1,1
YAR014C,Msh2-4,1,0,1,1,1,1
YAR014C,Msh2-4,1,0,0,0,1,0
YAR014C,Msh2-4,0,0,0,0,1,0
YAR023C,Msh2-4,1,1,0,1,1,1
YBL106C,Msh2-4,1,0,1,1,1,1
YBL106C,Msh2-4,1,0,1,1,1,1
YBL106C,Msh2-4,1,0,1,1,1,1
YBL105C,Msh2-4,1,0,1,1,1,1
YBL105C,Msh2-4,1,0,1,1,1,1
YBL105C,Msh2-4,1,0,1,1,1,1
YBL105C,Msh2-4,1,0,1,1,1,1
YBL101C,Msh2-4,0,0,0,0,1,1
YBL084C,Msh2-4,1,0,0,1,1,1
YBL081W,Msh2-4,0,0,0,0,1,0
YBL076C,Msh2-4,0,0,0,0,1,1
YBL068W,Msh2-4,1,0,0,1,1,1
YBL068W,Msh2-4,1,0,0,1,1,1
YBL067C,Msh2-4,1,0,1,1,1,1
YBL062W,Msh2-4,1,0,0,1,1,1
YBL052C,Msh2-4,0,0,0,0,1,0
YBL052C,Msh2-4,0,0,0,1,0,1
YBL037W,Msh2-4,0,0,0,0,0,1
YBL037W,Msh2-4,0,0,0,0,1,1
YBL035C,Msh2-4,0,0,0,1,1,0
YBL007C,Msh2-4,0,0,0,1,1,1
YBR007C,Msh2-4,0,0,0,1,1,1
YBR007C,Msh2-4,1,1,0,1,1,1
YBR007C,Msh2-4,1,1,0,1,1,1
YBR045C,Msh2-4,1,0,0,1,1,1
YBR068C,Msh2-4,1,0,1,1,1,1
YBR074W,Msh2-4,0,0,0,0,1,1
YBR074W,Msh2-4,1,0,1,1,1,1
YBR076W,Msh2-4,1,0,0,1,1,1
YBR078W,Msh2-4,0,0,0,0,0,1
YBR094W,Msh2-4,1,0,1,1,1,1
YBR097W,Msh2-4,1,0,1,1,1,1
YBR097W,Msh2-4,1,0,1,1,1,1
YBR119W,Msh2-4,0,0,0,1,1,1
YBR121C,Msh2-4,1,0,0,1,1,1
YBR121C,Msh2-4,1,0,0,1,1,1
YBR134W,Msh2-4,0,0,0,0,1,0
YBR138C,Msh2-4,1,0,1,1,1,1
YBR148W,Msh2-4,0,0,0,0,1,1
YBR150C,Msh2-4,0,0,0,0,1,1
YBR162C,Msh2-4,0,0,0,0,1,1
YBR178W,Msh2-4,0,0,0,1,1,1
YBR187W,Msh2-4,0,0,1,1,1,1
YBR202W,Msh2-4,1,0,1,1,1,1
YBR202W,Msh2-4,1,0,0,1,1,0
YBR202W,Msh2-4,1,0,0,1,1,0
YBR202W,Msh2-4,1,0,0,1,1,0
YBR202W,Msh2-4,1,0,0,1,1,1
YBR203W,Msh2-4,0,0,0,0,1,0
YBR203W,Msh2-4,0,0,0,0,1,0
YBR203W,Msh2-4,0,0,0,0,1,0
YBR203W,Msh2-4,0,0,0,0,1,0
YBR203W,Msh2-4,1,0,0,1,1,1
YBR203W,Msh2-4,1,0,0,1,1,1
YBR203W,Msh2-4,1,0,0,1,1,1
YBR203W,Msh2-4,1,0,0,1,1,1
YBR207W,Msh2-4,1,0,0,1,1,1
YBR207W,Msh2-4,1,0,0,1,1,1
YBR207W,Msh2-4,1,0,1,1,1,1
YBR216C,Msh2-4,0,0,0,0,1,1
YBR235W,Msh2-4,0,0,1,1,1,1
YBR245C,Msh2-4,1,0,1,1,1,1
YBR248C,Msh2-4,0,0,1,1,1,1
YBR262C,Msh2-4,0,0,0,0,1,1
YBR272C,Msh2-4,0,0,0,0,1,0
YBR275C,Msh2-4,1,1,0,1,1,1
YBR288C,Msh2-4,1,0,1,1,1,1
YBR289W,Msh2-4,1,0,0,1,1,1
YBR289W,Msh2-4,0,0,1,1,1,1
YBR298C,Msh2-4,0,1,1,1,1,1
YBR298C,Msh2-4,0,0,0,1,1,1
YCL052C,Msh2-4,0,0,0,1,1,1
YCL012C,Msh2-4,1,0,0,1,1,1
YCL012C,Msh2-4,1,0,0,1,1,1
YCL002C,Msh2-4,1,0,0,1,1,1
YCR001W,Msh2-4,0,0,0,0,1,1
YCR004C,Msh2-4,0,0,0,0,0,1
YCR008W,Msh2-4,0,0,0,0,1,1
YCR022C,Msh2-4,1,1,0,1,1,1
YCR042C,Msh2-4,0,0,0,0,1,1
YCR057C,Msh2-4,0,0,0,0,0,1
YCR067C,Msh2-4,0,0,0,0,1,0
YCR077C,Msh2-4,1,0,0,1,1,1
YCR089W,Msh2-4,0,0,0,0,0,1
YDL240W,Msh2-4,1,0,1,1,1,1
YDL239C,Msh2-4,1,0,0,1,1,1
YDL237W,Msh2-4,1,0,0,1,1,1
YDL235C,Msh2-4,0,0,0,0,0,1
YDL233W,Msh2-4,0,1,0,0,0,0
YDL207W,Msh2-4,0,0,1,1,1,1
YDL196W,Msh2-4,0,0,0,1,1,1
YDL194W,Msh2-4,0,0,0,0,1,1
YDL185W,Msh2-4,0,0,1,0,0,0
YDL171C,Msh2-4,0,0,0,1,1,1
YDL079C,Msh2-4,0,0,0,1,1,1
YDL048C,Msh2-4,0,0,1,1,1,1
YDL031W,Msh2-4,1,0,1,1,1,1
YDL031W,Msh2-4,1,0,1,1,1,1
YDL028C,Msh2-4,1,0,1,1,1,1
YDL021W,Msh2-4,0,0,0,1,1,1
YDL018C,Msh2-4,0,0,0,1,1,1
YDL017W,Msh2-4,0,0,0,0,0,1
YDR109C,Msh2-4,0,0,0,0,1,1
YDR118W,Msh2-4,0,0,0,0,1,1
YDR125C,Msh2-4,0,0,0,0,0,1
YDR127W,Msh2-4,0,0,1,1,1,1
YDR178W,Msh2-4,0,1,1,1,1,1
YDR181C,Msh2-4,0,0,1,1,1,1
YDR207C,Msh2-4,0,0,0,1,1,1
YDR217C,Msh2-4,0,0,0,1,1,1
YDR223W,Msh2-4,0,0,0,0,0,1
YDR227W,Msh2-4,0,1,0,0,0,0
YDR247W,Msh2-4,0,0,0,1,1,1
YDR279W,Msh2-4,0,0,0,0,0,1
YDR292C,Msh2-4,0,0,0,0,1,1
YDR306C,Msh2-4,0,0,1,1,1,1
YDR340W,Msh2-4,0,0,0,0,1,0
YDR381W,Msh2-4,0,0,0,1,0,0
YDR420W,Msh2-4,0,0,0,1,1,1
YDR466W,Msh2-4,0,0,0,1,1,1
YDR481C,Msh2-4,0,0,0,0,1,1
YDR494W,Msh2-4,0,1,1,1,1,1
YDR495C,Msh2-4,0,0,0,0,0,1
YDR505C,Msh2-4,1,0,0,1,1,1
YDR509W,Msh2-4,1,0,0,0,1,0
YDR509W,Msh2-4,0,0,0,1,0,0
YDR520C,Msh2-4,0,0,0,1,0,0
YDR534C,Msh2-4,0,0,0,0,1,0
YDR534C,Msh2-4,0,0,0,0,1,0
YDR544C,Msh2-4,0,0,0,0,1,0
YDR544C,Msh2-4,1,1,0,1,1,0
YDR544C,Msh2-4,1,1,0,1,1,0
YDR544C,Msh2-4,0,0,0,0,1,0
YDR544C,Msh2-4,0,0,0,0,1,0
YDR544C,Msh2-4,0,0,0,0,1,0
YDR544C,Msh2-4,0,1,0,0,0,0
YDR544C,Msh2-4,0,1,1,0,0,0
YIL163C,Msh2-4,0,0,0,1,0,0
YIL130W,Msh2-4,0,0,0,0,1,0
YIL130W,Msh2-4,0,0,0,0,1,0
YIL126W,Msh2-4,0,0,0,0,0,1
YIL123W,Msh2-4,0,1,1,1,1,0
YIL123W,Msh2-4,0,0,1,0,1,0
YIL122W,Msh2-4,0,0,0,0,0,1
YIL120W,Msh2-4,0,0,1,1,1,1
YIL119C,Msh2-4,0,0,0,1,1,1
YIL112W,Msh2-4,0,1,0,0,0,0
YIL092W,Msh2-4,0,0,0,0,1,1
YIL050W,Msh2-4,1,0,0,1,1,1
YIL049W,Msh2-4,0,0,0,1,1,1
YIL017C,Msh2-4,1,0,0,1,1,1
YIL013C,Msh2-4,0,0,0,0,1,1
Q0045,Msh2-4,0,0,0,1,1,1
Q0045,Msh2-4,0,0,0,1,1,1
Q0105,Msh2-4,1,0,1,1,1,1
YEL073C,Msh2-4,0,0,0,1,1,1
YEL063C,Msh2-4,0,0,0,1,1,1
YEL047C,Msh2-4,0,0,0,0,1,1
YER003C,Msh2-4,0,0,0,0,1,0
YER016W,Msh2-4,0,0,1,1,1,1
YER029C,Msh2-4,0,0,0,1,1,1
YER032W,Msh2-4,0,0,0,0,0,1
YER041W,Msh2-4,1,0,0,1,1,1
YER045C,Msh2-4,0,0,0,0,0,1
YER047C,Msh2-4,0,0,0,0,1,1
YER068W,Msh2-4,0,0,0,1,0,0
YER075C,Msh2-4,1,0,1,1,1,1
YER075C,Msh2-4,1,0,0,1,1,1
YER075C,Msh2-4,1,0,0,1,1,1
YER080W,Msh2-4,0,0,0,1,1,1
YER133W,Msh2-4,0,0,0,1,1,1
YER133W,Msh2-4,0,0,0,1,1,1
YER144C,Msh2-4,0,0,0,0,0,1
YFL039C,Msh2-4,1,0,0,1,1,1
YFL034W,Msh2-4,0,0,0,0,0,1
YFL033C,Msh2-4,0,0,0,0,1,1
YFL026W,Msh2-4,1,0,1,1,1,1
YFR016C,Msh2-4,0,0,1,1,1,1
YFR016C,Msh2-4,0,0,0,1,1,1
YFR031C,Msh2-4,1,0,1,1,1,1
YFR039C,Msh2-4,0,0,0,1,1,1
YFR047C,Msh2-4,0,0,0,1,1,1
YGL263W,Msh2-4,0,0,0,1,1,1
YGL252C,Msh2-4,0,0,1,1,1,1
YGL214W,Msh2-4,1,0,0,1,1,1
YGL202W,Msh2-4,0,0,0,0,0,1
YGL197W,Msh2-4,1,0,1,1,1,1
YGL197W,Msh2-4,1,0,1,1,1,1
YGL197W,Msh2-4,1,0,1,1,1,1
YGL197W,Msh2-4,0,0,1,1,1,1
YGL158W,Msh2-4,0,0,0,1,1,1
YGL145W,Msh2-4,1,0,0,1,1,1
YGL124C,Msh2-4,1,0,1,1,1,1
YGL124C,Msh2-4,1,0,1,1,1,1
YGL109W,Msh2-4,0,0,0,1,1,1
YGL109W,Msh2-4,1,1,1,0,0,0
YGL109W,Msh2-4,0,0,0,1,1,1
YGL083W,Msh2-4,0,0,0,1,1,1
YGL075C,Msh2-4,0,0,1,0,0,0
YGL066W,Msh2-4,0,1,1,1,1,1
YGL062W,Msh2-4,0,0,0,0,1,0
YGL059W,Msh2-4,1,0,0,1,1,1
YGL059W,Msh2-4,1,0,0,1,1,1
YGL041C,Msh2-4,0,0,1,1,1,0
YGL028C,Msh2-4,0,0,0,0,1,0
YGL028C,Msh2-4,0,0,0,0,1,0
YGR001C,Msh2-4,0,0,1,1,1,1
YGR014W,Msh2-4,0,0,0,0,1,1
YGR023W,Msh2-4,1,0,0,0,1,1
YGR025W,Msh2-4,0,0,0,1,1,1
YGR047C,Msh2-4,0,0,0,1,1,1
YGR056W,Msh2-4,0,0,0,0,1,1
YGR058W,Msh2-4,0,0,0,0,1,1
YGR058W,Msh2-4,1,0,1,1,1,1
YGR095C,Msh2-4,0,0,0,1,1,0
YGR107W,Msh2-4,0,0,0,1,1,1
YGR118W,Msh2-4,1,0,1,1,1,1
YGR139W,Msh2-4,0,0,0,1,1,0
YGR145W,Msh2-4,1,0,1,1,1,1
YGR149W,Msh2-4,0,0,0,0,1,1
YGR153W,Msh2-4,1,0,1,1,1,1
YGR178C,Msh2-4,0,0,0,0,0,1
YGR184C,Msh2-4,0,0,0,0,0,1
YGR210C,Msh2-4,0,1,1,1,1,1
YGR215W,Msh2-4,0,0,0,1,1,1
YGR221C,Msh2-4,1,0,0,1,1,1
YGR227W,Msh2-4,1,1,0,1,1,1
YGR245C,Msh2-4,0,0,0,0,1,0
YGR249W,Msh2-4,0,0,0,0,1,0
YGR258C,Msh2-4,0,0,0,0,1,1
YGR265W,Msh2-4,0,0,0,1,1,0
YGR270W,Msh2-4,0,0,0,0,0,1
YGR271W,Msh2-4,1,0,0,1,1,1
YGR274C,Msh2-4,1,0,0,1,1,1
YGR274C,Msh2-4,1,0,0,1,1,1
YGR283C,Msh2-4,0,0,0,1,1,1
YHL050C,Msh2-4,0,0,0,0,1,0
YHL050C,Msh2-4,0,0,0,0,1,0
YHL047C,Msh2-4,0,0,0,0,0,1
YHL041W,Msh2-4,1,0,0,1,1,1
YHL041W,Msh2-4,0,0,0,0,0,1
YHL039W,Msh2-4,0,0,0,0,0,1
YHL024W,Msh2-4,0,0,0,0,1,0
YHL022C,Msh2-4,1,0,0,1,1,0
YHL008C,Msh2-4,0,0,0,0,1,1
YHR009C,Msh2-4,0,1,1,1,1,1
YHR028C,Msh2-4,0,0,0,1,1,1
YHR043C,Msh2-4,0,0,0,1,0,1
YHR072W,Msh2-4,0,0,1,1,1,1
YHR072W,Msh2-4,1,0,1,1,1,1
YHR093W,Msh2-4,0,0,0,1,1,1
YHR109W,Msh2-4,0,0,0,0,0,1
YHR120W,Msh2-4,0,0,0,0,0,1
YHR159W,Msh2-4,0,0,0,1,1,1
YHR165C,Msh2-4,0,0,0,0,0,1
YHR168W,Msh2-4,1,0,1,0,1,1
YHR173C,Msh2-4,0,0,0,1,1,1
YJL217W,Msh2-4,0,0,0,0,1,1
YJL207C,Msh2-4,0,0,0,1,1,0
YJL205C,Msh2-4,1,0,0,1,1,1
YJL183W,Msh2-4,1,0,1,1,1,1
YJL180C,Msh2-4,0,0,0,0,0,1
YJL179W,Msh2-4,1,0,0,1,1,1
YJL171C,Msh2-4,1,0,0,1,1,1
YJL162C,Msh2-4,0,0,1,1,1,1
YJL159W,Msh2-4,0,0,0,1,1,1
YJL145W,Msh2-4,0,1,1,1,1,1
YJL141C,Msh2-4,0,0,0,1,1,1
YJL133W,Msh2-4,0,0,0,1,1,1
YJL119C,Msh2-4,0,0,0,0,1,1
YJL113W,Msh2-4,1,0,0,1,1,1
YJL113W,Msh2-4,0,0,0,0,1,0
YJL112W,Msh2-4,1,0,1,1,1,1
YJL054W,Msh2-4,0,0,0,0,0,1
YJL024C,Msh2-4,0,0,0,0,1,1
YJL020C,Msh2-4,0,0,1,1,1,0
YJL020C,Msh2-4,0,0,1,1,1,0
YJL020C,Msh2-4,0,0,1,1,1,1
YJL020C,Msh2-4,0,0,1,1,1,1
YJL016W,Msh2-4,0,0,0,0,1,1
YJL015C,Msh2-4,1,0,0,1,1,1
YJR049C,Msh2-4,0,0,0,0,0,1
YJR058C,Msh2-4,0,0,0,0,1,1
YJR071W,Msh2-4,0,0,0,1,1,1
YJR087W,Msh2-4,0,0,0,1,1,0
YJR098C,Msh2-4,1,0,0,1,1,1
YJR098C,Msh2-4,1,0,0,1,1,1
YJR098C,Msh2-4,1,0,0,1,1,1
YJR098C,Msh2-4,0,0,1,1,1,1
YJR107W,Msh2-4,1,0,1,1,1,1
YJR107W,Msh2-4,1,0,1,1,1,1
YJR107W,Msh2-4,1,1,0,1,1,1
YJR132W,Msh2-4,1,0,1,1,1,1
YJR138W,Msh2-4,1,1,0,1,1,1
YJR151C,Msh2-4,1,0,0,1,0,1
YKL222C,Msh2-4,0,0,0,1,1,1
YKL220C,Msh2-4,0,0,0,1,1,1
YKL217W,Msh2-4,0,0,0,1,1,1
YKL198C,Msh2-4,1,1,1,0,1,1
YKL193C,Msh2-4,0,0,0,1,1,1
YKL176C,Msh2-4,0,0,0,1,1,1
YKL156W,Msh2-4,1,0,0,1,1,1
YKL143W,Msh2-4,0,0,0,1,1,1
YKL134C,Msh2-4,0,0,0,1,1,1
YKL134C,Msh2-4,0,0,0,0,1,0
YKL134C,Msh2-4,0,0,0,0,1,0
YKL134C,Msh2-4,0,0,0,0,1,0
YKL134C,Msh2-4,0,0,0,0,1,0
YKL134C,Msh2-4,0,0,0,0,1,0
YKL133C,Msh2-4,1,0,0,1,1,1
YKL129C,Msh2-4,1,0,0,1,1,0
YKL129C,Msh2-4,1,0,0,1,1,0
YKL129C,Msh2-4,1,0,0,1,1,0
YKL129C,Msh2-4,1,0,0,1,1,1
YKL115C,Msh2-4,0,0,0,1,1,1
YKL101W,Msh2-4,1,0,0,1,1,1
YKL100C,Msh2-4,0,0,0,1,1,1
YKL082C,Msh2-4,0,0,0,1,1,1
YKL081W,Msh2-4,0,0,0,0,1,1
YKL070W,Msh2-4,0,1,0,0,0,0
YKL065C,Msh2-4,1,0,1,1,1,1
YKL051W,Msh2-4,0,0,0,1,1,1
YKL033W,Msh2-4,0,0,0,0,1,1
YKL014C,Msh2-4,0,0,0,0,1,1
YKL011C,Msh2-4,0,0,0,1,1,1
YKR007W,Msh2-4,0,0,0,0,1,0
YKR008W,Msh2-4,1,0,1,1,1,1
YKR011C,Msh2-4,0,0,0,1,1,1
YKR012C,Msh2-4,1,1,0,1,1,1
YKR015C,Msh2-4,0,0,0,1,1,1
YKR028W,Msh2-4,1,0,1,1,1,1
YKR040C,Msh2-4,0,0,0,0,1,1
YKR054C,Msh2-4,0,0,1,0,0,0
YKR064W,Msh2-4,0,0,0,0,1,1
YKR066C,Msh2-4,0,0,0,0,1,0
YKR067W,Msh2-4,0,0,1,1,1,1
YKR090W,Msh2-4,1,1,0,1,1,1
YKR094C,Msh2-4,1,0,0,1,1,1
YKR095W,Msh2-4,0,0,0,0,1,1
YLL054C,Msh2-4,1,0,0,1,1,1
YLL037W,Msh2-4,0,0,0,0,1,0
YLL020C,Msh2-4,0,0,0,0,1,0
YLR010C,Msh2-4,0,0,0,1,1,1
YLR014C,Msh2-4,0,0,0,1,1,1
YLR024C,Msh2-4,1,1,0,1,1,1
YLR035C,Msh2-4,0,1,1,1,1,1
YLR055C,Msh2-4,0,0,0,0,0,1
YLR069C,Msh2-4,0,0,0,0,0,1
YLR099C,Msh2-4,0,0,0,0,1,1
YLR128W,Msh2-4,0,0,0,1,1,1
YLR129W,Msh2-4,0,0,1,1,1,1
YLR137W,Msh2-4,0,0,0,0,1,1
YLR138W,Msh2-4,0,0,0,0,1,0
YLR140W,Msh2-4,1,0,0,0,1,0
YLR142W,Msh2-4,0,0,0,0,1,1
YLR167W,Msh2-4,0,0,1,1,1,1
YLR184W,Msh2-4,0,0,1,1,1,1
YLR223C,Msh2-4,0,0,0,0,1,1
YLR234W,Msh2-4,0,0,0,0,1,0
YLR256W,Msh2-4,0,0,0,0,0,1
YLR260W,Msh2-4,0,0,0,1,1,1
YLR267W,Msh2-4,0,0,1,1,1,1
YLR296W,Msh2-4,0,0,0,0,1,0
YLR296W,Msh2-4,0,0,0,0,1,0
YLR309C,Msh2-4,1,0,1,1,1,1
YLR309C,Msh2-4,0,0,0,1,1,1
YLR311C,Msh2-4,0,0,0,0,1,0
YLR313C,Msh2-4,1,0,1,1,1,1
YLR314C,Msh2-4,1,0,1,1,1,1
YLR341W,Msh2-4,0,0,1,1,1,1
YLR372W,Msh2-4,0,0,0,0,1,1
YLR380W,Msh2-4,0,0,0,1,1,1
YLR452C,Msh2-4,0,0,0,0,0,1
YLR452C,Msh2-4,0,0,0,0,0,1
YLR454W,Msh2-4,0,0,0,1,1,1
YML118W,Msh2-4,0,0,0,0,1,1
YML116W,Msh2-4,0,0,1,1,1,1
YML111W,Msh2-4,0,0,0,0,0,1
YML096W,Msh2-4,0,0,0,0,1,1
YML090W,Msh2-4,0,0,0,0,0,1
YML053C,Msh2-4,0,0,0,1,1,1
YML034W,Msh2-4,0,0,0,0,1,0
YML034W,Msh2-4,0,0,0,1,1,1
YML007W,Msh2-4,0,0,0,1,1,1
YMR027W,Msh2-4,1,0,0,1,1,1
YMR065W,Msh2-4,0,0,0,1,1,1
YMR076C,Msh2-4,0,0,0,1,1,1
YMR106C,Msh2-4,0,0,0,0,1,1
YMR119W,Msh2-4,0,0,1,1,1,1
YMR160W,Msh2-4,0,1,0,1,1,1
YMR176W,Msh2-4,0,0,0,1,1,1
YMR181C,Msh2-4,0,0,0,0,1,1
YMR185W,Msh2-4,1,0,0,1,1,1
YMR186W,Msh2-4,0,0,0,0,1,1
YMR207C,Msh2-4,1,0,0,1,1,1
YMR207C,Msh2-4,1,0,0,1,1,1
YMR210W,Msh2-4,0,0,0,0,1,1
YMR212C,Msh2-4,0,0,0,1,1,1
YMR247C,Msh2-4,0,0,0,0,1,1
YMR259C,Msh2-4,0,0,0,0,0,1
YMR280C,Msh2-4,0,0,0,0,1,1
YMR304W,Msh2-4,0,0,0,0,1,1
YMR305C,Msh2-4,0,0,0,0,1,1
YMR313C,Msh2-4,0,0,1,1,1,1
YNL338W,Msh2-4,0,1,0,0,1,0
YNL338W,Msh2-4,0,0,0,0,1,0
YNL305C,Msh2-4,0,0,0,0,1,1
YNL268W,Msh2-4,0,0,0,0,0,1
YNL261W,Msh2-4,0,0,0,1,1,1
YNL257C,Msh2-4,0,0,1,1,1,1
YNL251C,Msh2-4,0,0,0,1,1,1
YNL245C,Msh2-4,0,1,1,1,1,1
YNL236W,Msh2-4,0,0,1,0,0,0
YNL196C,Msh2-4,0,0,0,1,1,1
YNL192W,Msh2-4,1,0,0,1,1,1
YNL179C,Msh2-4,0,0,0,0,0,1
YNL179C,Msh2-4,0,0,0,0,1,1
YNL177C,Msh2-4,1,0,0,1,1,1
YNL172W,Msh2-4,1,0,0,0,1,0
YNL172W,Msh2-4,1,0,1,1,1,1
YNL132W,Msh2-4,1,0,1,1,1,1
YNL125C,Msh2-4,0,0,0,0,0,1
YNL121C,Msh2-4,0,0,0,1,0,0
YNL103W,Msh2-4,0,0,0,1,0,0
YNL097C,Msh2-4,0,0,1,1,1,1
YNL095C,Msh2-4,0,1,1,1,1,1
YNL083W,Msh2-4,0,0,0,1,1,0
YNL012W,Msh2-4,0,0,0,0,1,1
YNL009W,Msh2-4,0,0,0,0,1,1
YNL008C,Msh2-4,0,0,1,1,1,1
YNL008C,Msh2-4,1,1,0,1,1,1
YNR047W,Msh2-4,0,0,1,1,1,1
YNR053C,Msh2-4,1,0,0,0,0,0
YNR053C,Msh2-4,0,0,0,0,1,0
YNR053C,Msh2-4,0,0,0,0,1,0
YOL145C,Msh2-4,1,0,0,1,1,1
YOL145C,Msh2-4,1,0,0,1,1,1
YOL145C,Msh2-4,1,0,0,1,1,1
YOL145C,Msh2-4,1,0,1,1,1,1
YOL145C,Msh2-4,1,0,1,1,1,1
YOL145C,Msh2-4,1,0,1,1,1,1
YOL145C,Msh2-4,1,0,1,1,1,1
YOL132W,Msh2-4,0,1,0,1,1,1
YOL120C,Msh2-4,0,0,0,0,0,0
YOL077C,Msh2-4,1,0,0,1,1,1
YOL058W,Msh2-4,1,0,1,1,1,1
YOL051W,Msh2-4,0,0,0,0,0,1
YOR005C,Msh2-4,0,0,0,0,1,1
YOR018W,Msh2-4,0,0,0,1,1,1
YOR029W,Msh2-4,0,1,1,1,1,1
YOR038C,Msh2-4,0,0,1,1,1,1
YOR053W,Msh2-4,0,0,0,0,1,0
YOR124C,Msh2-4,0,0,0,0,0,1
YOR128C,Msh2-4,0,0,0,1,1,1
YOR140W,Msh2-4,1,1,1,1,1,1
YOR149C,Msh2-4,1,0,0,1,1,1
YOR149C,Msh2-4,1,0,0,1,1,1
YOR199W,Msh2-4,0,0,0,0,1,0
YOR225W,Msh2-4,0,0,0,0,1,1
YOR227W,Msh2-4,0,0,0,0,1,1
YOR229W,Msh2-4,0,0,1,0,1,0
YOR229W,Msh2-4,0,0,0,0,1,1
YOR231W,Msh2-4,1,0,1,1,1,1
YOR256C,Msh2-4,1,0,1,1,1,1
YOR267C,Msh2-4,0,0,0,0,0,0
YOR267C,Msh2-4,0,0,0,1,0,0
YOR269W,Msh2-4,0,0,1,1,1,1
YOR271C,Msh2-4,0,0,0,0,0,1
YOR281C,Msh2-4,0,0,0,0,1,1
YOR297C,Msh2-4,1,0,1,1,1,1
YOR298W,Msh2-4,0,0,0,1,1,1
YOR356W,Msh2-4,0,0,0,0,1,1
YOR372C,Msh2-4,0,0,0,0,1,0
YPL244C,Msh2-4,0,0,0,1,1,1
YPL231W,Msh2-4,0,0,0,1,1,1
YPL216W,Msh2-4,0,0,0,1,1,1
YPL195W,Msh2-4,0,0,0,1,1,1
YPL194W,Msh2-4,0,0,0,1,1,1
YPL190C,Msh2-4,0,0,0,0,1,0
YPL179W,Msh2-4,0,0,0,0,1,1
YPL169C,Msh2-4,0,0,0,0,1,1
YPL165C,Msh2-4,0,0,0,0,1,1
YPL156C,Msh2-4,0,0,0,1,1,1
YPL140C,Msh2-4,0,0,0,0,1,1
YPL121C,Msh2-4,0,0,0,1,1,1
YPL115C,Msh2-4,0,0,0,0,1,1
YPL087W,Msh2-4,0,0,0,0,1,0
YPL048W,Msh2-4,0,0,0,1,1,1
YPL030W,Msh2-4,0,0,0,1,1,1
YPL026C,Msh2-4,1,0,1,1,1,1
YPL017C,Msh2-4,0,0,0,0,1,0
YPR029C,Msh2-4,0,1,1,1,1,1
YPR061C,Msh2-4,0,0,0,1,1,1
YPR073C,Msh2-4,0,0,0,0,1,1
YPR116W,Msh2-4,1,0,1,1,1,1
YPR135W,Msh2-4,0,0,0,1,1,1
YPR157W,Msh2-4,1,1,0,1,1,1
YPR168W,Msh2-4,0,0,1,1,1,1
YPR194C,Msh2-4,0,0,1,1,1,1
