gene,population,500,1000,1500,2000,5000,10000,15000,20000,30000,40000,50000
topA,A1,0,0,2,2,2,2,2,2,0,0,0
spoT,A1,0,0,2,2,2,2,2,2,0,0,0
fimA,A1,0,0,0,0,0,0,2,2,0,0,0
metL,A1,0,0,0,0,0,0,0,0,0,0,0
iclR,A1,0,0,0,0,0,0,0,0,0,0,0
yijC,A1,2,0,0,0,0,0,0,0,0,0,0
dinI,A1,0,0,0,0,0,0,0,0,0,0,0
ECB02816,A1,0,0,0,0,0,0,0,0,0,0,0
yddA,A1,0,0,0,0,0,0,0,0,0,0,0
yfiH,A1,0,0,0,0,0,0,0,0,0,0,0
yaaH,A1,0,0,0,0,0,0,0,0,0,0,0
ybaL,A1,0,0,0,0,0,0,0,0,0,0,0
ybcQ,A1,0,0,0,0,0,0,0,0,0,0,0
ybeF,A1,0,0,0,0,0,0,0,0,0,0,0
ybeF,A1,0,0,0,0,0,0,0,0,0,0,0
mrdB,A1,0,0,0,0,0,0,0,0,0,0,0
ldrC,A1,0,0,0,0,0,0,0,0,0,0,0
topA,A1,0,0,0,0,0,0,0,0,0,0,0
ECB01510,A1,0,0,0,0,0,0,0,0,0,0,0
pykF,A1,0,0,0,0,0,0,0,0,0,0,0
ECB02013,A1,0,0,0,0,0,0,0,0,0,0,0
rplS,A1,0,0,0,0,0,0,0,0,0,0,0
fis,A1,0,0,0,0,0,0,0,0,0,0,0
rpsG,A1,0,0,0,0,0,0,0,0,0,0,0
envZ,A1,0,0,0,0,0,0,0,0,0,0,0
malT,A1,0,0,0,0,0,0,0,0,0,0,0
glpR,A1,0,0,0,0,0,0,0,0,0,0,0
ggt,A1,0,0,0,0,0,0,0,0,0,0,0
waaT,A1,0,0,0,0,0,0,0,0,0,0,0
hslU,A1,0,0,0,0,0,0,0,0,0,0,0
ECB03822,A1,0,0,0,0,0,0,0,0,0,0,0
iclR,A1,0,0,0,0,0,0,0,0,0,0,0
ytfN,A1,0,0,0,0,0,0,0,0,0,0,0
ytfT,A1,0,0,0,0,0,0,0,0,0,0,0
nadR,A1,0,0,0,0,0,0,0,0,0,0,0
mrdA,A1,0,0,0,0,0,0,0,0,0,0,0
pykF,A1,0,0,0,0,0,0,0,0,0,0,0
ECB01992,A1,0,0,0,0,0,0,0,0,0,0,0
spoT,A1,0,0,0,0,0,0,0,0,0,0,0
rbsD,A1,0,0,0,0,0,0,0,0,0,0,0
pykF,A1,0,0,0,0,0,0,0,0,0,0,0
mreC,A1,0,0,0,0,0,0,0,0,0,0,0
nadR,A1,0,0,0,0,0,0,0,0,0,0,0
rhsD,A1,0,0,0,0,0,0,0,0,0,0,0
ylcG,A1,0,0,0,0,0,0,0,0,0,0,0
oppD,A1,0,0,0,0,0,0,0,0,0,0,0
infC,A1,0,0,0,0,0,0,0,0,0,0,0
yeeF,A1,0,0,0,0,0,0,0,0,0,0,0
yegM,A1,0,0,0,0,0,0,0,0,0,0,0
recO,A1,0,0,0,0,0,0,0,0,0,0,0
iap,A1,0,0,0,0,0,0,0,0,0,0,0
ECB02621,A1,0,0,0,0,0,0,0,0,0,0,0
kduD,A1,0,0,0,0,0,0,0,0,0,0,0
yhdG,A1,0,0,0,0,0,0,0,0,0,0,0
prlA,A1,0,0,0,0,0,0,0,0,0,0,0
envZ,A1,0,0,0,0,0,0,0,0,0,0,0
malT,A1,0,0,0,0,0,0,0,0,0,0,0
malT,A1,0,0,0,0,0,0,0,0,0,0,0
malT,A1,0,0,0,0,0,0,0,0,0,0,0
spoT,A1,0,0,0,0,0,0,0,0,0,0,0
hslU,A1,0,0,0,0,0,0,0,0,0,0,0
metH,A1,0,0,0,0,0,0,0,0,0,0,0
frdC,A1,0,0,0,0,0,0,0,0,0,0,0
arcA,A1,0,0,0,0,0,0,0,0,0,0,0
ECB02818,A1,0,0,0,0,0,0,0,0,0,0,0
yhjK,A1,0,0,0,0,0,0,0,0,0,0,0
trkH,A1,0,0,0,0,0,0,0,0,0,0,0
yijC,A1,0,0,0,0,0,0,0,0,0,0,0
cysQ,A1,0,0,0,0,0,0,0,0,0,0,0
ybeB,A1,0,0,0,0,0,0,0,0,0,0,0
ycdM,A1,0,0,0,0,0,0,0,0,0,0,0
fabF,A1,0,0,0,0,0,0,0,0,0,0,0
topA,A1,0,0,0,0,0,0,0,0,0,0,0
pykF,A1,0,0,0,0,0,0,0,0,0,0,0
yfaQ,A1,0,0,0,0,0,0,0,0,0,0,0
hslU,A1,0,0,0,0,0,0,0,0,0,0,0
uvrA,A1,0,0,0,0,0,0,0,0,0,0,0
thrA,A1,0,0,0,0,0,0,0,0,0,0,0
yahC,A1,0,0,0,0,0,0,0,0,0,0,0
ybaL,A1,0,0,0,0,0,0,0,0,0,0,0
ybeM,A1,0,0,0,0,0,0,0,0,0,0,0
ybeA,A1,0,0,0,0,0,0,0,0,0,0,0
yliE,A1,0,0,0,0,0,0,0,0,0,0,0
ycbB,A1,0,0,0,0,0,0,0,0,0,0,0
phoH,A1,0,0,0,0,0,0,0,0,0,0,0
rne,A1,0,0,0,0,0,0,0,0,0,0,0
cls,A1,0,0,0,0,0,0,0,0,0,0,0
blr,A1,0,0,0,0,0,0,0,0,0,0,0
ydhH,A1,0,0,0,0,0,0,0,0,0,0,0
ydhK,A1,0,0,0,0,0,0,0,0,0,0,0
pykA,A1,0,0,0,0,0,0,0,0,0,0,0
yeeO,A1,0,0,0,0,0,0,0,0,0,0,0
yeeF,A1,0,0,0,0,0,0,0,0,0,0,0
hyfA,A1,0,0,0,0,0,0,0,0,0,0,0
ygbO,A1,0,0,0,0,0,0,0,0,0,0,0
iap,A1,0,0,0,0,0,0,0,0,0,0,0
ECB02852,A1,0,0,0,0,0,0,0,0,0,0,0
ygiN,A1,0,0,0,0,0,0,0,0,0,0,0
ygjG,A1,0,0,0,0,0,0,0,0,0,0,0
ygjG,A1,0,0,0,0,0,0,0,0,0,0,0
infB,A1,0,0,0,0,0,0,0,0,0,0,0
rplF,A1,0,0,0,0,0,0,0,0,0,0,0
crp,A1,0,0,0,0,0,0,0,0,0,0,0
malT,A1,0,0,0,0,0,0,0,0,0,0,0
mtlD,A1,0,0,0,0,0,0,0,0,0,0,0
waaW,A1,0,0,0,0,0,0,0,0,0,0,0
yicC,A1,0,0,0,0,0,0,0,0,0,0,0
yihP,A1,0,0,0,0,0,0,0,0,0,0,0
metJ,A1,0,0,0,0,0,0,0,0,0,0,0
plsB,A1,0,0,0,0,0,0,0,0,0,0,0
hsdS,A1,0,0,0,0,0,0,0,0,0,0,0
pykF,A1,0,0,0,0,0,0,0,0,0,0,0
ECB01992,A1,0,0,0,0,0,0,0,0,0,0,0
ECB00021,A1,0,0,0,0,0,0,0,0,0,0,0
caiB,A1,0,0,0,0,0,0,0,0,0,0,0
yadG,A1,0,0,0,0,0,0,0,0,0,0,0
yafC,A1,0,0,0,0,0,0,0,0,0,0,0
queA,A1,0,0,0,0,0,0,0,0,0,0,0
arcC,A1,0,0,0,0,0,0,0,0,0,0,0
cusR,A1,0,0,0,0,0,0,0,0,0,0,0
lysQ,A1,0,0,0,0,0,0,0,0,0,0,0
moeB,A1,0,0,0,0,0,0,0,0,0,0,0
ftsK,A1,0,0,0,0,0,0,0,0,0,0,0
sapC,A1,0,0,0,0,0,0,0,0,0,0,0
ynjB,A1,0,0,0,0,0,0,0,0,0,0,0
ydjJ,A1,0,0,0,0,0,0,0,0,0,0,0
yegN,A1,0,0,0,0,0,0,0,0,0,0,0
ompC,A1,0,0,0,0,0,0,0,0,0,0,0
atoS,A1,0,0,0,0,0,0,0,0,0,0,0
menC,A1,0,0,0,0,0,0,0,0,0,0,0
fadL,A1,0,0,0,0,0,0,0,0,0,0,0
hyfA,A1,0,0,0,0,0,0,0,0,0,0,0
hcaD,A1,0,0,0,0,0,0,0,0,0,0,0
ygaZ,A1,0,0,0,0,0,0,0,0,0,0,0
gss,A1,0,0,0,0,0,0,0,0,0,0,0
rpoD,A1,0,0,0,0,0,0,0,0,0,0,0
ygjI,A1,0,0,0,0,0,0,0,0,0,0,0
yrdD,A1,0,0,0,0,0,0,0,0,0,0,0
rplF,A1,0,0,0,0,0,0,0,0,0,0,0
malT,A1,0,0,0,0,0,0,0,0,0,0,0
spoT,A1,0,0,0,0,0,0,0,0,0,0,0
yicL,A1,0,0,0,0,0,0,0,0,0,0,0
glmS,A1,0,0,0,0,0,0,0,0,0,0,0
pfkA,A1,0,0,0,0,0,0,0,0,0,0,0
rplL,A1,0,0,0,0,0,0,0,0,0,0,0
rpoB,A1,0,0,0,0,0,0,0,0,0,0,0
miaA,A1,0,0,0,0,0,0,0,0,0,0,0
hsdR,A1,0,0,0,0,0,0,0,0,0,0,0
ybaL,A1,0,0,0,0,2,2,2,2,0,0,0
mrdA,A1,0,0,0,0,2,2,2,2,0,0,0
nagC,A1,0,0,0,0,2,2,2,2,0,0,0
pykF,A1,0,0,0,0,2,2,2,2,0,0,0
yegI,A1,0,0,0,0,2,2,2,2,0,0,0
infB,A1,0,0,0,0,2,2,2,2,0,0,0
malT,A1,0,0,0,0,2,2,2,2,0,0,0
hslU,A1,0,0,0,0,2,2,2,2,0,0,0
nadR,A1,0,0,0,0,0,0,0,0,0,0,0
wecF,A1,0,0,0,0,0,0,0,0,0,0,0
pykF,A1,0,0,0,0,0,0,0,0,0,0,0
galR,A1,0,0,0,0,0,0,0,0,0,0,0
rep,A1,0,0,0,0,0,0,0,0,0,0,0
hslU,A1,0,0,0,0,0,0,0,0,0,0,0
topA,A1,2,0,0,0,0,0,0,0,0,0,0
pykF,A1,0,0,0,0,0,0,0,0,0,0,0
yijO,A1,0,0,0,0,0,0,0,0,0,0,0
yadH,A1,0,0,0,0,0,0,0,0,0,0,0
arcC,A1,0,0,0,0,0,0,0,0,0,0,0
gltA,A1,0,0,0,0,0,0,0,0,0,0,0
phoH,A1,0,0,0,0,0,0,0,0,0,0,0
narZ,A1,0,0,0,0,0,0,0,0,0,0,0
narZ,A1,0,0,0,0,0,0,0,0,0,0,0
ydfI,A1,0,0,0,0,0,0,0,0,0,0,0
ydjO,A1,0,0,0,0,0,0,0,0,0,0,0
yeaS,A1,0,0,0,0,0,0,0,0,0,0,0
manY,A1,0,0,0,0,0,0,0,0,0,0,0
yeeJ,A1,0,0,0,0,0,0,0,0,0,0,0
manC,A1,0,0,0,0,0,0,0,0,0,0,0
yegB,A1,0,0,0,0,0,0,0,0,0,0,0
ECB01992,A1,0,0,0,0,0,0,0,0,0,0,0
menC,A1,0,0,0,0,0,0,0,0,0,0,0
yfcTU,A1,0,0,0,0,0,0,0,0,0,0,0
ypeB,A1,0,0,0,0,0,0,0,0,0,0,0
maeB,A1,0,0,0,0,0,0,0,0,0,0,0
yfhM,A1,0,0,0,0,0,0,0,0,0,0,0
yfiQ,A1,0,0,0,0,0,0,0,0,0,0,0
ygaZ,A1,0,0,0,0,0,0,0,0,0,0,0
ECB02621,A1,0,0,0,0,0,0,0,0,0,0,0
rpsE,A1,0,0,0,0,0,0,0,0,0,0,0
rplF,A1,0,0,0,0,0,0,0,0,0,0,0
glpG,A1,0,0,0,0,0,0,0,0,0,0,0
ECB03460,A1,0,0,0,0,0,0,0,0,0,0,0
yicL,A1,0,0,0,0,0,0,0,0,0,0,0
yieH,A1,0,0,0,0,0,0,0,0,0,0,0
murI,A1,0,0,0,0,0,0,0,0,0,0,0
iclR,A1,0,0,0,0,0,0,0,0,0,0,0
actP,A1,0,0,0,0,0,0,0,0,0,0,0
yjcP,A1,0,0,0,0,0,0,0,0,0,0,0
yahA,A1,0,0,0,0,0,0,0,0,0,0,0
ybiN,A1,0,0,0,0,0,0,0,0,0,0,0
narH,A1,0,0,0,0,0,0,0,0,0,0,0
pykF,A1,0,0,0,0,0,0,0,0,0,0,0
astE,A1,0,0,0,0,0,0,0,0,0,0,0
ECB02837,A1,0,0,0,0,0,0,0,0,0,0,0
glgC,A1,0,0,0,0,0,0,0,0,0,0,0
nadR,A1,0,0,0,0,0,0,0,0,0,0,0
rnhA,A1,0,0,0,0,0,0,0,0,0,0,0
uvrB,A1,0,0,0,0,0,0,0,0,0,0,0
fimA,A1,0,0,0,0,0,0,0,0,0,0,0
ftsI,A1,0,0,0,0,0,0,0,0,0,0,0
yafM,A1,0,0,0,0,0,0,0,0,0,0,0
yagQ,A1,0,0,0,0,0,0,0,0,0,0,0
ybiN,A1,0,0,0,0,0,0,0,0,0,0,0
ybjE,A1,0,0,0,0,0,0,0,0,0,0,0
ydiQ,A1,0,0,0,0,0,0,0,0,0,0,0
yeaU,A1,0,0,0,0,0,0,0,0,0,0,0
hisL,A1,0,0,0,0,0,0,0,0,0,0,0
mepA,A1,0,0,0,0,0,0,0,0,0,0,0
hyfC,A1,0,0,0,0,0,0,0,0,0,0,0
kduD,A1,0,0,0,0,0,0,0,0,0,0,0
nusA,A1,0,0,0,0,0,0,0,0,0,0,0
glgA,A1,0,0,0,0,0,0,0,0,0,0,0
spoT,A1,0,0,0,0,0,0,0,0,0,0,0
pcnB,A1,0,0,0,0,0,0,2,2,0,0,0
araJ,A1,0,0,0,0,0,2,2,2,0,0,0
dhaM,A1,0,0,0,0,0,0,2,2,0,0,0
ynjI,A1,0,0,0,0,0,0,2,2,0,0,0
ECB02816,A1,0,0,0,0,0,0,0,2,0,0,0
yghJ,A1,0,0,0,0,0,2,2,2,0,0,0
ebgR,A1,0,0,0,0,0,0,2,2,0,0,0
arcB,A1,0,0,0,0,0,0,2,2,0,0,0
gltB,A1,0,0,0,0,0,2,2,2,0,0,0
rpsM,A1,0,0,0,0,0,2,2,2,0,0,0
glpE,A1,0,0,0,0,0,0,0,2,0,0,0
pflC,A1,0,0,0,0,0,2,2,2,0,0,0
iclR,A1,0,0,0,0,0,0,2,2,0,0,0
nadR,A1,0,0,0,0,0,0,2,2,0,0,0
pykF,A1,0,0,0,0,0,0,0,0,0,0,0
spoT,A1,0,0,0,0,0,0,0,0,0,0,0
yabN,A1,0,0,0,0,0,0,0,0,0,0,0
ybaL,A1,0,0,0,0,0,0,0,0,0,0,0
asnB,A1,0,0,0,0,0,0,0,0,0,0,0
rnd,A1,0,0,0,0,0,0,0,0,0,0,0
sdaA,A1,0,0,0,0,0,0,0,0,0,0,0
cycA,A1,0,0,0,0,0,0,0,0,0,0,0
yhhT,A1,0,0,0,0,0,0,0,0,0,0,0
mrdA,A1,0,0,0,0,0,0,0,0,0,0,0
ybiA,A1,0,0,0,0,0,0,0,0,0,0,0
fis,A1,0,0,0,0,0,0,0,0,0,0,0
iclR,A1,0,0,0,0,0,0,0,0,0,0,0
tig,A1,0,0,0,0,0,0,0,0,0,0,0
fadL,A1,0,0,0,0,0,0,0,0,0,0,0
alsC,A1,0,0,0,0,0,0,0,0,0,0,0
topA,A1,0,0,0,0,0,0,0,0,0,0,0
yabB,A1,0,0,0,0,0,0,0,0,0,0,0
ygiD,A1,0,0,0,0,0,0,0,0,0,0,0
infB,A1,0,0,0,0,0,0,0,0,0,0,0
cdh,A1,0,0,0,0,0,0,0,0,0,0,0
pykF,A1,0,0,0,0,0,0,0,0,0,0,0
plsX,A1,0,0,0,0,0,0,0,0,0,0,0
cspC,A1,0,0,0,0,0,0,0,0,0,0,0
proQ,A1,0,0,0,0,0,0,0,0,0,0,0
yedV,A1,0,0,0,0,0,0,0,0,0,0,0
yfiR,A1,0,0,0,0,0,0,0,0,0,0,0
yghB,A1,0,0,0,0,0,0,0,0,0,0,0
ygjG,A1,0,0,0,0,0,0,0,0,0,0,0
yqjK,A1,0,0,0,0,0,0,0,0,0,0,0
sspA,A1,0,0,0,0,0,0,0,0,0,0,0
yrfE,A1,0,0,0,0,0,0,0,0,0,0,0
ompR,A1,0,0,0,0,0,0,0,0,0,0,0
yiaV,A1,0,0,0,0,0,0,0,0,0,0,0
metL,A1,0,0,0,0,0,0,0,0,0,0,0
hemE,A1,0,0,0,0,0,0,0,0,0,0,0
rihB,A1,0,0,0,0,0,0,0,0,0,0,0
pykF,A1,0,0,0,0,0,0,0,0,0,0,0
rof,A1,0,0,0,0,0,0,0,0,0,0,0
aes,A1,0,0,0,0,0,0,0,0,0,0,0
ybbY,A1,0,0,0,0,0,0,0,0,0,0,0
ypdA,A1,0,0,0,0,0,0,0,0,0,0,0
hyfA,A1,0,0,0,0,0,0,0,0,0,0,0
ascB,A1,0,0,0,0,0,0,0,0,0,0,0
tolC,A1,0,0,0,0,0,0,0,0,0,0,0
yhbC,A1,0,0,0,0,0,0,0,0,0,0,0
smf,A1,0,0,0,0,0,0,0,0,0,0,0
rhsB,A1,0,0,0,0,0,0,0,0,0,0,0
yihF,A1,0,0,0,0,0,0,0,0,0,0,0
tpiA,A1,0,0,0,0,0,0,0,0,0,0,0
yjcE,A1,0,0,0,0,0,0,0,0,0,0,0
hpaI,A1,0,0,0,0,0,0,0,0,0,0,0
arcA,A1,0,0,0,0,0,0,0,0,0,0,0
pykF,A1,0,0,0,0,0,0,0,0,0,0,0
ECB02621,A1,0,0,0,0,0,0,0,0,0,0,0
ECB01081,A1,0,0,0,0,0,0,0,0,0,0,0
pykA,A1,0,0,0,0,0,0,0,0,0,0,0
nadR,A1,0,0,0,0,0,0,0,0,0,0,0
yddP,A1,0,0,0,0,0,0,0,0,0,0,0
yfjD,A1,0,0,0,0,0,0,0,0,0,0,0
aes,A1,0,0,0,0,0,0,0,0,0,0,0
pflB,A1,0,0,0,0,0,0,0,0,0,0,0
dam,A1,0,0,0,0,0,0,0,0,0,0,0
ECB01992,A1,0,0,0,0,0,0,0,0,0,0,0
fadA,A1,0,0,0,0,0,0,0,0,0,0,0
metL,A1,0,0,0,0,0,0,0,0,0,0,0
nhoA,A1,0,0,0,0,0,0,0,0,0,0,0
gyrB,A1,0,0,0,0,0,0,0,0,0,0,0
topA,A1,0,0,0,0,0,0,0,0,0,0,0
mreD,A1,0,0,0,0,0,0,0,0,0,0,0
ddl,A1,0,0,0,0,0,0,0,0,0,0,0
ybeQ,A1,0,0,0,0,0,0,0,0,0,0,0
ybiN,A1,0,0,0,0,0,0,0,0,0,0,0
solA,A1,0,0,0,0,0,0,0,0,0,0,0
rstB,A1,0,0,0,0,0,0,0,0,0,0,0
yejF,A1,0,0,0,0,0,0,0,0,0,0,0
hcaC,A1,0,0,0,0,0,0,0,0,0,0,0
sbm,A1,0,0,0,0,0,0,0,0,0,0,0
yiaT,A1,0,0,0,0,0,0,0,0,0,0,0
spoT,A1,0,0,0,0,0,0,0,0,0,0,0
ECB01992,A1,0,0,0,0,0,0,0,0,0,0,0
ygiP,A1,0,0,0,0,0,0,0,0,0,0,0
yagY,A1,0,0,0,0,0,0,0,0,0,0,0
ECB02851,A1,0,0,0,0,0,0,0,0,0,0,0
argR,A1,0,0,0,0,0,0,0,0,0,0,0
malT,A1,0,0,0,0,0,0,0,0,0,0,0
hflK,A1,0,0,0,0,0,0,0,0,0,0,0
sapF,A1,0,0,0,0,0,0,0,0,0,0,0
pqqL,A1,0,0,0,0,0,0,0,0,0,0,0
ECB01992,A1,0,0,0,0,0,0,0,0,0,0,0
mreB,A1,0,0,0,0,0,0,0,0,0,0,0
yhdG,A1,0,0,0,0,0,0,0,0,0,0,0
smf,A1,0,0,0,0,0,0,0,0,0,0,0
yabB,A1,0,0,0,0,0,0,0,0,0,0,0
pykF,A1,0,0,0,0,0,0,0,0,0,0,0
wzzE,A1,0,0,0,0,0,0,0,0,0,0,0
yijC,A1,0,0,0,0,0,0,0,0,0,0,0
iclR,A1,0,0,0,0,0,0,0,0,0,0,0
pykF,A1,0,0,0,0,0,0,0,0,0,0,0
eaeH,A1,0,0,0,0,0,0,0,0,0,0,0
dinI,A1,0,0,0,0,0,0,0,0,0,0,0
fadL,A1,0,0,0,0,0,0,0,0,0,0,0
iap,A1,0,0,0,0,0,0,0,0,0,0,0
leuA,A1,0,0,0,0,0,0,0,0,0,0,0
glnD,A1,0,0,0,0,0,0,0,0,0,0,0
yaeL,A1,0,0,0,0,0,0,0,0,0,0,0
yagU,A1,0,0,0,0,0,0,0,0,0,0,0
cusS,A1,0,0,0,0,0,0,0,0,0,0,0
tolR,A1,0,0,0,0,0,0,0,0,0,0,0
lrp,A1,0,0,0,0,0,0,0,0,0,0,0
ECB02001,A1,0,0,0,0,0,0,0,0,0,0,0
atoS,A1,0,0,0,0,0,0,0,0,0,0,0
purL,A1,0,0,0,0,0,0,0,0,0,0,0
yfiQ,A1,0,0,0,0,0,0,0,0,0,0,0
rhsB,A1,0,0,0,0,0,0,0,0,0,0,0
hsdM,A1,0,0,0,0,0,0,0,0,0,0,0
elaD,A1,0,0,0,0,0,0,0,0,0,0,0
hsdM,A1,0,0,0,0,0,2,0,0,0,0,0
eutC,A1,0,0,0,0,0,0,0,0,0,0,0
htrE,A1,0,0,0,0,0,0,0,0,0,0,0
yfeG,A1,0,0,0,0,0,0,0,0,0,0,0
yhiU,A1,0,0,0,0,0,0,0,0,0,0,0
ybjD,A1,0,0,0,0,0,0,0,0,0,0,0
fucI,A1,0,0,0,0,0,0,0,0,0,0,0
ECB02816,A1,0,0,0,0,0,0,0,0,0,0,0
feoB,A1,0,0,0,0,0,0,0,0,0,0,0
glpR,A1,0,0,0,0,0,0,0,0,0,0,0
deoC,A1,0,0,0,0,0,0,0,0,0,0,0
kdpB,A1,0,0,0,0,0,0,0,0,0,0,0
infB,A1,0,0,0,0,0,0,0,0,0,0,0
nadR,A1,0,0,0,0,0,0,0,0,0,0,0
htpG,A1,0,0,0,0,0,0,0,0,0,0,0
cls,A1,0,0,0,0,0,0,0,0,0,0,0
marA,A1,0,0,0,0,0,0,0,0,0,0,0
yehM,A1,0,0,0,0,0,0,0,0,0,0,0
ispF,A1,0,0,0,0,0,0,0,0,0,0,0
yhdJ,A1,0,0,0,0,0,0,0,0,0,0,0
nrfE,A1,0,0,0,0,0,0,0,0,0,0,0
mdoB,A1,0,0,0,0,0,0,0,0,0,0,0
shiA,A1,0,0,0,0,0,0,0,0,0,0,0
rhsB,A1,0,0,0,0,0,0,0,0,0,0,0
ydbH,A1,0,0,0,0,0,0,0,0,0,0,0
pykF,A1,0,0,0,0,0,0,0,0,0,0,0
mreD,A1,0,0,0,0,0,0,0,0,0,0,0
atoC,A1,0,0,0,0,0,0,0,0,0,0,0
gntR,A1,0,0,0,0,0,0,0,0,0,0,0
yegP,A1,0,0,0,0,0,0,0,0,0,0,0
yiaN,A1,0,0,0,0,0,0,0,0,0,0,0
hslU,A1,0,0,0,0,0,0,0,0,0,0,0
tilS,A1,0,0,0,0,0,0,0,0,0,0,0
bglJ,A1,0,0,0,0,0,0,0,0,0,0,0
ydaG,A1,0,0,0,0,0,0,0,0,0,0,0
gltI,A1,0,0,0,0,0,0,0,2,0,0,0
nagC,A1,0,0,0,0,0,0,0,0,0,0,0
rpsD,A1,0,0,0,0,0,0,0,2,0,0,0
yhbP,A1,0,0,0,0,0,0,0,0,0,0,0
trkG,A1,0,0,0,0,0,0,0,0,0,0,0
yeeA,A1,0,0,0,0,0,0,0,0,0,0,0
yfhB,A1,0,0,0,0,0,0,0,0,0,0,0
nrdE,A1,0,0,0,0,0,0,0,0,0,0,0
hypF,A1,0,0,0,0,0,0,0,0,0,0,0
yacH,A1,0,0,0,0,0,0,0,0,0,0,0
ykgA,A1,0,0,0,0,0,0,0,0,0,0,0
yaiT,A1,0,0,0,0,0,0,0,0,0,0,0
ybaL,A1,0,0,0,0,0,0,0,0,0,0,0
cusS,A1,0,0,0,0,0,0,0,0,0,0,0
asnB,A1,0,0,0,0,0,0,0,0,0,0,0
phoH,A1,0,0,0,0,0,0,0,0,0,0,0
mfd,A1,0,0,0,0,0,0,0,0,0,0,0
acpD,A1,0,0,0,0,0,0,0,0,0,0,0
fdnH,A1,0,0,0,0,0,0,0,0,0,0,0
ydeU,A1,0,0,0,0,0,0,0,0,0,0,0
pykF,A1,0,0,0,0,0,0,0,0,0,0,0
pykF,A1,0,0,0,0,0,0,0,0,0,0,0
astB,A1,0,0,0,0,0,0,0,0,0,0,0
ynjI,A1,0,0,0,0,0,0,0,0,0,0,0
ynjI,A1,0,0,0,0,0,0,0,0,0,0,0
ECB01992,A1,0,0,0,0,0,0,0,0,0,0,0
ECB02013,A1,0,0,0,0,0,0,0,0,0,0,0
gatZ,A1,0,0,0,0,0,0,0,0,0,0,0
yehM,A1,0,0,0,0,0,0,0,0,0,0,0
cirA,A1,0,0,0,0,0,0,0,0,0,0,0
glpT,A1,0,0,0,0,0,0,0,0,0,0,0
fadL,A1,0,0,0,0,0,0,0,0,0,0,0
ECB02512,A1,0,0,0,0,0,0,0,0,0,0,0
ECB02512,A1,0,0,0,0,0,0,0,0,0,0,0
metW,A1,0,0,0,0,0,0,0,0,0,0,0
kduD,A1,0,0,0,0,0,0,0,0,0,0,0
yqeB,A1,0,0,0,0,0,0,0,0,0,0,0
yggC,A1,0,0,0,0,0,0,0,0,0,0,0
flu,A1,0,0,0,0,0,0,0,0,0,0,0
ECB02816,A1,0,0,0,0,0,0,0,0,0,0,0
yhbX,A1,0,0,0,0,0,0,0,0,0,0,0
hflB,A1,0,0,0,0,0,0,0,0,0,0,0
mreC,A1,0,0,0,0,0,0,0,0,0,0,0
rpoA,A1,0,0,0,0,0,0,0,0,0,0,0
ugpQ,A1,0,0,0,0,0,0,0,0,0,0,0
slp,A1,0,0,0,0,0,0,0,0,0,0,0
yhjD,A1,0,0,0,0,0,0,0,0,0,0,0
yiaT,A1,0,0,0,0,0,0,0,0,0,0,0
tdh,A1,0,0,0,0,0,0,0,0,0,0,0
spoT,A1,0,0,0,0,0,0,0,0,0,0,0
phoU,A1,0,0,0,0,0,0,0,0,0,0,0
ECB03715,A1,0,0,0,0,0,0,0,0,0,0,0
ulaA,A1,0,0,0,0,0,0,0,0,0,0,0
cysQ,A1,0,0,0,0,0,0,0,0,0,0,0
hsdS,A1,0,0,0,0,0,0,0,0,0,0,0
nadR,A1,0,0,0,0,0,0,0,0,0,0,0
rne,A1,0,0,0,0,0,0,0,0,0,0,0
pykA,A1,0,0,0,0,0,0,0,0,0,0,0
fusA,A1,0,0,0,0,0,0,0,0,0,0,0
xasA,A1,0,0,0,0,0,0,0,0,0,0,0
nirC,A1,0,0,0,0,0,0,0,0,0,0,0
yqiG,A1,0,0,0,0,0,0,0,0,0,0,0
yhhA,A1,0,0,0,0,0,0,0,0,0,0,0
rhsB,A1,0,0,0,0,0,0,0,0,0,0,0
astD,A1,0,0,0,0,0,0,0,0,0,0,0
yhdX,A1,0,0,0,0,0,0,0,0,0,0,0
topA,A2,0,0,0,0,0,0,0,0,0,0,0
spoT,A2,0,0,0,0,0,0,0,0,0,0,0
fimA,A2,0,0,0,0,0,0,0,0,0,0,0
metL,A2,0,0,0,0,0,0,0,0,0,0,0
iclR,A2,0,0,0,0,0,0,0,0,0,0,0
yijC,A2,0,0,0,0,0,0,0,0,0,0,0
dinI,A2,0,0,0,0,0,0,0,0,0,0,0
ECB02816,A2,0,0,0,0,0,0,0,0,0,0,0
yddA,A2,0,0,0,0,0,0,0,0,0,0,0
yfiH,A2,0,0,0,0,0,0,0,0,0,0,0
yaaH,A2,0,0,0,0,0,0,0,0,0,0,0
ybaL,A2,0,0,0,0,0,0,0,0,0,0,0
ybcQ,A2,0,0,0,0,0,0,0,0,0,0,0
ybeF,A2,0,0,0,0,0,0,0,0,0,0,0
ybeF,A2,0,0,0,0,0,0,0,0,0,0,0
mrdB,A2,0,0,0,0,0,0,0,0,0,0,0
ldrC,A2,0,0,0,0,0,0,0,0,0,0,0
topA,A2,0,0,0,0,0,0,0,0,0,0,0
ECB01510,A2,0,0,0,0,0,0,0,0,0,0,0
pykF,A2,0,0,0,0,0,0,0,0,0,0,0
ECB02013,A2,0,0,0,0,0,0,0,0,0,0,0
rplS,A2,0,0,0,0,0,0,0,0,0,0,0
fis,A2,0,0,0,0,0,0,0,0,0,0,0
rpsG,A2,0,0,0,0,0,0,0,0,0,0,0
envZ,A2,0,0,0,0,0,0,0,0,0,0,0
malT,A2,0,0,0,0,0,0,0,0,0,0,0
glpR,A2,0,0,0,0,0,0,0,0,0,0,0
ggt,A2,0,0,0,0,0,0,0,0,0,0,0
waaT,A2,0,0,0,0,0,0,0,0,0,0,0
hslU,A2,0,0,0,0,0,0,0,0,0,0,0
ECB03822,A2,0,0,0,0,0,0,0,0,0,0,0
iclR,A2,0,0,0,0,0,0,0,0,0,0,0
ytfN,A2,0,0,0,0,0,0,0,0,0,0,0
ytfT,A2,0,0,0,0,0,0,0,0,0,0,0
nadR,A2,0,0,0,0,0,0,0,0,0,0,0
mrdA,A2,0,2,2,2,0,0,0,0,0,0,0
pykF,A2,0,2,2,2,0,0,0,0,0,0,0
ECB01992,A2,2,2,2,0,0,0,0,0,0,0,0
spoT,A2,0,2,2,2,0,0,0,0,0,0,0
rbsD,A2,0,0,0,0,0,0,0,0,0,0,0
pykF,A2,0,0,0,0,0,0,0,0,0,0,0
mreC,A2,0,0,0,0,0,0,0,0,0,0,0
nadR,A2,0,0,0,0,0,0,0,0,0,0,0
rhsD,A2,0,0,0,0,0,0,0,0,0,0,0
ylcG,A2,0,0,0,0,0,0,0,0,0,0,0
oppD,A2,0,0,0,0,0,0,0,0,0,0,0
infC,A2,0,0,0,0,0,0,0,0,0,0,0
yeeF,A2,0,0,0,0,0,0,0,0,0,0,0
yegM,A2,0,0,0,0,0,0,0,0,0,0,0
recO,A2,0,0,0,0,0,0,0,0,0,0,0
iap,A2,0,0,0,0,0,0,0,0,0,0,0
ECB02621,A2,0,0,0,0,0,0,0,0,0,0,0
kduD,A2,0,0,0,0,0,0,0,0,0,0,0
yhdG,A2,0,0,0,0,0,0,0,0,0,0,0
prlA,A2,0,0,0,0,0,0,0,0,0,0,0
envZ,A2,0,0,0,0,0,0,0,0,0,0,0
malT,A2,0,0,0,0,0,0,0,0,0,0,0
malT,A2,0,0,0,0,0,0,0,0,0,0,0
malT,A2,0,0,0,0,0,0,0,0,0,0,0
spoT,A2,0,0,0,0,0,0,0,0,0,0,0
hslU,A2,0,0,0,0,0,0,0,0,0,0,0
metH,A2,0,0,0,0,0,0,0,0,0,0,0
frdC,A2,0,0,0,0,0,0,0,0,0,0,0
arcA,A2,0,0,0,0,0,0,0,0,0,0,0
ECB02818,A2,0,0,0,0,0,0,0,0,0,0,0
yhjK,A2,0,0,0,0,0,0,0,0,0,0,0
trkH,A2,0,0,0,0,0,0,0,0,0,0,0
yijC,A2,0,0,0,0,0,0,0,0,0,0,0
cysQ,A2,0,0,0,0,0,0,0,0,0,0,0
ybeB,A2,0,0,0,0,0,0,0,0,0,0,0
ycdM,A2,0,0,0,0,0,0,0,0,0,0,0
fabF,A2,0,0,0,0,0,0,0,0,0,0,0
topA,A2,0,0,0,0,0,0,0,0,0,0,0
pykF,A2,0,0,0,0,0,0,0,0,0,0,0
yfaQ,A2,0,0,0,0,0,0,0,0,0,0,0
hslU,A2,0,0,0,0,0,0,0,0,0,0,0
uvrA,A2,0,0,0,0,0,0,0,0,0,0,0
thrA,A2,0,0,0,0,0,0,0,0,0,0,0
yahC,A2,0,0,0,0,0,0,0,0,0,0,0
ybaL,A2,0,0,0,0,0,0,0,0,0,0,0
ybeM,A2,0,0,0,0,0,0,0,0,0,0,0
ybeA,A2,0,0,0,0,0,0,0,0,0,0,0
yliE,A2,0,0,0,0,0,0,0,0,0,0,0
ycbB,A2,0,0,0,0,0,0,0,0,0,0,0
phoH,A2,0,0,0,0,0,0,0,0,0,0,0
rne,A2,0,0,0,0,0,0,0,0,0,0,0
cls,A2,0,0,0,0,0,0,0,0,0,0,0
blr,A2,0,0,0,0,0,0,0,0,0,0,0
ydhH,A2,0,0,0,0,0,0,0,0,0,0,0
ydhK,A2,0,0,0,0,0,0,0,0,0,0,0
pykA,A2,0,0,0,0,0,0,0,0,0,0,0
yeeO,A2,0,0,0,0,0,0,0,0,0,0,0
yeeF,A2,0,0,0,0,0,0,0,0,0,0,0
hyfA,A2,0,0,0,0,0,0,0,0,0,0,0
ygbO,A2,0,0,0,0,0,0,0,0,0,0,0
iap,A2,0,0,0,0,0,0,0,0,0,0,0
ECB02852,A2,0,0,0,0,0,0,0,0,0,0,0
ygiN,A2,0,0,0,0,0,0,0,0,0,0,0
ygjG,A2,0,0,0,0,0,0,0,0,0,0,0
ygjG,A2,0,0,0,0,0,0,0,0,0,0,0
infB,A2,0,0,0,0,0,0,0,0,0,0,0
rplF,A2,0,0,0,0,0,0,0,0,0,0,0
crp,A2,0,0,0,0,0,0,0,0,0,0,0
malT,A2,0,0,0,0,0,0,0,0,0,0,0
mtlD,A2,0,0,0,0,0,0,0,0,0,0,0
waaW,A2,0,0,0,0,0,0,0,0,0,0,0
yicC,A2,0,0,0,0,0,0,0,0,0,0,0
yihP,A2,0,0,0,0,0,0,0,0,0,0,0
metJ,A2,0,0,0,0,0,0,0,0,0,0,0
plsB,A2,0,0,0,0,0,0,0,0,0,0,0
hsdS,A2,0,0,0,0,0,0,0,0,0,0,0
pykF,A2,0,0,0,0,0,0,0,0,0,0,0
ECB01992,A2,0,0,0,0,0,0,0,0,0,0,0
ECB00021,A2,0,0,0,0,0,0,0,0,0,0,0
caiB,A2,0,0,0,0,0,0,0,0,0,0,0
yadG,A2,0,0,0,0,0,0,0,0,0,0,0
yafC,A2,0,0,0,0,0,0,0,0,0,0,0
queA,A2,0,0,0,0,0,0,0,0,0,0,0
arcC,A2,0,0,0,0,0,0,0,0,0,0,0
cusR,A2,0,0,0,0,0,0,0,0,0,0,0
lysQ,A2,0,0,0,0,0,0,0,0,0,0,0
moeB,A2,0,0,0,0,0,0,0,0,0,0,0
ftsK,A2,0,0,0,0,0,0,0,0,0,0,0
sapC,A2,0,0,0,0,0,0,0,0,0,0,0
ynjB,A2,0,0,0,0,0,0,0,0,0,0,0
ydjJ,A2,0,0,0,0,0,0,0,0,0,0,0
yegN,A2,0,0,0,0,0,0,0,0,0,0,0
ompC,A2,0,0,0,0,0,0,0,0,0,0,0
atoS,A2,0,0,0,0,0,0,0,0,0,0,0
menC,A2,0,0,0,0,0,0,0,0,0,0,0
fadL,A2,0,0,0,0,0,0,0,0,0,0,0
hyfA,A2,0,0,0,0,0,0,0,0,0,0,0
hcaD,A2,0,0,0,0,0,0,0,0,0,0,0
ygaZ,A2,0,0,0,0,0,0,0,0,0,0,0
gss,A2,0,0,0,0,0,0,0,0,0,0,0
rpoD,A2,0,0,0,0,0,0,0,0,0,0,0
ygjI,A2,0,0,0,0,0,0,0,0,0,0,0
yrdD,A2,0,0,0,0,0,0,0,0,0,0,0
rplF,A2,0,0,0,0,0,0,0,0,0,0,0
malT,A2,0,0,0,0,0,0,0,0,0,0,0
spoT,A2,0,0,0,0,0,0,0,0,0,0,0
yicL,A2,0,0,0,0,0,0,0,0,0,0,0
glmS,A2,0,0,0,0,0,0,0,0,0,0,0
pfkA,A2,0,0,0,0,0,0,0,0,0,0,0
rplL,A2,0,0,0,0,0,0,0,0,0,0,0
rpoB,A2,0,0,0,0,0,0,0,0,0,0,0
miaA,A2,0,0,0,0,0,0,0,0,0,0,0
hsdR,A2,0,0,0,0,0,0,0,0,0,0,0
ybaL,A2,0,0,0,0,0,0,0,0,0,0,0
mrdA,A2,0,0,0,0,0,0,0,0,0,0,0
nagC,A2,0,0,0,0,0,0,0,0,0,0,0
pykF,A2,0,0,0,0,0,0,0,0,0,0,0
yegI,A2,0,0,0,0,0,0,0,0,0,0,0
infB,A2,0,0,0,0,0,0,0,0,0,0,0
malT,A2,0,0,0,0,0,0,0,0,0,0,0
hslU,A2,0,0,0,0,0,0,0,0,0,0,0
nadR,A2,0,0,0,0,0,0,0,0,0,0,0
wecF,A2,0,0,0,0,0,0,0,0,0,0,0
pykF,A2,0,0,0,0,0,0,0,0,0,0,0
galR,A2,0,0,0,0,0,0,0,0,0,0,0
rep,A2,0,0,0,0,0,0,0,0,0,0,0
hslU,A2,0,0,0,0,0,0,0,0,0,0,0
topA,A2,0,0,0,0,0,0,0,0,0,0,0
pykF,A2,0,0,0,0,0,0,0,0,0,0,0
yijO,A2,0,0,0,0,0,0,0,0,0,0,0
yadH,A2,0,0,0,0,0,0,0,0,0,0,0
arcC,A2,0,0,0,0,0,0,0,0,0,0,0
gltA,A2,0,0,0,0,0,0,0,0,0,0,0
phoH,A2,0,0,0,0,0,0,0,0,0,0,0
narZ,A2,0,0,0,0,0,0,0,0,0,0,0
narZ,A2,0,0,0,0,0,0,0,0,0,0,0
ydfI,A2,0,0,0,0,0,0,0,0,0,0,0
ydjO,A2,0,0,0,0,0,0,0,0,0,0,0
yeaS,A2,0,0,0,0,0,0,0,0,0,0,0
manY,A2,0,0,0,0,0,0,0,0,0,0,0
yeeJ,A2,0,0,0,0,0,0,0,0,0,0,0
manC,A2,0,0,0,0,0,0,0,0,0,0,0
yegB,A2,0,0,0,0,0,0,0,0,0,0,0
ECB01992,A2,0,0,0,0,0,0,0,0,0,0,0
menC,A2,0,0,0,0,0,0,0,0,0,0,0
yfcTU,A2,0,0,0,0,0,0,0,0,0,0,0
ypeB,A2,0,0,0,0,0,0,0,0,0,0,0
maeB,A2,0,0,0,0,0,0,0,0,0,0,0
yfhM,A2,0,0,0,0,0,0,0,0,0,0,0
yfiQ,A2,0,0,0,0,0,0,0,0,0,0,0
ygaZ,A2,0,0,0,0,0,0,0,0,0,0,0
ECB02621,A2,0,0,0,0,0,0,0,0,0,0,0
rpsE,A2,0,0,0,0,0,0,0,0,0,0,0
rplF,A2,0,0,0,0,0,0,0,0,0,0,0
glpG,A2,0,0,0,0,0,0,0,0,0,0,0
ECB03460,A2,0,0,0,0,0,0,0,0,0,0,0
yicL,A2,0,0,0,0,0,0,0,0,0,0,0
yieH,A2,0,0,0,0,0,0,0,0,0,0,0
murI,A2,0,0,0,0,0,0,0,0,0,0,0
iclR,A2,0,0,0,0,0,0,0,0,0,0,0
actP,A2,0,0,0,0,0,0,0,0,0,0,0
yjcP,A2,0,0,0,0,0,0,0,0,0,0,0
yahA,A2,0,0,0,0,0,0,0,0,0,0,0
ybiN,A2,0,0,0,0,0,0,0,0,0,0,0
narH,A2,0,0,0,0,0,0,0,0,0,0,0
pykF,A2,0,0,0,0,0,0,0,0,0,0,0
astE,A2,0,0,0,0,0,0,0,0,0,0,0
ECB02837,A2,0,0,0,0,0,0,0,0,0,0,0
glgC,A2,0,0,0,0,0,0,0,0,0,0,0
nadR,A2,0,0,0,0,0,0,0,0,0,0,0
rnhA,A2,0,0,0,0,0,0,0,0,0,0,0
uvrB,A2,0,0,0,0,0,0,0,0,0,0,0
fimA,A2,0,0,0,0,0,0,0,0,0,0,0
ftsI,A2,0,0,0,0,0,0,0,0,0,0,0
yafM,A2,0,0,0,0,0,0,0,0,0,0,0
yagQ,A2,0,0,0,0,0,0,0,0,0,0,0
ybiN,A2,0,0,0,0,0,0,0,0,0,0,0
ybjE,A2,0,0,0,0,0,0,0,0,0,0,0
ydiQ,A2,0,0,0,0,0,0,0,0,0,0,0
yeaU,A2,0,0,0,0,0,0,0,0,0,0,0
hisL,A2,0,0,0,0,0,0,0,0,0,0,0
mepA,A2,0,0,0,0,0,0,0,0,0,0,0
hyfC,A2,0,0,0,0,0,0,0,0,0,0,0
kduD,A2,0,0,0,0,0,0,0,0,0,0,0
nusA,A2,0,0,0,0,0,0,0,0,0,0,0
glgA,A2,0,0,0,0,0,0,0,0,0,0,0
spoT,A2,0,0,0,0,0,0,0,0,0,0,0
pcnB,A2,0,0,0,0,0,0,0,0,0,0,0
araJ,A2,0,0,0,0,0,0,0,0,0,0,0
dhaM,A2,0,0,0,0,0,0,0,0,0,0,0
ynjI,A2,0,0,0,0,0,0,0,0,0,0,0
ECB02816,A2,0,0,0,0,0,0,0,0,0,0,0
yghJ,A2,0,0,0,0,0,0,0,0,0,0,0
ebgR,A2,0,0,0,0,0,0,0,0,0,0,0
arcB,A2,0,0,0,0,0,0,0,0,0,0,0
gltB,A2,0,0,0,0,0,0,0,0,0,0,0
rpsM,A2,0,0,0,0,0,0,0,0,0,0,0
glpE,A2,0,0,0,0,0,0,0,0,0,0,0
pflC,A2,0,0,0,0,0,0,0,0,0,0,0
iclR,A2,0,0,0,0,0,0,0,0,0,0,0
nadR,A2,0,0,0,0,0,0,0,0,0,0,0
pykF,A2,0,0,0,0,0,0,0,0,0,0,0
spoT,A2,0,0,0,0,0,0,0,0,0,0,0
yabN,A2,0,0,0,0,0,0,0,0,0,0,0
ybaL,A2,0,0,0,0,0,0,0,0,0,0,0
asnB,A2,0,0,0,0,0,0,0,0,0,0,0
rnd,A2,0,0,0,0,0,0,0,0,0,0,0
sdaA,A2,0,0,0,0,0,0,0,0,0,0,0
cycA,A2,0,0,0,0,0,0,0,0,0,0,0
yhhT,A2,0,0,0,0,0,0,0,0,0,0,0
mrdA,A2,0,0,0,0,0,0,0,0,0,0,0
ybiA,A2,0,0,0,0,0,0,0,0,0,0,0
fis,A2,0,0,0,0,0,0,0,0,0,0,0
iclR,A2,0,0,0,0,0,0,0,0,0,0,0
tig,A2,0,0,0,0,0,0,0,0,0,0,0
fadL,A2,0,0,0,0,0,0,0,0,0,0,0
alsC,A2,0,0,0,0,0,0,0,0,0,0,0
topA,A2,0,0,0,0,0,0,0,0,0,0,0
yabB,A2,0,0,0,0,0,0,0,0,0,0,0
ygiD,A2,0,0,0,0,0,0,0,0,0,0,0
infB,A2,0,0,0,0,0,0,0,0,0,0,0
cdh,A2,0,0,0,0,0,0,0,0,0,0,0
pykF,A2,0,0,0,0,0,0,0,0,0,0,0
plsX,A2,0,0,0,0,0,0,0,0,0,0,0
cspC,A2,0,0,0,0,0,0,0,0,0,0,0
proQ,A2,0,0,0,0,0,0,0,0,0,0,0
yedV,A2,0,0,0,0,0,0,0,0,0,0,0
yfiR,A2,0,0,0,0,0,0,0,0,0,0,0
yghB,A2,0,0,0,0,0,0,0,0,0,0,0
ygjG,A2,0,0,0,0,0,0,0,0,0,0,0
yqjK,A2,0,0,0,0,0,0,0,0,0,0,0
sspA,A2,0,0,0,0,0,0,0,0,0,0,0
yrfE,A2,0,0,0,0,0,0,0,0,0,0,0
ompR,A2,0,0,0,0,0,0,0,0,0,0,0
yiaV,A2,0,0,0,0,0,0,0,0,0,0,0
metL,A2,0,0,0,0,0,0,0,0,0,0,0
hemE,A2,0,0,0,0,0,0,0,0,0,0,0
rihB,A2,0,0,0,0,0,0,0,0,0,0,0
pykF,A2,0,0,0,0,0,0,0,0,0,0,0
rof,A2,0,0,0,0,0,0,0,0,0,0,0
aes,A2,0,0,0,0,0,0,0,0,0,0,0
ybbY,A2,0,0,0,0,0,0,0,0,0,0,0
ypdA,A2,0,0,0,0,0,0,0,0,0,0,0
hyfA,A2,0,0,0,0,0,0,0,0,0,0,0
ascB,A2,0,0,0,0,0,0,0,0,0,0,0
tolC,A2,0,0,0,0,0,0,0,0,0,0,0
yhbC,A2,0,0,0,0,0,0,0,0,0,0,0
smf,A2,0,0,0,0,0,0,0,0,0,0,0
rhsB,A2,0,0,0,0,0,0,0,0,0,0,0
yihF,A2,0,0,0,0,0,0,0,0,0,0,0
tpiA,A2,0,0,0,0,0,0,0,0,0,0,0
yjcE,A2,0,0,0,0,0,0,0,0,0,0,0
hpaI,A2,0,0,0,0,0,0,0,0,0,0,0
arcA,A2,0,0,0,0,0,0,0,0,0,0,0
pykF,A2,0,0,0,0,0,0,0,0,0,0,0
ECB02621,A2,0,0,0,0,0,0,0,0,0,0,0
ECB01081,A2,0,0,0,0,0,0,0,0,0,0,0
pykA,A2,0,0,0,0,0,0,0,0,0,0,0
nadR,A2,0,0,0,0,0,0,0,0,0,0,0
yddP,A2,0,0,0,0,0,0,0,0,0,0,0
yfjD,A2,0,0,0,0,0,0,0,0,0,0,0
aes,A2,0,0,0,0,0,0,0,0,0,0,0
pflB,A2,0,0,0,0,0,0,0,0,0,0,0
dam,A2,0,0,0,0,0,0,0,0,0,0,0
ECB01992,A2,0,0,0,0,0,0,0,0,0,0,0
fadA,A2,0,0,0,0,0,0,0,0,0,0,0
metL,A2,0,0,0,0,0,0,0,0,0,0,0
nhoA,A2,0,0,0,0,0,0,0,0,0,0,0
gyrB,A2,0,0,0,0,0,0,0,0,0,0,0
topA,A2,0,0,0,0,0,0,0,0,0,0,0
mreD,A2,0,0,0,0,0,0,0,0,0,0,0
ddl,A2,0,0,0,0,0,0,0,0,0,0,0
ybeQ,A2,0,0,0,0,0,0,0,0,0,0,0
ybiN,A2,0,0,0,0,0,0,0,0,0,0,0
solA,A2,0,0,0,0,0,0,0,0,0,0,0
rstB,A2,0,0,0,0,0,0,0,0,0,0,0
yejF,A2,0,0,0,0,0,0,0,0,0,0,0
hcaC,A2,0,0,0,0,0,0,0,0,0,0,0
sbm,A2,0,0,0,0,0,0,0,0,0,0,0
yiaT,A2,0,0,0,0,0,0,0,0,0,0,0
spoT,A2,0,0,0,0,0,0,0,0,0,0,0
ECB01992,A2,0,0,0,0,0,0,0,0,0,0,0
ygiP,A2,0,0,0,0,0,0,0,0,0,0,0
yagY,A2,0,0,0,0,0,0,0,0,0,0,0
ECB02851,A2,0,0,0,0,0,0,0,0,0,0,0
argR,A2,0,0,0,0,0,0,0,0,0,0,0
malT,A2,0,0,0,0,0,0,0,0,0,0,0
hflK,A2,0,0,0,0,0,0,0,0,0,0,0
sapF,A2,0,0,0,0,0,0,0,0,0,0,0
pqqL,A2,0,0,0,0,0,0,0,0,0,0,0
ECB01992,A2,0,0,0,0,0,0,0,0,0,0,0
mreB,A2,0,0,0,0,0,0,0,0,0,0,0
yhdG,A2,0,0,0,0,0,0,0,0,0,0,0
smf,A2,0,0,0,0,0,0,0,0,0,0,0
yabB,A2,0,0,0,0,0,0,0,0,0,0,0
pykF,A2,0,0,0,0,0,0,0,0,0,0,0
wzzE,A2,0,0,0,0,0,0,0,0,0,0,0
yijC,A2,0,0,0,0,0,0,0,0,0,0,0
iclR,A2,0,0,0,0,0,0,0,0,0,0,0
pykF,A2,0,0,0,0,0,0,0,0,0,0,0
eaeH,A2,0,0,0,0,0,0,0,0,0,0,0
dinI,A2,0,0,0,0,0,0,0,0,0,0,0
fadL,A2,0,0,0,0,0,0,0,0,0,0,0
iap,A2,0,0,0,0,0,0,0,0,0,0,0
leuA,A2,0,0,0,0,0,0,0,0,0,0,0
glnD,A2,0,0,0,0,0,0,0,0,0,0,0
yaeL,A2,0,0,0,0,0,0,0,0,0,0,0
yagU,A2,0,0,0,0,0,0,0,0,0,0,0
cusS,A2,0,0,0,0,0,0,0,0,0,0,0
tolR,A2,0,0,0,0,0,0,0,0,0,0,0
lrp,A2,0,0,0,0,0,0,0,0,0,0,0
ECB02001,A2,0,0,0,0,0,0,0,0,0,0,0
atoS,A2,0,0,0,0,0,0,0,0,0,0,0
purL,A2,0,0,0,0,0,0,0,0,0,0,0
yfiQ,A2,0,0,0,0,0,0,0,0,0,0,0
rhsB,A2,0,0,0,0,0,0,0,0,0,0,0
hsdM,A2,0,0,0,0,0,0,0,0,0,0,0
elaD,A2,0,0,0,0,0,0,0,0,0,0,0
hsdM,A2,0,0,0,0,0,0,0,0,0,0,0
eutC,A2,0,0,0,0,0,0,0,0,0,0,0
htrE,A2,0,0,0,0,0,0,0,0,0,0,0
yfeG,A2,0,0,0,0,0,0,0,0,0,0,0
yhiU,A2,0,0,0,0,0,0,0,0,0,0,0
ybjD,A2,0,0,0,0,0,0,0,0,0,0,0
fucI,A2,0,0,0,0,0,0,0,0,0,0,0
ECB02816,A2,0,0,0,0,0,0,0,0,0,0,0
feoB,A2,0,0,0,0,0,0,0,0,0,0,0
glpR,A2,0,0,0,0,0,0,0,0,0,0,0
deoC,A2,0,0,0,0,0,0,0,0,0,0,0
kdpB,A2,0,0,0,0,0,0,0,0,0,0,0
infB,A2,0,0,0,0,0,0,0,0,0,0,0
nadR,A2,0,0,0,0,0,0,0,0,0,0,0
htpG,A2,0,0,0,0,0,0,0,0,0,0,0
cls,A2,0,0,0,0,0,0,0,0,0,0,0
marA,A2,0,0,0,0,0,0,0,0,0,0,0
yehM,A2,0,0,0,0,0,0,0,0,0,0,0
ispF,A2,0,0,0,0,0,0,0,0,0,0,0
yhdJ,A2,0,0,0,0,0,0,0,0,0,0,0
nrfE,A2,0,0,0,0,0,0,0,0,0,0,0
mdoB,A2,0,0,0,0,0,0,0,0,0,0,0
shiA,A2,0,0,0,0,0,0,0,0,0,0,0
rhsB,A2,0,0,0,0,0,0,0,0,0,0,0
ydbH,A2,0,0,0,0,0,0,0,0,0,0,0
pykF,A2,0,0,0,0,0,0,0,0,0,0,0
mreD,A2,0,0,0,0,0,0,0,0,0,0,0
atoC,A2,0,0,0,0,0,0,0,0,0,0,0
gntR,A2,0,0,0,0,0,0,0,0,0,0,0
yegP,A2,0,0,0,0,0,0,0,0,0,0,0
yiaN,A2,0,0,0,0,0,0,0,0,0,0,0
hslU,A2,0,0,0,0,0,0,0,0,0,0,0
tilS,A2,0,0,0,0,0,0,0,0,0,0,0
bglJ,A2,0,0,0,0,0,0,0,0,0,0,0
ydaG,A2,0,0,0,0,0,0,0,0,0,0,0
gltI,A2,0,0,0,0,0,0,0,0,0,0,0
nagC,A2,0,0,0,0,0,0,0,0,0,0,0
rpsD,A2,0,0,0,0,0,0,0,0,0,0,0
yhbP,A2,0,0,0,0,0,0,0,0,0,0,0
trkG,A2,0,0,0,0,0,0,0,0,0,0,0
yeeA,A2,0,0,0,0,0,0,0,0,0,0,0
yfhB,A2,0,0,0,0,0,0,0,0,0,0,0
nrdE,A2,0,0,0,0,0,0,0,0,0,0,0
hypF,A2,0,0,0,0,0,0,0,0,0,0,0
yacH,A2,0,0,0,0,0,0,0,0,0,0,0
ykgA,A2,0,0,0,0,0,0,0,0,0,0,0
yaiT,A2,0,0,0,0,0,0,0,0,0,0,0
ybaL,A2,0,0,0,0,0,0,0,0,0,0,0
cusS,A2,0,0,0,0,0,0,0,0,0,0,0
asnB,A2,0,0,0,0,0,0,0,0,0,0,0
phoH,A2,0,0,0,0,0,0,0,0,0,0,0
mfd,A2,0,0,0,0,0,0,0,0,0,0,0
acpD,A2,0,0,0,0,0,0,0,0,0,0,0
fdnH,A2,0,0,0,0,0,0,0,0,0,0,0
ydeU,A2,0,0,0,0,0,0,0,0,0,0,0
pykF,A2,0,0,0,0,0,0,0,0,0,0,0
pykF,A2,0,0,0,0,0,0,0,0,0,0,0
astB,A2,0,0,0,0,0,0,0,0,0,0,0
ynjI,A2,0,0,0,0,0,0,0,0,0,0,0
ynjI,A2,0,0,0,0,0,0,0,0,0,0,0
ECB01992,A2,0,0,0,0,0,0,0,0,0,0,0
ECB02013,A2,0,0,0,0,0,0,0,0,0,0,0
gatZ,A2,0,0,0,0,0,0,0,0,0,0,0
yehM,A2,0,0,0,0,0,0,0,0,0,0,0
cirA,A2,0,0,0,0,0,0,0,0,0,0,0
glpT,A2,0,0,0,0,0,0,0,0,0,0,0
fadL,A2,0,0,0,0,0,0,0,0,0,0,0
ECB02512,A2,0,0,0,0,0,0,0,0,0,0,0
ECB02512,A2,0,0,0,0,0,0,0,0,0,0,0
metW,A2,0,0,0,0,0,0,0,0,0,0,0
kduD,A2,0,0,0,0,0,0,0,0,0,0,0
yqeB,A2,0,0,0,0,0,0,0,0,0,0,0
yggC,A2,0,0,0,0,0,0,0,0,0,0,0
flu,A2,0,0,0,0,0,0,0,0,0,0,0
ECB02816,A2,0,0,0,0,0,0,0,0,0,0,0
yhbX,A2,0,0,0,0,0,0,0,0,0,0,0
hflB,A2,0,0,0,0,0,0,0,0,0,0,0
mreC,A2,0,0,0,0,0,0,0,0,0,0,0
rpoA,A2,0,0,0,0,0,0,0,0,0,0,0
ugpQ,A2,0,0,0,0,0,0,0,0,0,0,0
slp,A2,0,0,0,0,0,0,0,0,0,0,0
yhjD,A2,0,0,0,0,0,0,0,0,0,0,0
yiaT,A2,0,0,0,0,0,0,0,0,0,0,0
tdh,A2,0,0,0,0,0,0,0,0,0,0,0
spoT,A2,0,0,0,0,0,0,0,0,0,0,0
phoU,A2,0,0,0,0,0,0,0,0,0,0,0
ECB03715,A2,0,0,0,0,0,0,0,0,0,0,0
ulaA,A2,0,0,0,0,0,0,0,0,0,0,0
cysQ,A2,0,0,0,0,0,0,0,0,0,0,0
hsdS,A2,0,0,0,0,0,0,0,0,0,0,0
nadR,A2,0,0,0,0,0,0,0,0,0,0,0
rne,A2,0,0,0,0,0,0,0,0,0,0,0
pykA,A2,0,0,0,0,0,0,0,0,0,0,0
fusA,A2,0,0,0,0,0,0,0,0,0,0,0
xasA,A2,0,0,0,0,0,0,0,0,0,0,0
nirC,A2,0,0,0,0,0,0,0,0,0,0,0
yqiG,A2,0,0,0,0,0,0,0,0,0,0,0
yhhA,A2,0,0,0,0,0,0,0,0,0,0,0
rhsB,A2,0,0,0,0,0,0,0,0,0,0,0
astD,A2,0,0,0,0,0,0,0,0,0,0,0
yhdX,A2,0,0,0,0,0,0,0,0,0,0,0
topA,A3,0,0,0,0,0,0,0,0,0,0,0
spoT,A3,0,0,0,0,0,0,0,0,0,0,0
fimA,A3,0,0,0,0,0,0,0,2,2,0,0
metL,A3,0,0,0,0,0,2,2,2,2,0,0
iclR,A3,0,0,0,0,0,0,0,0,0,0,0
yijC,A3,0,0,0,0,0,0,0,0,0,0,0
dinI,A3,0,0,0,0,0,0,0,0,0,0,0
ECB02816,A3,0,0,0,0,0,0,0,2,2,0,0
yddA,A3,0,0,0,0,0,0,0,0,0,0,0
yfiH,A3,0,0,0,0,0,0,0,0,0,0,0
yaaH,A3,0,0,0,0,0,0,0,2,0,0,0
ybaL,A3,0,0,0,0,0,0,0,2,2,0,0
ybcQ,A3,0,0,0,0,2,2,2,2,2,0,0
ybeF,A3,0,0,0,0,0,0,0,0,0,0,0
ybeF,A3,0,0,0,0,0,0,0,2,0,0,0
mrdB,A3,0,0,0,0,2,2,2,2,2,0,0
ldrC,A3,0,0,0,0,2,2,2,2,2,0,0
topA,A3,0,0,0,0,2,2,2,2,2,0,0
ECB01510,A3,0,0,0,0,0,0,0,2,0,0,0
pykF,A3,0,0,0,0,2,2,2,2,2,0,0
ECB02013,A3,0,0,0,0,0,0,0,2,0,0,0
rplS,A3,0,0,0,0,0,0,0,2,2,0,0
fis,A3,0,0,0,0,0,2,2,2,2,0,0
rpsG,A3,0,0,0,0,0,2,2,2,2,0,0
envZ,A3,0,0,0,0,0,0,0,2,0,0,0
malT,A3,0,0,0,0,2,2,2,2,2,0,0
glpR,A3,0,0,0,0,0,0,0,2,0,0,0
ggt,A3,0,0,0,0,0,0,0,2,0,0,0
waaT,A3,0,0,0,0,0,0,0,2,2,0,0
hslU,A3,0,0,0,0,2,2,2,2,2,0,0
ECB03822,A3,0,0,0,0,0,0,0,2,0,0,0
iclR,A3,0,0,0,0,0,0,0,2,0,0,0
ytfN,A3,0,0,0,0,2,2,2,2,2,0,0
ytfT,A3,0,0,0,0,0,0,0,0,0,0,0
nadR,A3,0,0,0,0,0,0,0,2,2,0,0
mrdA,A3,0,0,0,0,0,0,0,0,0,0,0
pykF,A3,0,0,0,0,0,0,0,0,0,0,0
ECB01992,A3,0,0,0,0,0,0,0,0,0,0,0
spoT,A3,0,0,0,0,0,0,0,0,0,0,0
rbsD,A3,0,0,0,0,0,0,0,0,0,0,0
pykF,A3,0,0,0,0,0,0,0,0,0,0,0
mreC,A3,0,0,0,0,0,0,0,0,0,0,0
nadR,A3,0,0,0,0,0,0,0,0,0,0,0
rhsD,A3,0,0,0,0,0,0,0,0,0,0,0
ylcG,A3,0,0,0,0,0,0,0,0,0,0,0
oppD,A3,0,0,0,0,0,0,0,0,0,0,0
infC,A3,0,0,0,0,0,0,0,0,0,0,0
yeeF,A3,0,0,0,0,0,0,0,0,0,0,0
yegM,A3,0,0,0,0,0,0,0,0,0,0,0
recO,A3,0,0,0,0,0,0,0,0,0,0,0
iap,A3,0,0,0,0,0,0,0,0,0,0,0
ECB02621,A3,0,0,0,0,0,0,0,0,0,0,0
kduD,A3,0,0,0,0,0,0,0,0,0,0,0
yhdG,A3,0,0,0,0,0,0,0,0,0,0,0
prlA,A3,0,0,0,0,0,0,0,0,0,0,0
envZ,A3,0,0,0,0,0,0,0,0,0,0,0
malT,A3,0,0,0,0,0,0,0,0,0,0,0
malT,A3,0,0,0,0,0,0,0,0,0,0,0
malT,A3,0,0,0,0,0,0,0,0,0,0,0
spoT,A3,0,0,0,0,0,0,0,0,0,0,0
hslU,A3,0,0,0,0,0,0,0,0,0,0,0
metH,A3,0,0,0,0,0,0,0,0,0,0,0
frdC,A3,0,0,0,0,0,0,0,0,0,0,0
arcA,A3,0,0,0,0,0,0,0,0,0,0,0
ECB02818,A3,0,0,0,0,0,0,0,0,0,0,0
yhjK,A3,0,0,0,0,0,0,0,0,0,0,0
trkH,A3,0,0,0,0,0,0,0,0,0,0,0
yijC,A3,0,0,0,0,0,0,0,0,0,0,0
cysQ,A3,0,0,0,0,0,0,0,0,0,0,0
ybeB,A3,0,0,0,0,0,0,0,0,0,0,0
ycdM,A3,0,0,0,0,0,0,0,0,0,0,0
fabF,A3,0,0,0,0,0,0,0,0,0,0,0
topA,A3,0,0,0,0,0,0,0,0,0,0,0
pykF,A3,0,0,0,0,0,0,0,0,0,0,0
yfaQ,A3,0,0,0,0,0,0,0,0,0,0,0
hslU,A3,0,0,0,0,0,0,0,0,0,0,0
uvrA,A3,0,0,0,0,0,0,0,0,0,0,0
thrA,A3,0,0,0,0,0,0,0,0,0,0,0
yahC,A3,0,0,0,0,0,0,0,0,0,0,0
ybaL,A3,0,0,0,0,0,0,0,0,0,0,0
ybeM,A3,0,0,0,0,0,0,0,0,0,0,0
ybeA,A3,0,0,0,0,0,0,0,0,0,0,0
yliE,A3,0,0,0,0,0,0,0,0,0,0,0
ycbB,A3,0,0,0,0,0,0,0,0,0,0,0
phoH,A3,0,0,0,0,0,0,0,0,0,0,0
rne,A3,0,0,0,0,0,0,0,0,0,0,0
cls,A3,0,0,0,0,0,0,0,0,0,0,0
blr,A3,0,0,0,0,0,0,0,0,0,0,0
ydhH,A3,0,0,0,0,0,0,0,0,0,0,0
ydhK,A3,0,0,0,0,0,0,0,0,0,0,0
pykA,A3,0,0,0,0,0,0,0,0,0,0,0
yeeO,A3,0,0,0,0,0,0,0,0,0,0,0
yeeF,A3,0,0,0,0,0,0,0,0,0,0,0
hyfA,A3,0,0,0,0,0,0,0,0,0,0,0
ygbO,A3,0,0,0,0,0,0,0,0,0,0,0
iap,A3,0,0,0,0,0,0,0,0,0,0,0
ECB02852,A3,0,0,0,0,0,0,0,0,0,0,0
ygiN,A3,0,0,0,0,0,0,0,0,0,0,0
ygjG,A3,0,0,0,0,0,0,0,0,0,0,0
ygjG,A3,0,0,0,0,0,0,0,0,0,0,0
infB,A3,0,0,0,0,0,0,0,0,0,0,0
rplF,A3,0,0,0,0,0,0,0,0,0,0,0
crp,A3,0,0,0,0,0,0,0,0,0,0,0
malT,A3,0,0,0,0,0,0,0,0,0,0,0
mtlD,A3,0,0,0,0,0,0,0,0,0,0,0
waaW,A3,0,0,0,0,0,0,0,0,0,0,0
yicC,A3,0,0,0,0,0,0,0,0,0,0,0
yihP,A3,0,0,0,0,0,0,0,0,0,0,0
metJ,A3,0,0,0,0,0,0,0,0,0,0,0
plsB,A3,0,0,0,0,0,0,0,0,0,0,0
hsdS,A3,0,0,0,0,0,0,0,0,0,0,0
pykF,A3,0,0,0,0,0,0,0,0,0,0,0
ECB01992,A3,0,0,0,0,0,0,0,0,0,0,0
ECB00021,A3,0,0,0,0,0,0,0,0,0,0,0
caiB,A3,0,0,0,0,0,0,0,0,0,0,0
yadG,A3,0,0,0,0,0,0,0,0,0,0,0
yafC,A3,0,0,0,0,0,0,0,0,0,0,0
queA,A3,0,0,0,0,0,0,0,0,0,0,0
arcC,A3,0,0,0,0,0,0,0,0,0,0,0
cusR,A3,0,0,0,0,0,0,0,0,0,0,0
lysQ,A3,0,0,0,0,0,0,0,0,0,0,0
moeB,A3,0,0,0,0,0,0,0,0,0,0,0
ftsK,A3,0,0,0,0,0,0,0,0,0,0,0
sapC,A3,0,0,0,0,0,0,0,0,0,0,0
ynjB,A3,0,0,0,0,0,0,0,0,0,0,0
ydjJ,A3,0,0,0,0,0,0,0,0,0,0,0
yegN,A3,0,0,0,0,0,0,0,0,0,0,0
ompC,A3,0,0,0,0,0,0,0,0,0,0,0
atoS,A3,0,0,0,0,0,0,0,0,0,0,0
menC,A3,0,0,0,0,0,0,0,0,0,0,0
fadL,A3,0,0,0,0,0,0,0,0,0,0,0
hyfA,A3,0,0,0,0,0,0,0,0,0,0,0
hcaD,A3,0,0,0,0,0,0,0,0,0,0,0
ygaZ,A3,0,0,0,0,0,0,0,0,0,0,0
gss,A3,0,0,0,0,0,0,0,0,0,0,0
rpoD,A3,0,0,0,0,0,0,0,0,0,0,0
ygjI,A3,0,0,0,0,0,0,0,0,0,0,0
yrdD,A3,0,0,0,0,0,0,0,0,0,0,0
rplF,A3,0,0,0,0,0,0,0,0,0,0,0
malT,A3,0,0,0,0,0,0,0,0,0,0,0
spoT,A3,0,0,0,0,0,0,0,0,0,0,0
yicL,A3,0,0,0,0,0,0,0,0,0,0,0
glmS,A3,0,0,0,0,0,0,0,0,0,0,0
pfkA,A3,0,0,0,0,0,0,0,0,0,0,0
rplL,A3,0,0,0,0,0,0,0,0,0,0,0
rpoB,A3,0,0,0,0,0,0,0,0,0,0,0
miaA,A3,0,0,0,0,0,0,0,0,0,0,0
hsdR,A3,0,0,0,0,0,0,0,0,0,0,0
ybaL,A3,0,0,0,0,0,0,0,0,0,0,0
mrdA,A3,0,0,0,0,0,0,0,0,0,0,0
nagC,A3,0,0,0,0,0,0,0,0,0,0,0
pykF,A3,0,0,0,0,0,0,0,0,0,0,0
yegI,A3,0,0,0,0,0,0,0,0,0,0,0
infB,A3,0,0,0,0,0,0,0,0,0,0,0
malT,A3,0,0,0,0,0,0,0,0,0,0,0
hslU,A3,0,0,0,0,0,0,0,0,0,0,0
nadR,A3,0,0,0,0,0,0,0,0,0,0,0
wecF,A3,0,0,0,0,0,0,0,0,0,0,0
pykF,A3,0,0,0,0,0,0,0,0,0,0,0
galR,A3,0,0,0,0,0,0,0,0,0,0,0
rep,A3,0,0,0,0,0,0,0,0,0,0,0
hslU,A3,0,0,0,0,0,0,0,0,0,0,0
topA,A3,0,0,0,0,0,0,0,0,0,0,0
pykF,A3,0,0,0,0,0,0,0,0,0,0,0
yijO,A3,0,0,0,0,0,0,0,0,0,0,0
yadH,A3,0,0,0,0,0,0,0,0,0,0,0
arcC,A3,0,0,0,0,0,0,0,0,0,0,0
gltA,A3,0,0,0,0,0,0,0,0,0,0,0
phoH,A3,0,0,0,0,0,0,0,0,0,0,0
narZ,A3,0,0,0,0,0,0,0,0,0,0,0
narZ,A3,0,0,0,0,0,0,0,0,0,0,0
ydfI,A3,0,0,0,0,0,0,0,0,0,0,0
ydjO,A3,0,0,0,0,0,0,0,0,0,0,0
yeaS,A3,0,0,0,0,0,0,0,0,0,0,0
manY,A3,0,0,0,0,0,0,0,0,0,0,0
yeeJ,A3,0,0,0,0,0,0,0,0,0,0,0
manC,A3,0,0,0,0,0,0,0,0,0,0,0
yegB,A3,0,0,0,0,0,0,0,0,0,0,0
ECB01992,A3,0,0,0,0,0,0,0,0,0,0,0
menC,A3,0,0,0,0,0,0,0,0,0,0,0
yfcTU,A3,0,0,0,0,0,0,0,0,0,0,0
ypeB,A3,0,0,0,0,0,0,0,0,0,0,0
maeB,A3,0,0,0,0,0,0,0,0,0,0,0
yfhM,A3,0,0,0,0,0,0,0,0,0,0,0
yfiQ,A3,0,0,0,0,0,0,0,0,0,0,0
ygaZ,A3,0,0,0,0,0,0,0,0,0,0,0
ECB02621,A3,0,0,0,0,0,0,0,0,0,0,0
rpsE,A3,0,0,0,0,0,0,0,0,0,0,0
rplF,A3,0,0,0,0,0,0,0,0,0,0,0
glpG,A3,0,0,0,0,0,0,0,0,0,0,0
ECB03460,A3,0,0,0,0,0,0,0,0,0,0,0
yicL,A3,0,0,0,0,0,0,0,0,0,0,0
yieH,A3,0,0,0,0,0,0,0,0,0,0,0
murI,A3,0,0,0,0,0,0,0,0,0,0,0
iclR,A3,0,0,0,0,0,0,0,0,0,0,0
actP,A3,0,0,0,0,0,0,0,0,0,0,0
yjcP,A3,0,0,0,0,0,0,0,0,0,0,0
yahA,A3,0,0,0,0,0,0,0,0,0,0,0
ybiN,A3,0,0,0,0,0,0,0,0,0,0,0
narH,A3,0,0,0,0,0,0,0,0,0,0,0
pykF,A3,0,0,0,0,0,0,0,0,0,0,0
astE,A3,0,0,0,0,0,0,0,0,0,0,0
ECB02837,A3,0,0,0,0,0,0,0,0,0,0,0
glgC,A3,0,0,0,0,0,0,0,0,0,0,0
nadR,A3,0,0,0,0,0,0,0,0,0,0,0
rnhA,A3,0,0,0,0,0,0,0,0,0,0,0
uvrB,A3,0,0,0,0,0,0,0,0,0,0,0
fimA,A3,0,0,0,0,0,0,0,0,0,0,0
ftsI,A3,0,0,0,0,0,0,0,0,0,0,0
yafM,A3,0,0,0,0,0,0,0,0,0,0,0
yagQ,A3,0,0,0,0,0,0,0,0,0,0,0
ybiN,A3,0,0,0,0,0,0,0,0,0,0,0
ybjE,A3,0,0,0,0,0,0,0,0,0,0,0
ydiQ,A3,0,0,0,0,0,0,0,0,0,0,0
yeaU,A3,0,0,0,0,0,0,0,0,0,0,0
hisL,A3,0,0,0,0,0,0,0,0,0,0,0
mepA,A3,0,0,0,0,0,0,0,0,0,0,0
hyfC,A3,0,0,0,0,0,0,0,0,0,0,0
kduD,A3,0,0,0,0,0,0,0,0,0,0,0
nusA,A3,0,0,0,0,0,0,0,0,0,0,0
glgA,A3,0,0,0,0,0,0,0,0,0,0,0
spoT,A3,0,0,0,0,0,0,0,0,0,0,0
pcnB,A3,0,0,0,0,0,0,0,0,0,0,0
araJ,A3,0,0,0,0,0,0,0,0,0,0,0
dhaM,A3,0,0,0,0,0,0,0,0,0,0,0
ynjI,A3,0,0,0,0,0,0,0,0,0,0,0
ECB02816,A3,0,0,0,0,0,0,0,0,0,0,0
yghJ,A3,0,0,0,0,0,0,0,0,0,0,0
ebgR,A3,0,0,0,0,0,0,0,0,0,0,0
arcB,A3,0,0,0,0,0,0,0,0,0,0,0
gltB,A3,0,0,0,0,0,0,0,0,0,0,0
rpsM,A3,0,0,0,0,0,0,0,0,0,0,0
glpE,A3,0,0,0,0,0,0,0,0,0,0,0
pflC,A3,0,0,0,0,0,0,0,0,0,0,0
iclR,A3,0,0,0,0,0,0,0,0,0,0,0
nadR,A3,0,0,0,0,0,0,0,0,0,0,0
pykF,A3,0,0,0,0,0,0,0,0,0,0,0
spoT,A3,0,0,0,0,0,0,0,0,0,0,0
yabN,A3,0,0,0,0,0,2,0,0,0,0,0
ybaL,A3,0,0,0,0,0,2,0,0,0,0,0
asnB,A3,0,0,0,0,0,2,0,0,0,0,0
rnd,A3,0,0,0,0,0,2,0,0,0,0,0
sdaA,A3,0,0,0,0,0,0,0,0,0,0,0
cycA,A3,0,0,0,0,0,0,0,0,0,0,0
yhhT,A3,0,0,0,0,0,0,0,0,0,0,0
mrdA,A3,0,0,0,0,0,0,0,0,0,0,0
ybiA,A3,0,0,0,0,0,0,0,0,0,0,0
fis,A3,0,0,0,0,0,0,0,0,0,0,0
iclR,A3,0,0,0,0,0,0,0,0,0,0,0
tig,A3,0,0,0,0,0,0,0,0,0,0,0
fadL,A3,0,0,0,0,0,0,0,0,0,0,0
alsC,A3,0,0,0,0,0,0,0,0,0,0,0
topA,A3,0,0,0,0,0,0,0,0,0,0,0
yabB,A3,0,0,0,0,0,0,0,0,0,0,0
ygiD,A3,0,0,0,0,0,0,0,0,0,0,0
infB,A3,0,0,0,0,0,0,0,0,0,0,0
cdh,A3,0,0,0,0,0,0,0,0,0,0,0
pykF,A3,0,0,0,0,0,0,0,0,0,0,0
plsX,A3,0,0,0,0,0,0,0,0,0,0,0
cspC,A3,0,0,0,0,0,0,0,0,0,0,0
proQ,A3,0,0,0,0,0,0,0,0,0,0,0
yedV,A3,0,0,0,0,0,0,0,0,0,0,0
yfiR,A3,0,0,0,0,0,0,0,0,0,0,0
yghB,A3,0,0,0,0,0,0,0,0,0,0,0
ygjG,A3,0,0,0,0,0,0,0,0,0,0,0
yqjK,A3,0,0,0,0,0,0,0,0,0,0,0
sspA,A3,0,0,0,0,0,0,0,0,0,0,0
yrfE,A3,0,0,0,0,0,0,0,0,0,0,0
ompR,A3,0,0,0,0,0,0,0,0,0,0,0
yiaV,A3,0,0,0,0,0,0,0,0,0,0,0
metL,A3,0,0,0,0,0,0,0,0,0,0,0
hemE,A3,0,0,0,0,0,0,0,0,0,0,0
rihB,A3,0,0,0,0,0,0,0,0,0,0,0
pykF,A3,0,0,0,0,0,0,0,0,0,0,0
rof,A3,0,0,0,0,0,0,0,0,0,0,0
aes,A3,0,0,0,0,0,0,0,0,0,0,0
ybbY,A3,0,0,0,0,0,0,0,0,0,0,0
ypdA,A3,0,0,0,0,0,0,0,0,0,0,0
hyfA,A3,0,0,0,0,0,0,0,0,0,0,0
ascB,A3,0,0,0,0,0,0,0,0,0,0,0
tolC,A3,0,0,0,0,0,0,0,0,0,0,0
yhbC,A3,0,0,0,0,0,0,0,0,0,0,0
smf,A3,0,0,0,0,0,0,0,0,0,0,0
rhsB,A3,0,0,0,0,0,0,0,0,0,0,0
yihF,A3,0,0,0,0,0,0,0,0,0,0,0
tpiA,A3,0,0,0,0,0,0,0,0,0,0,0
yjcE,A3,0,0,0,0,0,0,0,0,0,0,0
hpaI,A3,0,0,0,0,0,0,0,0,0,0,0
arcA,A3,0,0,0,0,0,0,0,0,0,0,0
pykF,A3,0,0,0,0,0,0,0,0,0,0,0
ECB02621,A3,0,0,0,0,0,0,0,0,0,0,0
ECB01081,A3,0,0,0,0,0,0,0,0,0,0,0
pykA,A3,0,0,0,0,0,0,0,0,0,0,0
nadR,A3,0,0,0,0,0,0,0,0,0,0,0
yddP,A3,0,0,0,0,0,0,0,0,0,0,0
yfjD,A3,0,0,0,0,0,0,0,0,0,0,0
aes,A3,0,0,0,0,0,0,0,0,0,0,0
pflB,A3,0,0,0,0,0,0,0,0,0,0,0
dam,A3,0,0,0,0,0,0,0,0,0,0,0
ECB01992,A3,0,0,0,0,0,0,0,0,0,0,0
fadA,A3,0,0,0,0,0,0,0,0,0,0,0
metL,A3,0,0,0,0,0,0,0,0,0,0,0
nhoA,A3,0,0,0,0,0,0,0,0,0,0,0
gyrB,A3,0,0,0,0,0,0,0,0,0,0,0
topA,A3,0,0,0,0,0,0,0,0,0,0,0
mreD,A3,0,0,0,0,0,0,0,0,0,0,0
ddl,A3,0,0,0,0,0,0,0,0,0,0,0
ybeQ,A3,0,0,0,0,0,0,0,0,0,0,0
ybiN,A3,0,0,0,0,0,0,0,0,0,0,0
solA,A3,0,0,0,0,0,0,0,0,0,0,0
rstB,A3,0,0,0,0,0,0,0,0,0,0,0
yejF,A3,0,0,0,0,0,0,0,0,0,0,0
hcaC,A3,0,0,0,0,0,0,0,0,0,0,0
sbm,A3,0,0,0,0,0,0,0,0,0,0,0
yiaT,A3,0,0,0,0,0,0,0,0,0,0,0
spoT,A3,0,0,0,0,0,0,0,0,0,0,0
ECB01992,A3,0,0,0,0,0,0,0,0,0,0,0
ygiP,A3,0,0,0,0,0,0,0,0,0,0,0
yagY,A3,0,0,0,0,0,0,0,0,0,0,0
ECB02851,A3,0,0,0,0,0,0,0,0,0,0,0
argR,A3,0,0,0,0,0,0,0,0,0,0,0
malT,A3,0,0,0,0,0,0,0,0,0,0,0
hflK,A3,0,0,0,0,0,0,0,0,0,0,0
sapF,A3,0,0,0,0,0,0,0,0,0,0,0
pqqL,A3,0,0,0,0,0,0,0,0,0,0,0
ECB01992,A3,0,0,0,0,0,0,0,0,0,0,0
mreB,A3,0,0,0,0,0,0,0,0,0,0,0
yhdG,A3,0,0,0,0,0,0,0,0,0,0,0
smf,A3,0,0,0,0,0,0,0,0,0,0,0
yabB,A3,0,0,0,0,0,0,0,0,0,0,0
pykF,A3,0,0,0,0,0,0,0,0,0,0,0
wzzE,A3,0,0,0,0,0,0,0,0,0,0,0
yijC,A3,0,0,0,0,0,0,0,0,0,0,0
iclR,A3,0,0,0,0,0,0,0,0,0,0,0
pykF,A3,0,0,0,0,0,0,0,0,0,0,0
eaeH,A3,0,0,0,0,0,0,0,0,0,0,0
dinI,A3,0,0,0,0,0,0,0,0,0,0,0
fadL,A3,0,0,0,0,0,0,0,0,0,0,0
iap,A3,0,0,0,0,0,0,0,0,0,0,0
leuA,A3,0,0,0,0,0,0,0,0,0,0,0
glnD,A3,0,0,0,0,0,0,0,0,0,0,0
yaeL,A3,0,0,0,0,0,0,0,0,0,0,0
yagU,A3,0,0,0,0,0,0,0,0,0,0,0
cusS,A3,0,0,0,0,0,0,0,0,0,0,0
tolR,A3,0,0,0,0,0,0,0,0,0,0,0
lrp,A3,0,0,0,0,0,0,0,0,0,0,0
ECB02001,A3,0,0,0,0,0,0,0,0,0,0,0
atoS,A3,0,0,0,0,0,0,0,0,0,0,0
purL,A3,0,0,0,0,0,0,0,0,0,0,0
yfiQ,A3,0,0,0,0,0,0,0,0,0,0,0
rhsB,A3,0,0,0,0,0,0,0,0,0,0,0
hsdM,A3,0,0,0,0,0,0,0,0,0,0,0
elaD,A3,0,0,0,0,0,0,0,0,0,0,0
hsdM,A3,0,0,0,0,0,0,0,0,0,0,0
eutC,A3,0,0,0,0,0,0,0,0,0,0,0
htrE,A3,0,0,0,0,0,0,0,0,0,0,0
yfeG,A3,0,0,0,0,0,0,0,0,0,0,0
yhiU,A3,0,0,0,0,0,0,0,0,0,0,0
ybjD,A3,0,0,0,0,0,0,0,0,0,0,0
fucI,A3,0,0,0,0,0,0,0,0,0,0,0
ECB02816,A3,0,0,0,0,0,0,0,0,0,0,0
feoB,A3,0,0,0,0,0,0,0,0,0,0,0
glpR,A3,0,0,0,0,0,0,0,0,0,0,0
deoC,A3,0,0,0,0,0,0,0,0,0,0,0
kdpB,A3,0,0,0,0,0,0,0,0,0,0,0
infB,A3,0,0,0,0,0,0,0,0,0,0,0
nadR,A3,0,0,0,0,0,0,0,0,0,0,0
htpG,A3,0,0,0,0,0,0,0,0,0,0,0
cls,A3,0,0,0,0,0,0,0,0,0,0,0
marA,A3,0,0,0,0,0,0,0,0,0,0,0
yehM,A3,0,0,0,0,0,0,0,0,0,0,0
ispF,A3,0,0,0,0,0,0,0,0,0,0,0
yhdJ,A3,0,0,0,0,0,0,0,0,0,0,0
nrfE,A3,0,0,0,0,0,0,0,0,0,0,0
mdoB,A3,0,0,0,0,0,0,0,0,0,0,0
shiA,A3,0,0,0,0,0,0,0,0,0,0,0
rhsB,A3,0,0,0,0,0,0,0,0,0,0,0
ydbH,A3,0,0,0,0,0,0,0,0,0,0,0
pykF,A3,0,0,0,0,0,0,0,0,0,0,0
mreD,A3,0,0,0,0,0,0,0,0,0,0,0
atoC,A3,0,0,0,0,0,0,0,0,0,0,0
gntR,A3,0,0,0,0,0,0,0,0,0,0,0
yegP,A3,0,0,0,0,0,0,0,0,0,0,0
yiaN,A3,0,0,0,0,0,0,0,0,0,0,0
hslU,A3,0,0,0,0,0,0,0,0,0,0,0
tilS,A3,0,0,0,0,0,0,0,0,0,0,0
bglJ,A3,0,0,0,0,0,0,0,0,0,0,0
ydaG,A3,0,0,0,0,0,0,0,0,0,0,0
gltI,A3,0,0,0,0,0,0,0,0,0,0,0
nagC,A3,0,0,0,0,0,0,0,0,0,0,0
rpsD,A3,0,0,0,0,0,0,0,0,0,0,0
yhbP,A3,0,0,0,0,0,0,0,0,0,0,0
trkG,A3,0,0,0,0,0,0,0,0,0,0,0
yeeA,A3,0,0,0,0,0,0,0,0,0,0,0
yfhB,A3,0,0,0,0,0,0,0,0,0,0,0
nrdE,A3,0,0,0,0,0,0,0,0,0,0,0
hypF,A3,0,0,0,0,0,0,0,0,0,0,0
yacH,A3,0,0,0,0,0,0,0,0,0,0,0
ykgA,A3,0,0,0,0,0,0,0,0,0,0,0
yaiT,A3,0,0,0,0,0,0,0,0,0,0,0
ybaL,A3,0,0,0,0,0,0,0,0,0,0,0
cusS,A3,0,0,0,0,0,0,0,0,0,0,0
asnB,A3,0,0,0,0,0,0,0,0,0,0,0
phoH,A3,0,0,0,0,0,0,0,0,0,0,0
mfd,A3,0,0,0,0,0,0,0,0,0,0,0
acpD,A3,0,0,0,0,0,0,0,0,0,0,0
fdnH,A3,0,0,0,0,0,0,0,0,0,0,0
ydeU,A3,0,0,0,0,0,0,0,0,0,0,0
pykF,A3,0,0,0,0,0,0,0,0,0,0,0
pykF,A3,0,0,0,0,0,0,0,0,0,0,0
astB,A3,0,0,0,0,0,0,0,0,0,0,0
ynjI,A3,0,0,0,0,0,0,0,0,0,0,0
ynjI,A3,0,0,0,0,0,0,0,0,0,0,0
ECB01992,A3,0,0,0,0,0,0,0,0,0,0,0
ECB02013,A3,0,0,0,0,0,0,0,0,0,0,0
gatZ,A3,0,0,0,0,0,0,0,0,0,0,0
yehM,A3,0,0,0,0,0,0,0,0,0,0,0
cirA,A3,0,0,0,0,0,0,0,0,0,0,0
glpT,A3,0,0,0,0,0,0,0,0,0,0,0
fadL,A3,0,0,0,0,0,0,0,0,0,0,0
ECB02512,A3,0,0,0,0,0,0,0,0,0,0,0
ECB02512,A3,0,0,0,0,0,0,0,0,0,0,0
metW,A3,0,0,0,0,0,0,0,0,0,0,0
kduD,A3,0,0,0,0,0,0,0,0,0,0,0
yqeB,A3,0,0,0,0,0,0,0,0,0,0,0
yggC,A3,0,0,0,0,0,0,0,0,0,0,0
flu,A3,0,0,0,0,0,0,0,0,0,0,0
ECB02816,A3,0,0,0,0,0,0,0,0,0,0,0
yhbX,A3,0,0,0,0,0,0,0,0,0,0,0
hflB,A3,0,0,0,0,0,0,0,0,0,0,0
mreC,A3,0,0,0,0,0,0,0,0,0,0,0
rpoA,A3,0,0,0,0,0,0,0,0,0,0,0
ugpQ,A3,0,0,0,0,0,0,0,0,0,0,0
slp,A3,0,0,0,0,0,0,0,0,0,0,0
yhjD,A3,0,0,0,0,0,0,0,0,0,0,0
yiaT,A3,0,0,0,0,0,0,0,0,0,0,0
tdh,A3,0,0,0,0,0,0,0,0,0,0,0
spoT,A3,0,0,0,0,0,0,0,0,0,0,0
phoU,A3,0,0,0,0,0,0,0,0,0,0,0
ECB03715,A3,0,0,0,0,0,0,0,0,0,0,0
ulaA,A3,0,0,0,0,0,0,0,0,0,0,0
cysQ,A3,0,0,0,0,0,0,0,0,0,0,0
hsdS,A3,0,0,0,0,0,0,0,0,0,0,0
nadR,A3,0,0,0,0,0,0,0,0,0,0,0
rne,A3,0,0,0,0,0,0,0,0,0,0,0
pykA,A3,0,0,0,0,0,0,0,0,0,0,0
fusA,A3,0,0,0,0,0,0,0,0,0,0,0
xasA,A3,0,0,0,0,0,0,0,0,0,0,0
nirC,A3,0,0,0,0,0,0,0,0,0,0,0
yqiG,A3,0,0,0,0,0,0,0,0,0,0,0
yhhA,A3,0,0,0,0,0,0,0,0,0,0,0
rhsB,A3,0,0,0,0,0,0,0,0,0,0,0
astD,A3,0,0,0,0,0,0,0,0,0,0,0
yhdX,A3,0,0,0,0,0,0,0,0,0,0,0
topA,A4,0,0,0,0,0,0,0,0,0,0,0
spoT,A4,0,0,0,0,0,0,0,0,0,0,0
fimA,A4,0,0,0,0,0,0,0,0,0,0,0
metL,A4,0,0,0,0,0,0,0,0,0,0,0
iclR,A4,0,0,0,0,0,0,0,0,0,0,0
yijC,A4,0,0,0,0,0,0,0,0,0,0,0
dinI,A4,0,0,0,0,0,0,0,0,0,0,0
ECB02816,A4,0,0,0,0,0,0,0,0,0,0,0
yddA,A4,0,0,0,0,0,0,0,0,0,0,0
yfiH,A4,0,0,0,0,0,0,0,0,0,0,0
yaaH,A4,0,0,0,0,0,0,0,0,0,0,0
ybaL,A4,0,0,0,0,0,0,0,0,0,0,0
ybcQ,A4,0,0,0,0,0,0,0,0,0,0,0
ybeF,A4,0,0,0,0,0,0,0,0,0,0,0
ybeF,A4,0,0,0,0,0,0,0,0,0,0,0
mrdB,A4,0,0,0,0,0,0,0,0,0,0,0
ldrC,A4,0,0,0,0,0,0,0,0,0,0,0
topA,A4,0,0,0,0,0,0,0,0,0,0,0
ECB01510,A4,0,0,0,0,0,0,0,0,0,0,0
pykF,A4,0,0,0,0,0,0,0,0,0,0,0
ECB02013,A4,0,0,0,0,0,0,0,0,0,0,0
rplS,A4,0,0,0,0,0,0,0,0,0,0,0
fis,A4,0,0,0,0,0,0,0,0,0,0,0
rpsG,A4,0,0,0,0,0,0,0,0,0,0,0
envZ,A4,0,0,0,0,0,0,0,0,0,0,0
malT,A4,0,0,0,0,0,0,0,0,0,0,0
glpR,A4,0,0,0,0,0,0,0,0,0,0,0
ggt,A4,0,0,0,0,0,0,0,0,0,0,0
waaT,A4,0,0,0,0,0,0,0,0,0,0,0
hslU,A4,0,0,0,0,0,0,0,0,0,0,0
ECB03822,A4,0,0,0,0,0,0,0,0,0,0,0
iclR,A4,0,0,0,0,0,0,0,0,0,0,0
ytfN,A4,0,0,0,0,0,0,0,0,0,0,0
ytfT,A4,0,0,0,0,0,0,0,0,0,0,0
nadR,A4,0,0,0,0,0,0,0,0,0,0,0
mrdA,A4,0,0,0,0,0,0,0,0,0,0,0
pykF,A4,0,0,0,0,0,0,0,0,0,0,0
ECB01992,A4,0,0,0,0,0,0,0,0,0,0,0
spoT,A4,0,0,0,0,0,0,0,0,0,0,0
rbsD,A4,0,0,0,0,0,0,0,0,0,0,0
pykF,A4,0,0,0,0,0,0,0,0,0,0,0
mreC,A4,0,0,0,0,0,0,0,0,0,0,0
nadR,A4,0,0,0,0,0,0,0,0,0,0,0
rhsD,A4,0,0,0,0,0,0,0,0,0,0,0
ylcG,A4,0,0,0,0,0,0,0,0,0,0,0
oppD,A4,0,0,0,0,0,0,0,0,0,0,0
infC,A4,0,0,0,0,0,0,0,0,0,0,0
yeeF,A4,0,0,0,0,0,0,0,0,0,0,0
yegM,A4,0,0,0,0,0,0,0,0,0,0,0
recO,A4,0,0,0,0,0,0,0,0,0,0,0
iap,A4,0,0,0,0,0,0,0,0,0,0,0
ECB02621,A4,0,0,0,0,0,0,0,0,0,0,0
kduD,A4,0,0,0,0,0,0,0,0,0,0,0
yhdG,A4,0,0,0,0,0,0,0,0,0,0,0
prlA,A4,0,0,0,0,0,0,0,0,0,0,0
envZ,A4,0,0,0,0,0,0,0,0,0,0,0
malT,A4,0,0,0,0,0,0,0,0,0,0,0
malT,A4,0,0,0,0,0,0,0,0,0,0,0
malT,A4,0,0,0,0,0,0,0,0,0,0,0
spoT,A4,0,0,0,0,0,0,0,0,0,0,0
hslU,A4,0,0,0,0,0,0,0,0,0,0,0
metH,A4,0,0,0,0,0,0,0,0,0,0,0
frdC,A4,0,0,0,0,0,0,0,0,0,0,0
arcA,A4,0,0,0,0,0,0,0,0,0,0,0
ECB02818,A4,0,0,0,0,0,0,0,0,0,0,0
yhjK,A4,0,0,0,0,0,0,0,0,0,0,0
trkH,A4,0,0,0,0,0,0,0,0,0,0,0
yijC,A4,0,0,0,0,0,0,0,0,0,0,0
cysQ,A4,0,0,0,0,0,0,0,0,0,0,0
ybeB,A4,0,0,0,0,0,0,0,0,0,0,0
ycdM,A4,0,0,0,0,0,0,0,0,0,0,0
fabF,A4,0,0,0,0,0,0,0,0,0,0,0
topA,A4,0,0,0,0,0,0,0,0,0,0,0
pykF,A4,0,0,0,0,0,0,0,0,0,0,0
yfaQ,A4,0,0,0,0,0,0,0,0,0,0,0
hslU,A4,0,0,0,0,0,0,0,0,0,0,0
uvrA,A4,0,0,0,0,0,0,0,0,0,0,0
thrA,A4,0,0,0,0,0,0,0,0,0,0,0
yahC,A4,0,0,0,0,0,0,0,0,0,0,0
ybaL,A4,0,0,0,0,0,0,0,0,0,0,0
ybeM,A4,0,0,0,0,0,0,0,0,0,0,0
ybeA,A4,0,0,0,0,0,0,0,0,0,0,0
yliE,A4,0,0,0,0,0,0,0,0,0,0,0
ycbB,A4,0,0,0,0,0,0,0,0,0,0,0
phoH,A4,0,0,0,0,0,0,0,0,0,0,0
rne,A4,0,0,0,0,0,0,0,0,0,0,0
cls,A4,0,0,0,0,0,0,0,0,0,0,0
blr,A4,0,0,0,0,0,0,0,0,0,0,0
ydhH,A4,0,0,0,0,0,0,0,0,0,0,0
ydhK,A4,0,0,0,0,0,0,0,0,0,0,0
pykA,A4,0,0,0,0,0,0,0,0,0,0,0
yeeO,A4,0,0,0,0,0,0,0,0,0,0,0
yeeF,A4,0,0,0,0,0,0,0,0,0,0,0
hyfA,A4,0,0,0,0,0,0,0,0,0,0,0
ygbO,A4,0,0,0,0,0,0,0,0,0,0,0
iap,A4,0,0,0,0,0,0,0,0,0,0,0
ECB02852,A4,0,0,0,0,0,0,0,0,0,0,0
ygiN,A4,0,0,0,0,0,0,0,0,0,0,0
ygjG,A4,0,0,0,0,0,0,0,0,0,0,0
ygjG,A4,0,0,0,0,0,0,0,0,0,0,0
infB,A4,0,0,0,0,0,0,0,0,0,0,0
rplF,A4,0,0,0,0,0,0,0,0,0,0,0
crp,A4,0,0,0,0,0,0,0,0,0,0,0
malT,A4,0,0,0,0,0,0,0,0,0,0,0
mtlD,A4,0,0,0,0,0,0,0,0,0,0,0
waaW,A4,0,0,0,0,0,0,0,0,0,0,0
yicC,A4,0,0,0,0,0,0,0,0,0,0,0
yihP,A4,0,0,0,0,0,0,0,0,0,0,0
metJ,A4,0,0,0,0,0,0,0,0,0,0,0
plsB,A4,0,0,0,0,0,0,0,0,0,0,0
hsdS,A4,0,0,0,0,0,0,0,0,0,0,0
pykF,A4,0,0,0,0,0,0,0,0,0,0,0
ECB01992,A4,0,0,0,0,0,0,0,0,0,0,0
ECB00021,A4,0,0,0,0,0,0,0,0,0,0,0
caiB,A4,0,0,0,0,0,0,0,0,0,0,0
yadG,A4,0,0,0,0,0,0,0,0,0,0,0
yafC,A4,0,0,0,0,0,0,0,0,0,0,0
queA,A4,0,0,0,0,0,0,0,0,0,0,0
arcC,A4,0,0,0,0,0,0,0,0,0,0,0
cusR,A4,0,0,0,0,0,0,0,0,0,0,0
lysQ,A4,0,0,0,0,0,0,0,0,0,0,0
moeB,A4,0,0,0,0,0,0,0,0,0,0,0
ftsK,A4,0,0,0,0,0,0,0,0,0,0,0
sapC,A4,0,0,0,0,0,0,0,0,0,0,0
ynjB,A4,0,0,0,0,0,0,0,0,0,0,0
ydjJ,A4,0,0,0,0,0,0,0,0,0,0,0
yegN,A4,0,0,0,0,0,0,0,0,0,0,0
ompC,A4,0,0,0,0,0,0,0,0,0,0,0
atoS,A4,0,0,0,0,0,0,0,0,0,0,0
menC,A4,0,0,0,0,0,0,0,0,0,0,0
fadL,A4,0,0,0,0,0,0,0,0,0,0,0
hyfA,A4,0,0,0,0,0,0,0,0,0,0,0
hcaD,A4,0,0,0,0,0,0,0,0,0,0,0
ygaZ,A4,0,0,0,0,0,0,0,0,0,0,0
gss,A4,0,0,0,0,0,0,0,0,0,0,0
rpoD,A4,0,0,0,0,0,0,0,0,0,0,0
ygjI,A4,0,0,0,0,0,0,0,0,0,0,0
yrdD,A4,0,0,0,0,0,0,0,0,0,0,0
rplF,A4,0,0,0,0,0,0,0,0,0,0,0
malT,A4,0,0,0,0,0,0,0,0,0,0,0
spoT,A4,0,0,0,0,0,0,0,0,0,0,0
yicL,A4,0,0,0,0,0,0,0,0,0,0,0
glmS,A4,0,0,0,0,0,0,0,0,0,0,0
pfkA,A4,0,0,0,0,0,0,0,0,0,0,0
rplL,A4,0,0,0,0,0,0,0,0,0,0,0
rpoB,A4,0,0,0,0,0,0,0,0,0,0,0
miaA,A4,0,0,0,0,0,0,0,0,0,0,0
hsdR,A4,0,0,0,0,0,0,0,0,0,0,0
ybaL,A4,0,0,0,0,0,0,0,0,0,0,0
mrdA,A4,0,0,0,0,0,0,0,0,0,0,0
nagC,A4,0,0,0,0,0,0,0,0,0,0,0
pykF,A4,0,0,0,0,0,0,0,0,0,0,0
yegI,A4,0,0,0,0,0,0,0,0,0,0,0
infB,A4,0,0,0,0,0,0,0,0,0,0,0
malT,A4,0,0,0,0,0,0,0,0,0,0,0
hslU,A4,0,0,0,0,0,0,0,0,0,0,0
nadR,A4,0,0,0,0,0,0,0,0,0,0,0
wecF,A4,0,0,0,0,0,0,0,0,0,0,0
pykF,A4,0,0,0,0,0,0,0,0,0,0,0
galR,A4,0,0,0,0,0,0,0,0,0,0,0
rep,A4,0,0,0,0,0,0,0,0,0,0,0
hslU,A4,0,0,0,0,0,0,0,0,0,0,0
topA,A4,0,0,0,0,0,0,0,0,0,0,0
pykF,A4,0,0,0,0,0,0,0,0,0,0,0
yijO,A4,0,0,0,0,0,0,0,0,0,0,0
yadH,A4,0,0,0,0,0,0,0,0,0,0,0
arcC,A4,0,0,0,0,0,0,0,0,0,0,0
gltA,A4,0,0,0,0,0,0,0,0,0,0,0
phoH,A4,0,0,0,0,0,0,0,0,0,0,0
narZ,A4,0,0,0,0,0,0,0,0,0,0,0
narZ,A4,0,0,0,0,0,0,0,0,0,0,0
ydfI,A4,0,0,0,0,0,0,0,0,0,0,0
ydjO,A4,0,0,0,0,0,0,0,0,0,0,0
yeaS,A4,0,0,0,0,0,0,0,0,0,0,0
manY,A4,0,0,0,0,0,0,0,0,0,0,0
yeeJ,A4,0,0,0,0,0,0,0,0,0,0,0
manC,A4,0,0,0,0,0,0,0,0,0,0,0
yegB,A4,0,0,0,0,0,0,0,0,0,0,0
ECB01992,A4,0,0,0,0,0,0,0,0,0,0,0
menC,A4,0,0,0,0,0,0,0,0,0,0,0
yfcTU,A4,0,0,0,0,0,0,0,0,0,0,0
ypeB,A4,0,0,0,0,0,0,0,0,0,0,0
maeB,A4,0,0,0,0,0,0,0,0,0,0,0
yfhM,A4,0,0,0,0,0,0,0,0,0,0,0
yfiQ,A4,0,0,0,0,0,0,0,0,0,0,0
ygaZ,A4,0,0,0,0,0,0,0,0,0,0,0
ECB02621,A4,0,0,0,0,0,0,0,0,0,0,0
rpsE,A4,0,0,0,0,0,0,0,0,0,0,0
rplF,A4,0,0,0,0,0,0,0,0,0,0,0
glpG,A4,0,0,0,0,0,0,0,0,0,0,0
ECB03460,A4,0,0,0,0,0,0,0,0,0,0,0
yicL,A4,0,0,0,0,0,0,0,0,0,0,0
yieH,A4,0,0,0,0,0,0,0,0,0,0,0
murI,A4,0,0,0,0,0,0,0,0,0,0,0
iclR,A4,0,0,0,0,0,0,0,0,0,0,0
actP,A4,0,0,0,0,0,0,0,0,0,0,0
yjcP,A4,0,0,0,0,0,0,0,0,0,0,0
yahA,A4,0,0,0,0,0,0,0,0,0,0,0
ybiN,A4,0,0,0,0,0,0,0,0,0,0,0
narH,A4,0,0,0,0,0,0,0,0,0,0,0
pykF,A4,0,0,0,0,0,0,0,0,0,0,0
astE,A4,0,0,0,0,0,0,0,0,0,0,0
ECB02837,A4,0,0,0,0,0,0,0,0,0,0,0
glgC,A4,0,0,0,0,0,0,0,0,0,0,0
nadR,A4,0,0,0,0,0,0,0,0,0,0,0
rnhA,A4,0,0,0,0,0,0,0,0,0,0,0
uvrB,A4,0,0,0,0,0,0,0,0,0,0,0
fimA,A4,0,0,0,0,0,0,0,0,0,0,0
ftsI,A4,0,0,0,0,0,0,0,0,0,0,0
yafM,A4,0,0,0,0,0,0,0,0,0,0,0
yagQ,A4,0,0,0,0,0,0,0,0,0,0,0
ybiN,A4,0,0,0,0,0,0,0,0,0,0,0
ybjE,A4,0,0,0,0,0,0,0,0,0,0,0
ydiQ,A4,0,0,0,0,0,0,0,0,0,0,0
yeaU,A4,0,0,0,0,0,0,0,0,0,0,0
hisL,A4,0,0,0,0,0,0,0,0,0,0,0
mepA,A4,0,0,0,0,0,0,0,0,0,0,0
hyfC,A4,0,0,0,0,0,0,0,0,0,0,0
kduD,A4,0,0,0,0,0,0,0,0,0,0,0
nusA,A4,0,0,0,0,0,0,0,0,0,0,0
glgA,A4,0,0,0,0,0,0,0,0,0,0,0
spoT,A4,0,0,0,0,0,0,0,0,0,0,0
pcnB,A4,0,0,0,0,0,0,0,0,0,0,0
araJ,A4,0,0,0,0,0,0,0,0,0,0,0
dhaM,A4,0,0,0,0,0,0,0,0,0,0,0
ynjI,A4,0,0,0,0,0,0,0,0,0,0,0
ECB02816,A4,0,0,0,0,0,0,0,0,0,0,0
yghJ,A4,0,0,0,0,0,0,0,0,0,0,0
ebgR,A4,0,0,0,0,0,0,0,0,0,0,0
arcB,A4,0,0,0,0,0,0,0,0,0,0,0
gltB,A4,0,0,0,0,0,0,0,0,0,0,0
rpsM,A4,0,0,0,0,0,0,0,0,0,0,0
glpE,A4,0,0,0,0,0,0,0,0,0,0,0
pflC,A4,0,0,0,0,0,0,0,0,0,0,0
iclR,A4,0,0,0,0,0,0,0,0,0,0,0
nadR,A4,0,0,0,0,0,0,0,0,0,0,0
pykF,A4,2,2,2,2,2,0,0,0,0,0,0
spoT,A4,2,2,2,2,2,0,0,0,0,0,0
yabN,A4,0,0,0,0,0,0,0,0,0,0,0
ybaL,A4,0,0,0,0,0,0,0,0,0,0,0
asnB,A4,0,0,0,0,0,0,0,0,0,0,0
rnd,A4,0,0,0,0,0,0,0,0,0,0,0
sdaA,A4,0,0,0,0,0,0,0,0,0,0,0
cycA,A4,0,0,0,0,0,0,0,0,0,0,0
yhhT,A4,0,0,0,0,0,0,0,0,0,0,0
mrdA,A4,0,0,0,2,0,0,0,0,0,0,0
ybiA,A4,0,0,2,2,0,0,0,0,0,0,0
fis,A4,0,0,2,2,0,0,0,0,0,0,0
iclR,A4,0,0,2,2,0,0,0,0,0,0,0
tig,A4,0,0,0,0,0,0,0,0,0,0,0
fadL,A4,0,0,0,0,0,0,0,0,0,0,0
alsC,A4,0,0,0,0,0,0,0,0,0,0,0
topA,A4,0,0,0,0,0,0,0,0,0,0,0
yabB,A4,0,0,0,0,0,0,0,0,0,0,0
ygiD,A4,0,0,0,0,0,0,0,0,0,0,0
infB,A4,0,0,0,0,0,0,0,0,0,0,0
cdh,A4,0,0,0,0,0,0,0,0,0,0,0
pykF,A4,0,0,0,0,0,0,0,0,0,0,0
plsX,A4,0,0,0,0,0,0,0,0,0,0,0
cspC,A4,0,0,0,0,0,0,0,0,0,0,0
proQ,A4,0,0,0,0,0,0,0,0,0,0,0
yedV,A4,0,0,0,0,0,0,0,0,0,0,0
yfiR,A4,0,0,0,0,0,0,0,0,0,0,0
yghB,A4,0,0,0,0,0,0,0,0,0,0,0
ygjG,A4,0,0,0,0,0,0,0,0,0,0,0
yqjK,A4,0,0,0,0,0,0,0,0,0,0,0
sspA,A4,0,0,0,0,0,0,0,0,0,0,0
yrfE,A4,0,0,0,0,0,0,0,0,0,0,0
ompR,A4,0,0,0,0,0,0,0,0,0,0,0
yiaV,A4,0,0,0,0,0,0,0,0,0,0,0
metL,A4,0,0,0,0,0,0,0,0,0,0,0
hemE,A4,0,0,0,0,0,0,0,0,0,0,0
rihB,A4,0,0,0,0,0,0,0,0,0,0,0
pykF,A4,0,0,0,0,0,0,0,0,0,0,0
rof,A4,0,0,0,0,0,0,0,0,0,0,0
aes,A4,0,0,0,0,0,0,0,0,0,0,0
ybbY,A4,0,0,0,0,0,0,0,0,0,0,0
ypdA,A4,0,0,0,0,0,0,0,0,0,0,0
hyfA,A4,0,0,0,0,0,0,0,0,0,0,0
ascB,A4,0,0,0,0,0,0,0,0,0,0,0
tolC,A4,0,0,0,0,0,0,0,0,0,0,0
yhbC,A4,0,0,0,0,0,0,0,0,0,0,0
smf,A4,0,0,0,0,0,0,0,0,0,0,0
rhsB,A4,0,0,0,0,0,0,0,0,0,0,0
yihF,A4,0,0,0,0,0,0,0,0,0,0,0
tpiA,A4,0,0,0,0,0,0,0,0,0,0,0
yjcE,A4,0,0,0,0,0,0,0,0,0,0,0
hpaI,A4,0,0,0,0,0,0,0,0,0,0,0
arcA,A4,0,0,0,0,0,0,0,0,0,0,0
pykF,A4,0,0,0,0,0,0,0,0,0,0,0
ECB02621,A4,0,0,0,0,0,0,0,0,0,0,0
ECB01081,A4,0,0,0,0,0,0,0,0,0,0,0
pykA,A4,0,0,0,0,0,0,0,0,0,0,0
nadR,A4,0,0,0,0,0,0,0,0,0,0,0
yddP,A4,0,0,0,0,0,0,0,0,0,0,0
yfjD,A4,0,0,0,0,0,0,0,0,0,0,0
aes,A4,0,0,0,0,0,0,0,0,0,0,0
pflB,A4,0,0,0,0,0,0,0,0,0,0,0
dam,A4,0,0,0,0,0,0,0,0,0,0,0
ECB01992,A4,0,0,0,0,0,0,0,0,0,0,0
fadA,A4,0,0,0,0,0,0,0,0,0,0,0
metL,A4,0,0,0,0,0,0,0,0,0,0,0
nhoA,A4,0,0,0,0,0,0,0,0,0,0,0
gyrB,A4,0,0,0,0,0,0,0,0,0,0,0
topA,A4,0,0,0,0,0,0,0,0,0,0,0
mreD,A4,0,0,0,0,0,0,0,0,0,0,0
ddl,A4,0,0,0,0,0,0,0,0,0,0,0
ybeQ,A4,0,0,0,0,0,0,0,0,0,0,0
ybiN,A4,0,0,0,0,0,0,0,0,0,0,0
solA,A4,0,0,0,0,0,0,0,0,0,0,0
rstB,A4,0,0,0,0,0,0,0,0,0,0,0
yejF,A4,0,0,0,0,0,0,0,0,0,0,0
hcaC,A4,0,0,0,0,0,0,0,0,0,0,0
sbm,A4,0,0,0,0,0,0,0,0,0,0,0
yiaT,A4,0,0,0,0,0,0,0,0,0,0,0
spoT,A4,0,0,0,0,0,0,0,0,0,0,0
ECB01992,A4,0,0,0,0,0,0,0,0,0,0,0
ygiP,A4,0,0,0,0,0,0,0,0,0,0,0
yagY,A4,0,0,0,0,0,0,0,0,0,0,0
ECB02851,A4,0,0,0,0,0,0,0,0,0,0,0
argR,A4,0,0,0,0,0,0,0,0,0,0,0
malT,A4,0,0,0,0,0,0,0,0,0,0,0
hflK,A4,0,0,0,0,0,0,0,0,0,0,0
sapF,A4,0,0,0,0,0,0,0,0,0,0,0
pqqL,A4,0,0,0,0,0,0,0,0,0,0,0
ECB01992,A4,0,0,0,0,0,0,0,0,0,0,0
mreB,A4,0,0,0,0,0,0,0,0,0,0,0
yhdG,A4,0,0,0,0,0,0,0,0,0,0,0
smf,A4,0,0,0,0,0,0,0,0,0,0,0
yabB,A4,0,0,0,0,0,0,0,0,0,0,0
pykF,A4,0,0,0,0,0,0,0,0,0,0,0
wzzE,A4,0,0,0,0,0,0,0,0,0,0,0
yijC,A4,0,0,0,0,0,0,0,0,0,0,0
iclR,A4,0,0,0,0,0,0,0,0,0,0,0
pykF,A4,0,0,0,0,0,0,0,0,0,0,0
eaeH,A4,0,0,0,0,0,0,0,0,0,0,0
dinI,A4,0,0,0,0,0,0,0,0,0,0,0
fadL,A4,0,0,0,0,0,0,0,0,0,0,0
iap,A4,0,0,0,0,0,0,0,0,0,0,0
leuA,A4,0,0,0,0,0,0,0,0,0,0,0
glnD,A4,0,0,0,0,0,0,0,0,0,0,0
yaeL,A4,0,0,0,0,0,0,0,0,0,0,0
yagU,A4,0,0,0,0,0,0,0,0,0,0,0
cusS,A4,0,0,0,0,0,0,0,0,0,0,0
tolR,A4,0,0,0,0,0,0,0,0,0,0,0
lrp,A4,0,0,0,0,0,0,0,0,0,0,0
ECB02001,A4,0,0,0,0,0,0,0,0,0,0,0
atoS,A4,0,0,0,0,0,0,0,0,0,0,0
purL,A4,0,0,0,0,0,0,0,0,0,0,0
yfiQ,A4,0,0,0,0,0,0,0,0,0,0,0
rhsB,A4,0,0,0,0,0,0,0,0,0,0,0
hsdM,A4,0,0,0,0,0,0,0,0,0,0,0
elaD,A4,0,0,0,0,0,0,0,0,0,0,0
hsdM,A4,0,0,0,0,0,0,0,0,0,0,0
eutC,A4,0,0,0,0,0,0,0,0,0,0,0
htrE,A4,0,0,0,0,0,0,0,0,0,0,0
yfeG,A4,0,0,0,0,0,0,0,0,0,0,0
yhiU,A4,0,0,0,0,0,0,0,0,0,0,0
ybjD,A4,0,0,0,0,0,0,0,0,0,0,0
fucI,A4,0,0,0,0,0,0,0,0,0,0,0
ECB02816,A4,0,0,0,0,0,0,0,0,0,0,0
feoB,A4,0,0,0,0,0,0,0,0,0,0,0
glpR,A4,0,0,0,0,0,0,0,0,0,0,0
deoC,A4,0,0,0,0,0,0,0,0,0,0,0
kdpB,A4,0,0,0,0,0,0,0,0,0,0,0
infB,A4,0,0,0,0,0,0,0,0,0,0,0
nadR,A4,0,0,0,0,0,0,0,0,0,0,0
htpG,A4,0,0,0,0,0,0,0,0,0,0,0
cls,A4,0,0,0,0,0,0,0,0,0,0,0
marA,A4,0,0,0,0,0,0,0,0,0,0,0
yehM,A4,0,0,0,0,0,0,0,0,0,0,0
ispF,A4,0,0,0,0,0,0,0,0,0,0,0
yhdJ,A4,0,0,0,0,0,0,0,0,0,0,0
nrfE,A4,0,0,0,0,0,0,0,0,0,0,0
mdoB,A4,0,0,0,0,0,0,0,0,0,0,0
shiA,A4,0,0,0,0,0,0,0,0,0,0,0
rhsB,A4,0,0,0,0,0,0,0,0,0,0,0
ydbH,A4,0,0,0,0,0,0,0,0,0,0,0
pykF,A4,0,0,0,0,0,0,0,0,0,0,0
mreD,A4,0,0,0,0,0,0,0,0,0,0,0
atoC,A4,0,0,0,0,0,0,0,0,0,0,0
gntR,A4,0,0,0,0,0,0,0,0,0,0,0
yegP,A4,0,0,0,0,0,0,0,0,0,0,0
yiaN,A4,0,0,0,0,0,0,0,0,0,0,0
hslU,A4,0,0,0,0,0,0,0,0,0,0,0
tilS,A4,0,0,0,0,0,0,0,0,0,0,0
bglJ,A4,0,0,0,0,0,0,0,0,0,0,0
ydaG,A4,0,0,0,0,0,0,0,0,0,0,0
gltI,A4,0,0,0,0,0,0,0,0,0,0,0
nagC,A4,0,0,0,0,0,0,0,0,0,0,0
rpsD,A4,0,0,0,0,0,0,0,0,0,0,0
yhbP,A4,0,0,0,0,0,0,0,0,0,0,0
trkG,A4,0,0,0,0,0,0,0,0,0,0,0
yeeA,A4,0,0,0,0,0,0,0,0,0,0,0
yfhB,A4,0,0,0,0,0,0,0,0,0,0,0
nrdE,A4,0,0,0,0,0,0,0,0,0,0,0
hypF,A4,0,0,0,0,0,0,0,0,0,0,0
yacH,A4,0,0,0,0,0,0,0,0,0,0,0
ykgA,A4,0,0,0,0,0,0,0,0,0,0,0
yaiT,A4,0,0,0,0,0,0,0,0,0,0,0
ybaL,A4,0,0,0,0,0,0,0,0,0,0,0
cusS,A4,0,0,0,0,0,0,0,0,0,0,0
asnB,A4,0,0,0,0,0,0,0,0,0,0,0
phoH,A4,0,0,0,0,0,0,0,0,0,0,0
mfd,A4,0,0,0,0,0,0,0,0,0,0,0
acpD,A4,0,0,0,0,0,0,0,0,0,0,0
fdnH,A4,0,0,0,0,0,0,0,0,0,0,0
ydeU,A4,0,0,0,0,0,0,0,0,0,0,0
pykF,A4,0,0,0,0,0,0,0,0,0,0,0
pykF,A4,0,0,0,0,0,0,0,0,0,0,0
astB,A4,0,0,0,0,0,0,0,0,0,0,0
ynjI,A4,0,0,0,0,0,0,0,0,0,0,0
ynjI,A4,0,0,0,0,0,0,0,0,0,0,0
ECB01992,A4,0,0,0,0,0,0,0,0,0,0,0
ECB02013,A4,0,0,0,0,0,0,0,0,0,0,0
gatZ,A4,0,0,0,0,0,0,0,0,0,0,0
yehM,A4,0,0,0,0,0,0,0,0,0,0,0
cirA,A4,0,0,0,0,0,0,0,0,0,0,0
glpT,A4,0,0,0,0,0,0,0,0,0,0,0
fadL,A4,0,0,0,0,0,0,0,0,0,0,0
ECB02512,A4,0,0,0,0,0,0,0,0,0,0,0
ECB02512,A4,0,0,0,0,0,0,0,0,0,0,0
metW,A4,0,0,0,0,0,0,0,0,0,0,0
kduD,A4,0,0,0,0,0,0,0,0,0,0,0
yqeB,A4,0,0,0,0,0,0,0,0,0,0,0
yggC,A4,0,0,0,0,0,0,0,0,0,0,0
flu,A4,0,0,0,0,0,0,0,0,0,0,0
ECB02816,A4,0,0,0,0,0,0,0,0,0,0,0
yhbX,A4,0,0,0,0,0,0,0,0,0,0,0
hflB,A4,0,0,0,0,0,0,0,0,0,0,0
mreC,A4,0,0,0,0,0,0,0,0,0,0,0
rpoA,A4,0,0,0,0,0,0,0,0,0,0,0
ugpQ,A4,0,0,0,0,0,0,0,0,0,0,0
slp,A4,0,0,0,0,0,0,0,0,0,0,0
yhjD,A4,0,0,0,0,0,0,0,0,0,0,0
yiaT,A4,0,0,0,0,0,0,0,0,0,0,0
tdh,A4,0,0,0,0,0,0,0,0,0,0,0
spoT,A4,0,0,0,0,0,0,0,0,0,0,0
phoU,A4,0,0,0,0,0,0,0,0,0,0,0
ECB03715,A4,0,0,0,0,0,0,0,0,0,0,0
ulaA,A4,0,0,0,0,0,0,0,0,0,0,0
cysQ,A4,0,0,0,0,0,0,0,0,0,0,0
hsdS,A4,0,0,0,0,0,0,0,0,0,0,0
nadR,A4,0,0,0,0,0,0,0,0,0,0,0
rne,A4,0,0,0,0,0,0,0,0,0,0,0
pykA,A4,0,0,0,0,0,0,0,0,0,0,0
fusA,A4,0,0,0,0,0,0,0,0,0,0,0
xasA,A4,0,0,0,0,0,0,0,0,0,0,0
nirC,A4,0,0,0,0,0,0,0,0,0,0,0
yqiG,A4,0,0,0,0,0,0,0,0,0,0,0
yhhA,A4,0,0,0,0,0,0,0,0,0,0,0
rhsB,A4,0,0,0,0,0,0,0,0,0,0,0
astD,A4,0,0,0,0,0,0,0,0,0,0,0
yhdX,A4,0,0,0,0,0,0,0,0,0,0,0
topA,A5,0,0,0,0,0,0,0,0,0,0,0
spoT,A5,0,0,0,0,0,0,0,0,0,0,0
fimA,A5,0,0,0,0,0,0,0,0,0,0,0
metL,A5,0,0,0,0,0,0,0,0,0,0,0
iclR,A5,0,0,0,0,2,0,2,2,0,2,2
yijC,A5,0,0,0,0,0,0,0,0,0,0,0
dinI,A5,0,0,0,0,0,0,0,0,0,0,0
ECB02816,A5,0,0,0,0,0,0,0,0,0,0,0
yddA,A5,0,0,0,0,0,0,0,0,0,0,0
yfiH,A5,0,0,0,0,0,0,0,0,0,0,0
yaaH,A5,0,0,0,0,0,0,0,0,0,0,0
ybaL,A5,0,0,0,0,0,0,0,0,0,0,0
ybcQ,A5,0,0,0,0,0,0,0,0,0,0,0
ybeF,A5,0,0,0,0,0,0,0,0,0,0,0
ybeF,A5,0,0,0,0,0,0,0,0,0,0,0
mrdB,A5,0,0,0,0,0,0,0,0,0,0,0
ldrC,A5,0,0,0,0,0,0,0,0,0,0,0
topA,A5,0,0,0,0,0,0,0,0,0,0,0
ECB01510,A5,0,0,0,0,0,0,0,0,0,0,0
pykF,A5,0,0,0,0,0,0,0,0,0,0,0
ECB02013,A5,0,0,0,0,0,0,0,0,0,0,0
rplS,A5,0,0,0,0,0,0,0,0,0,0,0
fis,A5,0,0,0,0,0,0,0,0,0,0,0
rpsG,A5,0,0,0,0,0,0,0,0,0,0,0
envZ,A5,0,0,0,0,0,0,0,0,0,0,0
malT,A5,0,0,0,0,0,0,0,0,0,0,0
glpR,A5,0,0,0,0,0,0,0,0,0,0,0
ggt,A5,0,0,0,0,0,0,0,0,0,0,0
waaT,A5,0,0,0,0,0,0,0,0,0,0,0
hslU,A5,0,0,0,0,0,0,0,0,0,0,0
ECB03822,A5,0,0,0,0,0,0,0,0,0,0,0
iclR,A5,0,0,0,0,0,0,0,0,0,0,0
ytfN,A5,0,0,0,0,0,0,0,0,0,0,0
ytfT,A5,0,0,0,0,0,0,0,0,0,0,0
nadR,A5,0,0,0,0,0,0,0,0,0,0,0
mrdA,A5,0,0,0,0,0,0,0,0,0,0,0
pykF,A5,0,0,0,0,0,0,0,0,0,0,0
ECB01992,A5,0,0,0,0,0,0,0,0,0,0,0
spoT,A5,0,0,0,0,0,0,0,0,0,0,0
rbsD,A5,0,0,0,0,0,0,0,0,0,0,0
pykF,A5,0,0,0,0,0,0,0,0,0,0,0
mreC,A5,0,0,0,0,0,0,0,0,0,0,0
nadR,A5,0,0,0,0,0,0,0,0,0,0,0
rhsD,A5,0,0,0,0,0,0,0,0,0,0,0
ylcG,A5,0,0,0,0,0,0,0,0,0,0,0
oppD,A5,0,0,0,0,0,0,0,0,0,0,0
infC,A5,0,0,0,0,0,0,0,0,0,0,0
yeeF,A5,0,0,0,0,0,0,0,0,0,0,0
yegM,A5,0,0,0,0,0,0,0,0,0,0,0
recO,A5,0,0,0,0,0,0,0,0,0,0,0
iap,A5,0,0,0,0,0,0,0,0,0,0,0
ECB02621,A5,0,0,0,0,0,0,0,0,0,0,0
kduD,A5,0,0,0,0,0,0,0,0,0,0,0
yhdG,A5,0,0,0,0,0,0,0,0,0,0,0
prlA,A5,0,0,0,0,0,0,0,0,0,0,0
envZ,A5,0,0,0,0,0,0,0,0,0,0,0
malT,A5,0,0,0,0,0,0,0,0,0,0,0
malT,A5,0,0,0,0,0,0,0,0,0,0,0
malT,A5,0,0,0,0,0,0,0,0,0,0,0
spoT,A5,0,0,0,0,0,0,0,0,0,0,0
hslU,A5,0,0,0,0,0,0,0,0,0,0,0
metH,A5,0,0,0,0,0,0,0,0,0,0,0
frdC,A5,0,0,0,0,0,0,0,0,0,0,0
arcA,A5,0,0,0,0,0,0,0,0,0,0,0
ECB02818,A5,0,0,0,0,0,0,0,0,0,0,0
yhjK,A5,0,0,0,0,0,0,0,0,0,0,0
trkH,A5,0,0,0,0,0,0,0,0,0,0,0
yijC,A5,0,0,0,0,0,0,0,0,0,0,0
cysQ,A5,0,0,0,0,0,0,0,0,0,0,0
ybeB,A5,0,2,2,2,2,2,2,2,0,2,2
ycdM,A5,0,0,0,0,0,0,2,2,0,2,2
fabF,A5,0,0,0,0,2,2,2,2,0,2,2
topA,A5,2,2,2,2,2,2,2,2,0,2,2
pykF,A5,0,0,0,0,2,2,2,2,0,2,2
yfaQ,A5,2,2,2,2,2,2,2,2,2,2,2
hslU,A5,0,0,0,0,2,2,2,2,0,2,2
uvrA,A5,0,0,0,0,2,2,2,2,0,2,2
thrA,A5,0,0,0,0,0,0,0,2,0,2,2
yahC,A5,0,0,0,0,0,0,0,0,0,2,2
ybaL,A5,0,0,0,0,0,0,2,2,0,2,2
ybeM,A5,0,0,0,0,0,0,2,2,0,2,2
ybeA,A5,0,0,0,0,0,0,0,0,0,2,2
yliE,A5,0,0,0,0,0,0,0,0,0,2,2
ycbB,A5,0,0,0,0,0,0,0,0,0,2,2
phoH,A5,0,0,0,0,0,0,0,0,0,2,2
rne,A5,0,0,0,0,0,0,2,2,0,2,2
cls,A5,0,0,0,0,0,0,2,2,0,2,2
blr,A5,0,0,0,0,0,0,2,2,0,2,2
ydhH,A5,0,0,0,0,0,0,0,0,0,2,2
ydhK,A5,0,0,0,0,0,0,0,0,0,2,2
pykA,A5,0,0,0,0,0,0,0,0,0,2,2
yeeO,A5,0,0,0,0,0,0,0,0,0,0,0
yeeF,A5,0,0,0,0,0,0,0,0,0,2,2
hyfA,A5,0,0,0,0,0,0,2,2,0,2,2
ygbO,A5,0,0,0,0,0,0,0,0,0,2,2
iap,A5,0,0,0,0,0,0,2,2,0,2,2
ECB02852,A5,0,0,0,0,0,0,2,2,0,2,2
ygiN,A5,0,0,0,0,0,0,2,2,0,2,2
ygjG,A5,0,0,0,0,0,0,0,0,0,2,2
ygjG,A5,0,0,0,0,0,0,0,0,0,0,0
infB,A5,0,0,0,0,0,0,2,2,0,2,2
rplF,A5,0,0,0,0,0,0,0,0,0,2,2
crp,A5,0,0,0,0,0,0,0,0,0,2,2
malT,A5,0,0,0,0,0,0,0,0,0,2,2
mtlD,A5,0,0,0,0,0,0,0,0,0,2,2
waaW,A5,0,0,0,0,0,0,0,0,0,0,0
yicC,A5,0,0,0,0,0,0,0,0,2,2,2
yihP,A5,0,0,0,0,0,0,0,0,0,2,2
metJ,A5,0,0,0,0,0,0,0,0,0,2,2
plsB,A5,0,0,0,0,0,0,2,2,0,2,2
hsdS,A5,0,0,0,0,0,0,2,2,0,2,2
pykF,A5,0,0,0,0,0,0,0,0,0,0,0
ECB01992,A5,0,0,0,0,0,0,0,0,0,0,0
ECB00021,A5,0,0,0,0,0,0,0,0,0,0,0
caiB,A5,0,0,0,0,0,0,0,0,0,0,0
yadG,A5,0,0,0,0,0,0,0,0,0,0,0
yafC,A5,0,0,0,0,0,0,0,0,0,0,0
queA,A5,0,0,0,0,0,0,0,0,0,0,0
arcC,A5,0,0,0,0,0,0,0,0,0,0,0
cusR,A5,0,0,0,0,0,0,0,0,0,0,0
lysQ,A5,0,0,0,0,0,0,0,0,0,0,0
moeB,A5,0,0,0,0,0,0,0,0,0,0,0
ftsK,A5,0,0,0,0,0,0,0,0,0,0,0
sapC,A5,0,0,0,0,0,0,0,0,0,0,0
ynjB,A5,0,0,0,0,0,0,0,0,0,0,0
ydjJ,A5,0,0,0,0,0,0,0,0,0,0,0
yegN,A5,0,0,0,0,0,0,0,0,0,0,0
ompC,A5,0,0,0,0,0,0,0,0,0,0,0
atoS,A5,0,0,0,0,0,0,0,0,0,0,0
menC,A5,0,0,0,0,0,0,0,2,0,0,0
fadL,A5,0,0,0,0,0,0,0,0,0,0,0
hyfA,A5,0,0,0,0,0,0,0,0,0,0,0
hcaD,A5,0,0,0,0,0,0,0,0,0,0,0
ygaZ,A5,0,0,0,0,0,0,0,0,0,0,0
gss,A5,0,0,0,0,0,0,0,0,0,0,0
rpoD,A5,0,0,0,0,0,0,0,0,0,0,0
ygjI,A5,0,0,0,0,0,0,0,0,0,0,0
yrdD,A5,0,0,0,0,0,0,0,0,0,0,0
rplF,A5,0,0,0,0,0,0,0,0,0,0,0
malT,A5,0,0,0,0,0,0,0,0,0,0,0
spoT,A5,0,0,0,0,0,0,0,0,0,0,0
yicL,A5,0,0,0,0,0,0,0,0,0,0,0
glmS,A5,0,0,0,0,0,0,0,0,0,0,0
pfkA,A5,0,0,0,0,0,0,0,0,0,0,0
rplL,A5,0,0,0,0,0,0,0,0,0,0,0
rpoB,A5,0,0,0,0,0,0,0,0,0,0,0
miaA,A5,0,0,0,0,0,0,0,0,0,0,0
hsdR,A5,0,0,0,0,0,0,0,0,0,0,0
ybaL,A5,0,0,0,0,0,0,0,0,0,0,0
mrdA,A5,0,0,0,0,0,0,0,0,0,0,0
nagC,A5,0,0,0,0,0,0,0,0,0,0,0
pykF,A5,0,0,0,0,0,0,0,0,0,0,0
yegI,A5,0,0,0,0,0,0,0,0,0,0,0
infB,A5,0,0,0,0,0,0,0,0,0,0,0
malT,A5,0,0,0,0,0,0,0,0,0,0,0
hslU,A5,0,0,0,0,0,0,0,0,0,0,0
nadR,A5,0,0,0,0,0,0,0,0,0,0,0
wecF,A5,0,0,0,0,0,0,0,0,0,0,0
pykF,A5,0,0,0,2,0,0,0,0,0,0,0
galR,A5,0,0,0,2,0,0,0,0,0,0,0
rep,A5,0,0,0,0,0,0,0,0,0,0,0
hslU,A5,0,0,0,2,0,0,0,0,0,0,0
topA,A5,0,0,0,0,0,0,0,0,0,0,0
pykF,A5,0,0,0,0,0,0,0,0,0,0,0
yijO,A5,0,0,0,0,0,0,0,0,0,0,0
yadH,A5,0,0,0,0,0,0,0,0,0,0,0
arcC,A5,0,0,0,0,0,0,0,0,0,0,0
gltA,A5,0,0,0,0,0,0,0,0,0,0,0
phoH,A5,0,0,0,0,0,0,0,0,0,0,0
narZ,A5,0,0,0,0,0,0,0,0,0,0,0
narZ,A5,0,0,0,0,0,0,0,0,0,0,0
ydfI,A5,0,0,0,0,0,0,0,0,0,0,0
ydjO,A5,0,0,0,0,0,0,0,0,0,0,0
yeaS,A5,0,0,0,0,0,0,0,0,0,0,0
manY,A5,0,0,0,0,0,0,0,0,0,0,0
yeeJ,A5,0,0,0,0,0,0,0,0,0,0,0
manC,A5,0,0,0,0,0,0,0,0,0,0,0
yegB,A5,0,0,0,0,0,0,0,0,0,0,0
ECB01992,A5,0,0,0,0,0,0,0,0,0,0,0
menC,A5,0,0,0,0,0,0,0,0,0,0,0
yfcTU,A5,0,0,0,0,0,0,0,0,0,0,0
ypeB,A5,0,0,0,0,0,0,0,0,0,0,0
maeB,A5,0,0,0,0,0,0,0,0,0,0,0
yfhM,A5,0,0,0,0,0,0,0,0,0,0,0
yfiQ,A5,0,0,0,0,0,0,0,0,0,0,0
ygaZ,A5,0,0,0,0,0,0,0,0,0,0,0
ECB02621,A5,0,0,0,0,0,0,0,0,0,0,0
rpsE,A5,0,0,0,0,0,0,0,0,0,0,0
rplF,A5,0,0,0,0,0,0,0,0,0,0,0
glpG,A5,0,0,0,0,0,0,0,0,0,0,0
ECB03460,A5,0,0,0,0,0,0,0,0,0,0,0
yicL,A5,0,0,0,0,0,0,0,0,0,0,0
yieH,A5,0,0,0,0,0,0,0,0,0,0,0
murI,A5,0,0,0,0,0,0,0,0,0,0,0
iclR,A5,0,0,0,0,0,0,0,0,0,0,0
actP,A5,0,0,0,0,0,0,0,0,0,0,0
yjcP,A5,0,0,0,0,0,0,0,0,0,0,0
yahA,A5,0,0,0,0,0,0,0,0,0,2,2
ybiN,A5,0,0,0,0,0,0,0,0,0,2,2
narH,A5,0,0,0,0,0,0,0,0,0,2,2
pykF,A5,0,0,0,0,0,0,0,0,0,2,2
astE,A5,0,0,0,0,0,0,0,0,0,2,2
ECB02837,A5,0,0,0,0,0,0,0,0,0,2,2
glgC,A5,0,0,0,0,0,0,0,0,0,2,2
nadR,A5,0,0,0,0,0,0,0,0,0,2,2
rnhA,A5,0,0,0,0,0,0,0,0,0,0,0
uvrB,A5,0,0,0,0,0,0,0,0,0,0,0
fimA,A5,0,0,0,0,0,0,0,0,0,0,0
ftsI,A5,0,0,0,0,0,0,0,0,0,0,2
yafM,A5,0,0,0,0,0,0,0,0,0,0,2
yagQ,A5,0,0,0,0,0,0,0,0,0,0,0
ybiN,A5,0,0,0,0,0,0,0,0,0,0,0
ybjE,A5,0,0,0,0,0,0,0,0,0,0,2
ydiQ,A5,0,0,0,0,0,0,0,0,0,0,0
yeaU,A5,0,0,0,0,0,0,0,0,0,0,2
hisL,A5,0,0,0,0,0,0,0,0,0,0,2
mepA,A5,0,0,0,0,0,0,0,0,0,0,0
hyfC,A5,0,0,0,0,0,0,0,0,0,0,2
kduD,A5,0,0,0,0,0,0,0,0,0,0,2
nusA,A5,0,0,0,0,0,0,0,0,0,0,0
glgA,A5,0,0,0,0,0,0,0,0,0,0,0
spoT,A5,0,0,0,0,0,0,0,0,0,0,0
pcnB,A5,0,0,0,0,0,0,0,0,0,0,0
araJ,A5,0,0,0,0,0,0,0,0,0,0,0
dhaM,A5,0,0,0,0,0,0,0,0,0,0,0
ynjI,A5,0,0,0,0,0,0,0,0,0,0,0
ECB02816,A5,0,0,0,0,0,0,0,0,0,0,0
yghJ,A5,0,0,0,0,0,0,0,0,0,0,0
ebgR,A5,0,0,0,0,0,0,0,0,0,0,0
arcB,A5,0,0,0,0,0,0,0,0,0,0,0
gltB,A5,0,0,0,0,0,0,0,0,0,0,0
rpsM,A5,0,0,0,0,0,0,0,0,0,0,0
glpE,A5,0,0,0,0,0,0,0,0,0,0,0
pflC,A5,0,0,0,0,0,0,0,0,0,0,0
iclR,A5,0,0,0,0,0,0,0,0,0,0,0
nadR,A5,0,0,0,0,0,0,0,0,0,0,0
pykF,A5,0,0,0,0,0,0,0,0,0,0,0
spoT,A5,0,0,0,0,0,0,0,0,0,0,0
yabN,A5,0,0,0,0,0,0,0,0,0,0,0
ybaL,A5,0,0,0,0,0,0,0,0,0,0,0
asnB,A5,0,0,0,0,0,0,0,0,0,0,0
rnd,A5,0,0,0,0,0,0,0,0,0,0,0
sdaA,A5,0,0,0,0,0,0,0,0,0,0,0
cycA,A5,0,0,0,0,0,0,0,0,0,0,0
yhhT,A5,0,0,0,0,0,0,0,0,0,0,0
mrdA,A5,0,0,0,0,0,0,0,0,0,0,0
ybiA,A5,0,0,0,0,0,0,0,0,0,0,0
fis,A5,0,0,0,0,0,0,0,0,0,0,0
iclR,A5,0,0,0,0,0,0,0,0,0,0,0
tig,A5,0,0,0,0,0,0,0,0,0,0,0
fadL,A5,0,0,0,0,0,0,0,0,0,0,0
alsC,A5,0,0,0,0,0,0,0,0,0,0,0
topA,A5,0,0,0,0,0,0,0,0,0,0,0
yabB,A5,0,0,0,0,0,0,0,0,0,0,0
ygiD,A5,0,0,0,0,0,0,0,0,0,0,0
infB,A5,0,0,0,0,0,0,0,0,0,0,0
cdh,A5,0,0,0,0,0,0,0,0,0,0,0
pykF,A5,0,0,0,0,0,0,0,0,0,0,0
plsX,A5,0,0,0,0,0,0,0,0,0,0,0
cspC,A5,0,0,0,0,0,0,0,0,0,0,0
proQ,A5,0,0,0,0,0,0,0,0,0,0,0
yedV,A5,0,0,0,0,0,0,0,0,0,0,0
yfiR,A5,0,0,0,0,0,0,0,0,0,0,0
yghB,A5,0,0,0,0,0,0,0,0,0,0,0
ygjG,A5,0,0,0,0,0,0,0,0,0,0,0
yqjK,A5,0,0,0,0,0,0,0,0,0,0,0
sspA,A5,0,0,0,0,0,0,0,0,0,0,0
yrfE,A5,0,0,0,0,0,0,0,0,0,0,0
ompR,A5,0,0,0,0,0,0,0,0,0,0,0
yiaV,A5,0,0,0,0,0,0,0,0,0,0,0
metL,A5,0,0,0,0,0,0,0,0,0,0,0
hemE,A5,0,0,0,0,0,0,0,0,0,0,0
rihB,A5,0,0,0,0,0,0,0,0,0,0,0
pykF,A5,0,0,0,0,0,0,0,0,0,0,0
rof,A5,0,0,0,0,0,0,0,0,0,0,0
aes,A5,0,0,0,0,0,0,0,0,0,0,0
ybbY,A5,0,0,0,0,0,0,0,0,0,0,0
ypdA,A5,0,0,0,0,0,0,0,0,0,0,0
hyfA,A5,0,0,0,0,0,0,0,0,0,0,0
ascB,A5,0,0,0,0,0,0,0,0,0,0,0
tolC,A5,0,0,0,0,0,0,0,0,0,0,0
yhbC,A5,0,0,0,0,0,0,0,0,0,0,0
smf,A5,0,0,0,0,0,0,0,0,0,0,0
rhsB,A5,0,0,0,0,0,0,0,0,0,0,0
yihF,A5,0,0,0,0,0,0,0,0,0,0,0
tpiA,A5,0,0,0,0,0,0,0,0,0,0,0
yjcE,A5,0,0,0,0,0,0,0,0,0,0,0
hpaI,A5,0,0,0,0,0,0,0,0,0,0,0
arcA,A5,0,0,0,0,0,0,0,0,0,0,0
pykF,A5,0,0,0,0,0,0,0,0,0,0,0
ECB02621,A5,0,0,0,0,0,0,0,0,0,0,0
ECB01081,A5,0,0,0,0,0,0,0,2,0,0,0
pykA,A5,0,0,0,0,0,0,0,2,0,0,0
nadR,A5,0,0,0,0,0,0,0,2,0,0,0
yddP,A5,0,0,0,0,0,0,0,0,0,0,0
yfjD,A5,0,0,0,0,0,0,0,0,0,0,0
aes,A5,0,0,0,0,0,0,0,0,0,0,0
pflB,A5,0,0,0,0,0,0,0,0,0,0,0
dam,A5,0,0,0,0,0,0,0,0,0,0,0
ECB01992,A5,0,0,0,0,0,0,0,0,0,0,0
fadA,A5,0,0,0,0,0,0,0,0,0,0,0
metL,A5,0,0,0,0,0,0,0,0,0,0,0
nhoA,A5,0,0,0,0,0,0,0,0,0,0,0
gyrB,A5,0,0,0,0,0,0,0,0,0,0,0
topA,A5,0,0,0,0,0,0,0,0,0,0,0
mreD,A5,0,0,0,0,0,0,0,0,0,0,0
ddl,A5,0,0,0,0,0,0,0,0,0,0,0
ybeQ,A5,0,0,0,0,0,0,0,0,0,0,0
ybiN,A5,0,0,0,0,0,0,0,0,0,0,0
solA,A5,0,0,0,0,0,0,0,0,0,0,0
rstB,A5,0,0,0,0,0,0,0,0,0,0,0
yejF,A5,0,0,0,0,0,0,0,0,0,0,0
hcaC,A5,0,0,0,0,0,0,0,0,0,0,0
sbm,A5,0,0,0,0,0,0,0,0,0,0,0
yiaT,A5,0,0,0,0,0,0,0,0,0,0,0
spoT,A5,0,0,0,0,0,0,0,0,0,0,0
ECB01992,A5,0,0,0,0,0,0,0,0,0,0,0
ygiP,A5,0,0,0,0,0,0,0,0,0,0,0
yagY,A5,0,0,0,0,0,0,0,0,0,0,0
ECB02851,A5,0,0,0,0,0,0,0,0,0,0,0
argR,A5,0,0,0,0,0,0,0,0,0,0,0
malT,A5,0,0,0,0,0,0,0,0,0,0,0
hflK,A5,0,0,0,0,0,0,0,0,0,0,0
sapF,A5,0,0,0,0,0,0,0,0,0,0,0
pqqL,A5,0,0,0,0,0,0,0,0,0,0,0
ECB01992,A5,0,0,0,0,0,0,0,0,0,0,0
mreB,A5,0,0,0,0,0,0,0,0,0,0,0
yhdG,A5,0,0,0,0,0,0,0,0,0,0,0
smf,A5,0,0,0,0,0,0,0,0,0,0,0
yabB,A5,0,0,0,0,0,0,0,0,0,0,0
pykF,A5,0,0,0,0,0,0,0,0,0,0,0
wzzE,A5,0,0,0,0,0,0,0,0,0,0,0
yijC,A5,0,0,0,0,0,0,0,0,0,0,0
iclR,A5,0,0,0,0,0,0,0,0,0,0,0
pykF,A5,0,0,0,0,0,0,0,0,0,0,0
eaeH,A5,0,0,0,0,0,0,0,0,0,0,0
dinI,A5,0,0,0,0,0,0,0,0,0,0,0
fadL,A5,0,0,0,0,0,0,0,0,0,0,0
iap,A5,0,0,0,0,0,0,0,0,0,0,0
leuA,A5,0,0,0,0,0,0,0,0,0,0,0
glnD,A5,0,0,0,0,0,0,0,0,0,0,0
yaeL,A5,0,0,0,0,0,0,0,0,0,0,0
yagU,A5,0,0,0,0,0,0,0,0,0,0,0
cusS,A5,0,0,0,0,0,0,0,0,0,0,0
tolR,A5,0,0,0,0,0,0,0,0,0,0,0
lrp,A5,0,0,0,0,0,0,0,0,0,0,0
ECB02001,A5,0,0,0,0,0,0,0,0,0,0,0
atoS,A5,0,0,0,0,0,0,0,0,0,0,0
purL,A5,0,0,0,0,0,0,0,0,0,0,0
yfiQ,A5,0,0,0,0,0,0,0,0,0,0,0
rhsB,A5,0,0,0,0,0,0,0,0,0,0,0
hsdM,A5,0,0,0,0,0,0,0,0,0,0,0
elaD,A5,0,0,0,0,0,0,0,0,0,0,0
hsdM,A5,0,0,0,0,0,0,0,0,0,0,0
eutC,A5,0,0,0,0,0,0,0,0,0,0,0
htrE,A5,0,0,0,0,0,0,0,0,0,0,0
yfeG,A5,0,0,0,0,0,0,0,0,0,0,0
yhiU,A5,0,0,0,0,0,0,0,0,0,0,0
ybjD,A5,0,0,0,0,0,0,0,0,0,0,0
fucI,A5,0,0,0,0,0,0,0,0,0,0,0
ECB02816,A5,0,0,0,0,0,0,0,0,0,0,0
feoB,A5,0,0,0,0,0,0,0,0,0,0,0
glpR,A5,0,0,0,0,0,0,0,0,0,0,0
deoC,A5,0,0,0,0,0,0,0,0,0,0,0
kdpB,A5,0,0,0,0,0,0,0,0,0,0,0
infB,A5,0,0,0,0,0,0,0,0,0,0,0
nadR,A5,0,0,0,0,0,0,0,0,0,0,0
htpG,A5,0,0,0,0,0,0,0,0,0,0,0
cls,A5,0,0,0,0,0,0,0,0,0,0,0
marA,A5,0,0,0,0,0,0,0,0,0,0,0
yehM,A5,0,0,0,0,0,0,0,0,0,0,0
ispF,A5,0,0,0,0,0,0,0,0,0,0,0
yhdJ,A5,0,0,0,0,0,0,0,0,0,0,0
nrfE,A5,0,0,0,0,0,0,0,0,0,0,0
mdoB,A5,0,0,0,0,0,0,0,0,0,0,0
shiA,A5,0,0,0,0,0,0,0,0,0,0,0
rhsB,A5,0,0,0,0,0,0,0,0,0,0,0
ydbH,A5,0,0,0,0,0,0,0,0,0,0,0
pykF,A5,0,0,0,0,0,0,0,0,0,0,0
mreD,A5,0,0,0,0,0,0,0,0,0,0,0
atoC,A5,0,0,0,0,0,0,0,0,0,0,0
gntR,A5,0,0,0,0,0,0,0,0,0,0,0
yegP,A5,0,0,0,0,0,0,0,0,0,0,0
yiaN,A5,0,0,0,0,0,0,0,0,0,0,0
hslU,A5,0,0,0,0,0,0,0,0,0,0,0
tilS,A5,0,0,0,0,0,0,0,0,0,0,0
bglJ,A5,0,0,0,0,0,0,0,0,0,0,0
ydaG,A5,0,0,0,0,0,0,0,0,0,0,0
gltI,A5,0,0,0,0,0,0,0,0,0,0,0
nagC,A5,0,0,0,0,0,0,0,0,0,0,0
rpsD,A5,0,0,0,0,0,0,0,0,0,0,0
yhbP,A5,0,0,0,0,0,0,0,0,0,0,0
trkG,A5,0,0,0,0,0,0,0,0,0,0,0
yeeA,A5,0,0,0,0,0,0,0,0,0,0,0
yfhB,A5,0,0,0,0,0,0,0,0,0,0,0
nrdE,A5,0,0,0,0,0,0,0,0,0,0,0
hypF,A5,0,0,0,0,0,0,0,0,0,0,0
yacH,A5,0,0,0,0,0,0,0,0,0,0,0
ykgA,A5,0,0,0,0,0,0,0,0,0,0,0
yaiT,A5,0,0,0,0,0,0,0,0,0,0,0
ybaL,A5,0,0,0,0,0,0,0,0,0,0,0
cusS,A5,0,0,0,0,0,0,0,0,0,0,0
asnB,A5,0,0,0,0,0,0,0,0,0,0,0
phoH,A5,0,0,0,0,0,0,0,0,0,0,0
mfd,A5,0,0,0,0,0,0,0,0,0,0,0
acpD,A5,0,0,0,0,0,0,0,0,0,0,0
fdnH,A5,0,0,0,0,0,0,0,0,0,0,0
ydeU,A5,0,0,0,0,0,0,0,0,0,0,0
pykF,A5,0,0,0,0,0,0,0,0,0,0,0
pykF,A5,0,0,0,0,0,0,0,0,0,0,0
astB,A5,0,0,0,0,0,0,0,0,0,0,0
ynjI,A5,0,0,0,0,0,0,0,0,0,0,0
ynjI,A5,0,0,0,0,0,0,0,0,0,0,0
ECB01992,A5,0,0,0,0,0,0,0,0,0,0,0
ECB02013,A5,0,0,0,0,0,0,0,0,0,0,0
gatZ,A5,0,0,0,0,0,0,0,0,0,0,0
yehM,A5,0,0,0,0,0,0,0,0,0,0,0
cirA,A5,0,0,0,0,0,0,0,0,0,0,0
glpT,A5,0,0,0,0,0,0,0,0,0,0,0
fadL,A5,0,0,0,0,0,0,0,0,0,0,0
ECB02512,A5,0,0,0,0,0,0,0,0,0,0,0
ECB02512,A5,0,0,0,0,0,0,0,0,0,0,0
metW,A5,0,0,0,0,0,0,0,0,0,0,0
kduD,A5,0,0,0,0,0,0,0,0,0,0,0
yqeB,A5,0,0,0,0,0,0,0,0,0,0,0
yggC,A5,0,0,0,0,0,0,0,0,0,0,0
flu,A5,0,0,0,0,0,0,0,0,0,0,0
ECB02816,A5,0,0,0,0,0,0,0,0,0,0,0
yhbX,A5,0,0,0,0,0,0,0,0,0,0,0
hflB,A5,0,0,0,0,0,0,0,0,0,0,0
mreC,A5,0,0,0,0,0,0,0,0,0,0,0
rpoA,A5,0,0,0,0,0,0,0,0,0,0,0
ugpQ,A5,0,0,0,0,0,0,0,0,0,0,0
slp,A5,0,0,0,0,0,0,0,0,0,0,0
yhjD,A5,0,0,0,0,0,0,0,0,0,0,0
yiaT,A5,0,0,0,0,0,0,0,0,0,0,0
tdh,A5,0,0,0,0,0,0,0,0,0,0,0
spoT,A5,0,0,0,0,0,0,0,0,0,0,0
phoU,A5,0,0,0,0,0,0,0,0,0,0,0
ECB03715,A5,0,0,0,0,0,0,0,0,0,0,0
ulaA,A5,0,0,0,0,0,0,0,0,0,0,0
cysQ,A5,0,0,0,0,0,0,0,0,0,0,0
hsdS,A5,0,0,0,0,0,0,0,0,0,0,0
nadR,A5,0,0,0,0,0,0,0,0,0,0,0
rne,A5,0,0,0,0,0,0,0,0,0,0,0
pykA,A5,0,0,0,0,0,0,0,0,0,0,0
fusA,A5,0,0,0,0,0,0,0,0,0,0,0
xasA,A5,0,0,0,0,0,0,0,0,0,0,0
nirC,A5,0,0,0,0,0,0,0,0,0,0,0
yqiG,A5,0,0,0,0,0,0,0,0,0,0,0
yhhA,A5,0,0,0,0,0,0,0,0,0,0,0
rhsB,A5,0,0,0,0,0,0,0,0,0,0,0
astD,A5,0,0,0,0,0,0,0,0,0,0,0
yhdX,A5,0,0,0,0,0,0,0,0,0,0,0
topA,A6,0,0,0,0,0,0,0,0,0,0,0
spoT,A6,0,0,0,0,0,0,0,0,0,0,0
fimA,A6,0,0,0,0,0,0,0,0,0,0,0
metL,A6,0,0,0,0,0,0,0,0,0,0,0
iclR,A6,0,0,0,0,0,0,0,0,0,0,0
yijC,A6,0,0,0,0,0,0,0,0,0,0,0
dinI,A6,0,0,0,0,0,0,0,0,0,0,0
ECB02816,A6,0,0,0,0,0,0,2,2,2,2,2
yddA,A6,0,0,0,0,0,0,0,0,0,0,0
yfiH,A6,0,0,0,0,0,0,0,0,0,0,0
yaaH,A6,0,0,0,0,0,0,0,0,0,0,0
ybaL,A6,0,0,0,0,0,0,0,0,0,0,0
ybcQ,A6,0,0,0,0,0,0,0,0,0,0,0
ybeF,A6,0,0,0,0,0,0,0,0,0,0,0
ybeF,A6,0,0,0,0,0,0,0,0,0,0,0
mrdB,A6,0,0,0,0,0,0,0,0,0,0,0
ldrC,A6,0,0,0,0,0,0,0,0,0,0,0
topA,A6,0,0,0,0,0,0,0,0,0,0,0
ECB01510,A6,0,0,0,0,0,0,0,0,0,0,0
pykF,A6,0,0,0,0,0,0,0,0,0,0,0
ECB02013,A6,0,0,0,0,0,0,0,0,0,0,0
rplS,A6,0,0,0,0,0,0,0,0,0,0,0
fis,A6,0,0,0,0,0,0,0,0,0,0,0
rpsG,A6,0,0,0,0,0,0,0,0,0,0,0
envZ,A6,0,0,0,0,0,0,0,0,0,0,0
malT,A6,0,0,0,0,0,0,0,0,0,0,0
glpR,A6,0,0,0,0,0,0,0,0,0,0,0
ggt,A6,0,0,0,0,0,0,0,0,0,0,0
waaT,A6,0,0,0,0,0,0,0,0,0,0,0
hslU,A6,0,0,0,0,0,0,0,0,0,0,0
ECB03822,A6,0,0,0,0,0,0,0,0,0,0,0
iclR,A6,0,0,0,0,0,0,0,0,0,0,0
ytfN,A6,0,0,0,0,0,0,0,0,0,0,0
ytfT,A6,0,0,0,0,0,0,0,0,0,0,0
nadR,A6,0,0,0,0,0,0,0,0,0,0,0
mrdA,A6,0,0,0,0,0,0,0,0,0,0,0
pykF,A6,0,0,0,0,0,0,0,0,0,0,0
ECB01992,A6,0,0,0,0,0,0,0,0,0,0,0
spoT,A6,0,0,0,0,0,0,0,0,0,0,0
rbsD,A6,0,0,0,0,0,0,0,0,0,0,0
pykF,A6,0,2,2,2,2,2,2,2,2,2,2
mreC,A6,0,2,2,2,2,2,2,2,2,2,2
nadR,A6,0,2,2,2,2,2,2,2,2,2,2
rhsD,A6,0,0,0,0,0,2,2,2,2,2,2
ylcG,A6,0,0,0,0,0,2,2,2,2,2,2
oppD,A6,0,0,0,0,0,2,2,2,2,2,2
infC,A6,0,0,0,0,0,2,2,2,2,2,2
yeeF,A6,0,0,0,0,0,0,2,0,2,0,0
yegM,A6,0,0,0,0,2,2,2,2,2,2,2
recO,A6,0,0,0,0,0,0,2,2,2,2,2
iap,A6,0,0,0,0,0,0,2,2,2,2,2
ECB02621,A6,0,0,0,0,0,0,0,0,0,0,0
kduD,A6,0,0,0,0,0,0,0,0,0,0,0
yhdG,A6,0,0,0,0,0,2,2,2,2,2,2
prlA,A6,0,0,2,0,2,2,2,2,2,2,2
envZ,A6,0,0,0,0,0,0,2,2,2,2,2
malT,A6,0,0,0,0,0,0,2,2,2,2,2
malT,A6,0,0,0,0,2,2,2,2,2,2,2
malT,A6,0,0,0,0,0,0,2,2,2,2,2
spoT,A6,0,0,0,0,0,2,2,2,2,2,2
hslU,A6,0,0,0,0,2,2,2,2,2,2,2
metH,A6,0,0,0,0,0,0,2,2,2,2,2
frdC,A6,0,0,0,0,0,0,2,0,2,0,0
arcA,A6,0,0,0,0,0,2,2,2,2,2,2
ECB02818,A6,0,0,0,0,0,0,0,0,0,0,0
yhjK,A6,0,0,0,0,0,0,0,0,0,0,0
trkH,A6,0,0,0,2,0,0,0,0,0,0,0
yijC,A6,0,0,0,2,0,0,0,0,0,0,0
cysQ,A6,0,0,0,0,0,0,0,0,0,0,0
ybeB,A6,0,0,0,0,0,0,0,0,0,0,0
ycdM,A6,0,0,0,0,0,0,0,0,0,0,0
fabF,A6,0,0,0,0,0,0,0,0,0,0,0
topA,A6,0,0,0,0,0,0,0,0,0,0,0
pykF,A6,0,0,0,0,0,0,0,0,0,0,0
yfaQ,A6,0,0,0,0,0,0,0,0,0,0,0
hslU,A6,0,0,0,0,0,0,0,0,0,0,0
uvrA,A6,0,0,0,0,0,0,0,0,0,0,0
thrA,A6,0,0,0,0,0,0,0,0,0,0,0
yahC,A6,0,0,0,0,0,0,0,0,0,0,0
ybaL,A6,0,0,0,0,0,0,0,0,0,0,0
ybeM,A6,0,0,0,0,0,0,0,0,0,0,0
ybeA,A6,0,0,0,0,0,0,0,0,0,0,0
yliE,A6,0,0,0,0,0,0,0,0,0,0,0
ycbB,A6,0,0,0,0,0,0,0,0,0,0,0
phoH,A6,0,0,0,0,0,0,0,0,0,0,0
rne,A6,0,0,0,0,0,0,0,0,0,0,0
cls,A6,0,0,0,0,0,0,0,0,0,0,0
blr,A6,0,0,0,0,0,0,0,0,0,0,0
ydhH,A6,0,0,0,0,0,0,0,0,0,0,0
ydhK,A6,0,0,0,0,0,0,0,0,0,0,0
pykA,A6,0,0,0,0,0,0,0,0,0,0,0
yeeO,A6,0,0,0,0,0,0,0,0,0,0,0
yeeF,A6,0,0,0,0,0,0,0,0,0,0,0
hyfA,A6,0,0,0,0,0,0,0,0,0,0,0
ygbO,A6,0,0,0,0,0,0,0,0,0,0,0
iap,A6,0,0,0,0,0,0,0,0,0,0,0
ECB02852,A6,0,0,0,0,0,0,0,0,0,0,0
ygiN,A6,0,0,0,0,0,0,0,0,0,0,0
ygjG,A6,0,0,0,0,0,0,0,0,0,0,0
ygjG,A6,0,0,0,0,0,0,0,0,0,0,0
infB,A6,0,0,0,0,0,0,0,0,0,0,0
rplF,A6,0,0,0,0,0,0,0,0,0,0,0
crp,A6,0,0,0,0,0,0,0,0,0,0,0
malT,A6,0,0,0,0,0,0,0,0,0,0,0
mtlD,A6,0,0,0,0,0,0,0,0,0,0,0
waaW,A6,0,0,0,0,0,0,0,0,0,0,0
yicC,A6,0,0,0,0,0,0,0,0,0,0,0
yihP,A6,0,0,0,0,0,0,0,0,0,0,0
metJ,A6,0,0,0,0,0,0,0,0,0,0,0
plsB,A6,0,0,0,0,0,0,0,0,0,0,0
hsdS,A6,0,0,0,0,0,0,0,0,0,0,0
pykF,A6,0,0,0,0,0,0,0,0,0,0,0
ECB01992,A6,0,0,0,0,0,0,0,0,0,0,0
ECB00021,A6,0,0,0,0,0,0,0,0,0,0,0
caiB,A6,0,0,0,0,0,0,0,0,0,0,0
yadG,A6,0,0,0,0,0,0,0,0,0,0,0
yafC,A6,0,0,0,0,0,0,0,0,0,0,0
queA,A6,0,0,0,0,0,0,0,0,0,0,0
arcC,A6,0,0,0,0,0,0,0,0,0,0,0
cusR,A6,0,0,0,0,0,0,0,0,0,0,0
lysQ,A6,0,0,0,0,0,0,0,0,0,0,0
moeB,A6,0,0,0,0,0,0,0,0,0,0,0
ftsK,A6,0,0,0,0,0,0,0,0,0,0,0
sapC,A6,0,0,0,0,0,0,0,0,0,0,0
ynjB,A6,0,0,0,0,0,0,0,0,0,0,0
ydjJ,A6,0,0,0,0,0,0,0,0,0,0,0
yegN,A6,0,0,0,0,0,0,0,0,0,0,0
ompC,A6,0,0,0,0,0,0,0,0,0,0,0
atoS,A6,0,0,0,0,0,0,0,0,0,0,0
menC,A6,0,0,0,0,0,0,0,0,0,0,0
fadL,A6,0,0,0,0,0,0,0,0,0,0,0
hyfA,A6,0,0,0,0,0,0,0,0,0,0,0
hcaD,A6,0,0,0,0,0,0,0,0,0,0,0
ygaZ,A6,0,0,0,0,0,0,0,0,0,0,0
gss,A6,0,0,0,0,0,0,0,0,0,0,0
rpoD,A6,0,0,0,0,0,0,0,0,0,0,0
ygjI,A6,0,0,0,0,0,0,0,0,0,0,0
yrdD,A6,0,0,0,0,0,0,0,0,0,0,0
rplF,A6,0,0,0,0,0,0,0,0,0,0,0
malT,A6,0,0,0,0,0,0,0,0,0,0,0
spoT,A6,0,0,0,0,0,0,0,0,0,0,0
yicL,A6,0,0,0,0,0,0,0,0,0,0,0
glmS,A6,0,0,0,0,0,0,0,0,0,0,0
pfkA,A6,0,0,0,0,0,0,0,0,0,0,0
rplL,A6,0,0,0,0,0,0,0,0,0,0,0
rpoB,A6,0,0,0,0,0,0,0,0,0,0,0
miaA,A6,0,0,0,0,0,0,0,0,0,0,0
hsdR,A6,0,0,0,0,0,0,0,0,0,0,0
ybaL,A6,0,0,0,0,0,0,0,0,0,0,0
mrdA,A6,0,0,0,0,0,0,0,0,0,0,0
nagC,A6,0,0,0,0,0,0,0,0,0,0,0
pykF,A6,0,0,0,0,0,0,0,0,0,0,0
yegI,A6,0,0,0,0,0,0,0,0,0,0,0
infB,A6,0,0,0,0,0,0,0,0,0,0,0
malT,A6,0,0,0,0,0,0,0,0,0,0,0
hslU,A6,0,0,0,0,0,0,0,0,0,0,0
nadR,A6,0,0,0,0,0,0,0,0,0,0,0
wecF,A6,0,0,0,0,0,0,0,0,0,0,0
pykF,A6,0,0,0,0,0,0,0,0,0,0,0
galR,A6,0,0,0,0,0,0,0,0,0,0,0
rep,A6,0,0,0,0,0,0,0,0,0,0,0
hslU,A6,0,0,0,0,0,0,0,0,0,0,0
topA,A6,0,0,0,0,0,0,0,0,0,0,0
pykF,A6,0,0,0,0,0,0,0,0,0,0,0
yijO,A6,0,0,0,0,0,0,0,0,0,0,0
yadH,A6,0,0,0,0,0,0,0,0,2,0,0
arcC,A6,0,0,0,0,0,0,0,0,0,0,0
gltA,A6,0,0,0,0,0,0,0,0,2,0,0
phoH,A6,0,0,0,0,0,0,0,0,0,0,0
narZ,A6,0,0,0,0,0,0,0,0,0,0,0
narZ,A6,0,0,0,0,0,0,0,0,2,0,0
ydfI,A6,0,0,0,0,0,0,0,0,0,0,0
ydjO,A6,0,0,0,0,0,0,0,0,0,0,0
yeaS,A6,0,0,0,0,0,0,0,0,0,0,0
manY,A6,0,0,0,0,0,0,0,0,2,0,0
yeeJ,A6,0,0,0,0,0,0,0,0,0,0,0
manC,A6,0,0,0,0,0,0,0,0,0,0,0
yegB,A6,0,0,0,0,0,0,0,0,2,0,0
ECB01992,A6,0,0,0,0,0,0,0,0,0,0,0
menC,A6,0,0,0,0,0,0,0,0,2,0,0
yfcTU,A6,0,0,0,0,0,0,0,0,0,0,0
ypeB,A6,0,0,0,0,0,0,0,0,0,0,0
maeB,A6,0,0,0,0,0,0,0,0,0,0,0
yfhM,A6,0,0,0,0,0,0,0,0,2,0,0
yfiQ,A6,0,0,0,0,0,0,0,0,0,0,0
ygaZ,A6,0,0,0,0,0,0,0,0,2,0,0
ECB02621,A6,0,0,0,0,0,0,0,0,0,0,0
rpsE,A6,0,0,0,0,0,0,0,0,0,0,0
rplF,A6,0,0,0,0,0,0,0,0,2,0,0
glpG,A6,0,0,0,0,0,0,0,0,2,0,0
ECB03460,A6,0,0,0,0,0,0,0,0,0,0,0
yicL,A6,0,0,0,0,0,0,0,0,2,0,0
yieH,A6,0,0,0,0,0,0,0,0,0,0,0
murI,A6,0,0,0,0,0,0,0,0,0,0,0
iclR,A6,0,0,0,0,0,0,0,0,2,0,0
actP,A6,0,0,0,0,0,0,0,0,2,0,0
yjcP,A6,0,0,0,0,0,0,0,0,0,0,0
yahA,A6,0,0,0,0,0,0,0,0,0,0,0
ybiN,A6,0,0,0,0,0,0,0,0,0,0,0
narH,A6,0,0,0,0,0,0,0,0,0,0,0
pykF,A6,0,0,0,0,0,0,0,0,0,0,0
astE,A6,0,0,0,0,0,0,0,0,0,0,0
ECB02837,A6,0,0,0,0,0,0,0,0,0,0,0
glgC,A6,0,0,0,0,0,0,0,0,0,0,0
nadR,A6,0,0,0,0,0,0,0,0,0,0,0
rnhA,A6,0,0,0,0,0,0,0,0,0,0,0
uvrB,A6,0,0,0,0,0,0,0,0,0,0,0
fimA,A6,0,0,0,0,0,0,0,0,0,0,0
ftsI,A6,0,0,0,0,0,0,0,0,0,0,0
yafM,A6,0,0,0,0,0,0,0,0,0,0,0
yagQ,A6,0,0,0,0,0,0,0,0,0,0,0
ybiN,A6,0,0,0,0,0,0,0,0,0,0,0
ybjE,A6,0,0,0,0,0,0,0,0,0,0,0
ydiQ,A6,0,0,0,0,0,0,0,0,0,0,0
yeaU,A6,0,0,0,0,0,0,0,0,0,0,0
hisL,A6,0,0,0,0,0,0,0,0,0,0,0
mepA,A6,0,0,0,0,0,0,0,0,0,0,0
hyfC,A6,0,0,0,0,0,0,0,0,0,0,0
kduD,A6,0,0,0,0,0,0,0,0,0,0,0
nusA,A6,0,0,0,0,0,0,0,0,0,0,0
glgA,A6,0,0,0,0,0,0,0,0,0,0,0
spoT,A6,0,0,0,0,0,0,0,0,0,0,0
pcnB,A6,0,0,0,0,0,0,0,0,0,0,0
araJ,A6,0,0,0,0,0,0,0,0,0,0,0
dhaM,A6,0,0,0,0,0,0,0,0,0,0,0
ynjI,A6,0,0,0,0,0,0,0,0,0,0,0
ECB02816,A6,0,0,0,0,0,0,0,0,0,0,0
yghJ,A6,0,0,0,0,0,0,0,0,0,0,0
ebgR,A6,0,0,0,0,0,0,0,0,0,0,0
arcB,A6,0,0,0,0,0,0,0,0,0,0,0
gltB,A6,0,0,0,0,0,0,0,0,0,0,0
rpsM,A6,0,0,0,0,0,0,0,0,0,0,0
glpE,A6,0,0,0,0,0,0,0,0,0,0,0
pflC,A6,0,0,0,0,0,0,0,0,0,0,0
iclR,A6,0,0,0,0,0,0,0,0,0,0,0
nadR,A6,0,0,0,0,0,0,0,0,0,0,0
pykF,A6,0,0,0,0,0,0,0,0,0,0,0
spoT,A6,0,0,0,0,0,0,0,0,0,0,0
yabN,A6,0,0,0,0,0,0,0,0,0,0,0
ybaL,A6,0,0,0,0,0,0,0,0,0,0,0
asnB,A6,0,0,0,0,0,0,0,0,0,0,0
rnd,A6,0,0,0,0,0,0,0,0,0,0,0
sdaA,A6,0,0,0,0,0,0,0,0,0,0,0
cycA,A6,0,0,0,0,0,0,0,0,0,0,0
yhhT,A6,0,0,0,0,0,0,0,0,0,0,0
mrdA,A6,0,0,0,0,0,0,0,0,0,0,0
ybiA,A6,0,0,0,0,0,0,0,0,0,0,0
fis,A6,0,0,0,0,0,0,0,0,0,0,0
iclR,A6,0,0,0,0,0,0,0,0,0,0,0
tig,A6,0,0,0,0,0,0,0,0,0,0,0
fadL,A6,0,0,0,0,0,0,0,0,0,0,0
alsC,A6,0,0,0,0,0,0,0,0,0,0,0
topA,A6,0,0,0,0,0,0,0,0,0,0,0
yabB,A6,0,0,0,0,2,0,0,0,0,0,0
ygiD,A6,0,0,0,0,0,0,0,0,0,0,0
infB,A6,0,0,0,0,0,0,0,0,0,0,0
cdh,A6,0,0,0,0,0,0,0,0,0,0,0
pykF,A6,0,0,0,0,0,0,0,0,0,0,0
plsX,A6,0,0,0,0,0,0,0,0,0,0,0
cspC,A6,0,0,0,0,0,0,0,0,0,0,0
proQ,A6,0,0,0,0,0,0,0,0,0,0,0
yedV,A6,0,0,0,0,0,0,0,0,0,0,0
yfiR,A6,0,0,0,0,0,0,0,0,0,0,0
yghB,A6,0,0,0,0,0,0,0,0,0,0,0
ygjG,A6,0,0,0,0,0,0,0,0,0,0,0
yqjK,A6,0,0,0,0,0,0,0,0,0,0,0
sspA,A6,0,0,0,0,0,0,0,0,0,0,0
yrfE,A6,0,0,0,0,0,0,0,0,0,0,0
ompR,A6,0,0,0,0,0,0,0,0,0,0,0
yiaV,A6,0,0,0,0,0,0,0,0,0,0,0
metL,A6,0,0,0,0,0,0,0,0,0,0,0
hemE,A6,0,0,0,0,0,0,0,0,0,0,0
rihB,A6,0,0,0,0,0,0,0,0,0,0,0
pykF,A6,0,0,0,0,0,0,0,0,0,0,0
rof,A6,0,0,0,0,0,0,0,0,0,0,0
aes,A6,0,0,0,0,0,0,0,0,0,0,0
ybbY,A6,0,0,0,0,0,0,0,0,0,0,0
ypdA,A6,0,0,0,0,0,0,0,0,0,0,0
hyfA,A6,0,0,0,0,0,0,0,0,0,0,0
ascB,A6,0,0,0,0,0,0,0,0,0,0,0
tolC,A6,0,0,0,0,0,0,0,0,0,0,0
yhbC,A6,0,0,0,0,0,0,0,0,0,0,0
smf,A6,0,0,0,0,0,0,0,0,0,0,0
rhsB,A6,0,0,0,0,0,0,0,0,0,0,0
yihF,A6,0,0,0,0,0,0,0,0,0,0,0
tpiA,A6,0,0,0,0,0,0,0,0,0,0,0
yjcE,A6,0,0,0,0,0,0,0,0,0,0,0
hpaI,A6,0,0,0,0,0,0,0,0,0,0,0
arcA,A6,0,0,0,0,0,0,0,0,0,0,0
pykF,A6,0,0,0,0,0,0,0,0,0,0,0
ECB02621,A6,0,0,0,0,0,0,0,0,0,0,0
ECB01081,A6,0,0,0,0,0,0,0,0,0,0,0
pykA,A6,0,0,0,0,0,0,0,0,0,0,0
nadR,A6,0,0,0,0,0,0,0,0,0,0,0
yddP,A6,0,0,0,0,0,0,0,0,0,0,0
yfjD,A6,0,0,0,0,0,0,0,0,0,0,0
aes,A6,0,0,0,0,0,0,0,0,0,0,0
pflB,A6,0,0,0,0,0,0,0,0,0,0,0
dam,A6,0,0,0,0,0,0,0,0,0,0,0
ECB01992,A6,0,0,0,0,0,0,0,0,0,0,0
fadA,A6,0,0,0,0,0,0,0,0,0,0,0
metL,A6,0,0,0,0,0,0,0,0,0,0,0
nhoA,A6,0,0,0,0,0,0,0,0,0,0,0
gyrB,A6,0,0,0,0,0,0,0,0,0,0,0
topA,A6,0,0,0,0,0,0,0,0,0,0,0
mreD,A6,0,0,0,0,0,0,0,0,0,0,0
ddl,A6,0,0,0,0,0,0,0,0,0,0,0
ybeQ,A6,0,0,0,0,0,0,0,0,0,0,0
ybiN,A6,0,0,0,0,0,0,0,0,0,0,0
solA,A6,0,0,0,0,0,0,0,0,0,0,0
rstB,A6,0,0,0,0,0,0,0,0,0,0,0
yejF,A6,0,0,0,0,0,0,0,0,0,0,0
hcaC,A6,0,0,0,0,0,0,0,0,0,0,0
sbm,A6,0,0,0,0,0,0,0,0,0,0,0
yiaT,A6,0,0,0,0,0,0,0,0,0,0,0
spoT,A6,0,0,0,0,0,0,0,0,0,0,0
ECB01992,A6,0,0,0,0,0,0,0,0,0,0,0
ygiP,A6,0,0,0,0,0,0,0,0,0,0,0
yagY,A6,0,0,0,0,0,0,0,0,0,0,0
ECB02851,A6,0,0,0,0,0,0,0,0,0,0,0
argR,A6,0,0,0,0,0,0,0,0,0,0,0
malT,A6,0,0,0,0,0,0,0,0,0,0,0
hflK,A6,0,0,0,0,0,0,0,0,0,0,0
sapF,A6,0,0,0,0,0,0,0,0,0,0,0
pqqL,A6,0,0,0,0,0,0,0,0,0,0,0
ECB01992,A6,0,0,0,0,0,0,0,0,0,0,0
mreB,A6,0,0,0,0,0,0,0,0,0,0,0
yhdG,A6,0,0,0,0,0,0,0,0,0,0,0
smf,A6,0,0,0,0,0,0,0,0,0,0,0
yabB,A6,0,0,0,0,0,0,0,0,0,0,0
pykF,A6,0,0,0,0,0,0,0,0,0,0,0
wzzE,A6,0,0,0,0,0,0,0,0,0,0,0
yijC,A6,0,0,0,0,0,0,0,0,0,0,0
iclR,A6,0,0,0,0,0,0,0,0,0,0,0
pykF,A6,0,0,0,0,0,0,0,0,0,0,0
eaeH,A6,0,0,0,0,0,0,0,0,0,0,0
dinI,A6,0,0,0,0,0,0,0,0,0,0,0
fadL,A6,0,0,0,0,0,0,0,0,0,0,0
iap,A6,0,0,0,0,0,0,0,0,0,0,0
leuA,A6,0,0,0,0,0,0,0,0,0,0,0
glnD,A6,0,0,0,0,0,0,0,0,0,0,0
yaeL,A6,0,0,0,0,0,0,0,0,0,0,0
yagU,A6,0,0,0,0,0,0,0,0,0,0,0
cusS,A6,0,0,0,0,0,0,0,0,0,0,0
tolR,A6,0,0,0,0,0,0,0,0,0,0,0
lrp,A6,0,0,0,0,0,0,0,0,0,0,0
ECB02001,A6,0,0,0,0,0,0,0,0,0,0,0
atoS,A6,0,0,0,0,0,0,0,0,0,0,0
purL,A6,0,0,0,0,0,0,0,0,0,0,0
yfiQ,A6,0,0,0,0,0,0,0,0,0,0,0
rhsB,A6,0,0,0,0,0,0,0,0,0,0,0
hsdM,A6,0,0,0,0,0,0,0,0,0,0,0
elaD,A6,0,0,0,0,0,0,0,0,0,0,0
hsdM,A6,0,0,0,0,0,0,0,0,0,0,0
eutC,A6,0,0,0,0,0,0,0,0,0,0,0
htrE,A6,0,0,0,0,0,0,0,0,0,0,0
yfeG,A6,0,0,0,0,0,0,0,0,0,0,0
yhiU,A6,0,0,0,0,0,0,0,0,0,0,0
ybjD,A6,0,0,0,0,0,0,0,0,0,0,0
fucI,A6,0,0,0,0,0,0,0,0,0,0,0
ECB02816,A6,0,0,0,0,0,0,0,0,0,0,0
feoB,A6,0,0,0,0,0,0,0,0,0,0,0
glpR,A6,0,0,0,0,0,0,0,0,0,0,0
deoC,A6,0,0,0,0,0,0,0,0,0,0,0
kdpB,A6,0,0,0,0,0,0,0,0,0,0,0
infB,A6,0,0,0,0,0,0,0,0,0,0,0
nadR,A6,0,0,0,0,0,0,0,0,0,0,0
htpG,A6,0,0,0,0,0,0,0,0,0,0,0
cls,A6,0,0,0,0,0,0,0,0,0,0,0
marA,A6,0,0,0,0,0,0,0,0,0,0,0
yehM,A6,0,0,0,0,0,0,0,0,0,0,0
ispF,A6,0,0,0,0,0,0,0,0,0,0,0
yhdJ,A6,0,0,0,0,0,0,0,0,0,0,0
nrfE,A6,0,0,0,0,0,0,0,0,0,0,0
mdoB,A6,0,0,0,0,0,0,0,0,0,0,0
shiA,A6,0,0,0,0,0,0,0,0,0,0,0
rhsB,A6,0,0,0,0,0,0,0,0,0,0,0
ydbH,A6,0,0,0,0,0,0,0,0,0,0,0
pykF,A6,0,0,0,0,0,0,0,0,0,0,0
mreD,A6,0,0,0,0,0,0,0,0,0,0,0
atoC,A6,0,0,0,0,0,0,0,0,0,0,0
gntR,A6,0,0,0,0,0,0,0,0,0,0,0
yegP,A6,0,0,0,0,0,0,0,0,0,0,0
yiaN,A6,0,0,0,0,0,0,0,0,0,0,0
hslU,A6,0,0,0,0,0,0,0,0,0,0,0
tilS,A6,0,0,0,0,0,0,0,0,0,0,0
bglJ,A6,0,0,0,0,0,0,0,0,0,0,0
ydaG,A6,0,0,0,0,0,0,0,0,0,0,0
gltI,A6,0,0,0,0,0,0,0,0,0,0,0
nagC,A6,0,0,0,0,0,0,0,0,0,0,0
rpsD,A6,0,0,0,0,0,0,0,0,0,0,0
yhbP,A6,0,0,0,0,0,0,0,0,0,0,0
trkG,A6,0,0,0,0,0,0,0,0,0,0,0
yeeA,A6,0,0,0,0,0,0,0,0,0,0,0
yfhB,A6,0,0,0,0,0,0,0,0,0,0,0
nrdE,A6,0,0,0,0,0,0,0,0,0,0,0
hypF,A6,0,0,0,0,0,0,0,0,0,0,0
yacH,A6,0,0,0,0,0,0,0,0,0,0,0
ykgA,A6,0,0,0,0,0,0,0,0,0,0,0
yaiT,A6,0,0,0,0,0,0,0,0,0,0,0
ybaL,A6,0,0,0,0,0,0,0,0,0,0,0
cusS,A6,0,0,0,0,0,0,0,0,0,0,0
asnB,A6,0,0,0,0,0,0,0,0,0,0,0
phoH,A6,0,0,0,0,0,0,0,0,0,0,0
mfd,A6,0,0,0,0,0,0,0,0,0,0,0
acpD,A6,0,0,0,0,0,0,0,0,0,0,0
fdnH,A6,0,0,0,0,0,0,0,0,0,0,0
ydeU,A6,0,0,0,0,0,0,0,0,0,0,0
pykF,A6,0,0,0,0,0,0,0,0,0,0,0
pykF,A6,0,0,0,0,0,0,0,0,0,0,0
astB,A6,0,0,0,0,0,0,0,0,0,0,0
ynjI,A6,0,0,0,0,0,0,0,0,0,0,0
ynjI,A6,0,0,0,0,0,0,0,0,0,0,0
ECB01992,A6,0,0,0,0,0,0,0,0,0,0,0
ECB02013,A6,0,0,0,0,0,0,0,0,0,0,0
gatZ,A6,0,0,0,0,0,0,0,0,0,0,0
yehM,A6,0,0,0,0,0,0,0,0,0,0,0
cirA,A6,0,0,0,0,0,0,0,0,0,0,0
glpT,A6,0,0,0,0,0,0,0,0,0,0,0
fadL,A6,0,0,0,0,0,0,0,0,0,0,0
ECB02512,A6,0,0,0,0,0,0,0,0,0,0,0
ECB02512,A6,0,0,0,0,0,0,0,0,0,0,0
metW,A6,0,0,0,0,0,0,0,0,0,0,0
kduD,A6,0,0,0,0,0,0,0,0,0,0,0
yqeB,A6,0,0,0,0,0,0,0,0,0,0,0
yggC,A6,0,0,0,0,0,0,0,0,0,0,0
flu,A6,0,0,0,0,0,0,0,0,0,0,0
ECB02816,A6,0,0,0,0,0,0,0,0,0,0,0
yhbX,A6,0,0,0,0,0,0,0,0,0,0,0
hflB,A6,0,0,0,0,0,0,0,0,0,0,0
mreC,A6,0,0,0,0,0,0,0,0,0,0,0
rpoA,A6,0,0,0,0,0,0,0,0,0,0,0
ugpQ,A6,0,0,0,0,0,0,0,0,0,0,0
slp,A6,0,0,0,0,0,0,0,0,0,0,0
yhjD,A6,0,0,0,0,0,0,0,0,0,0,0
yiaT,A6,0,0,0,0,0,0,0,0,0,0,0
tdh,A6,0,0,0,0,0,0,0,0,0,0,0
spoT,A6,0,0,0,0,0,0,0,0,0,0,0
phoU,A6,0,0,0,0,0,0,0,0,0,0,0
ECB03715,A6,0,0,0,0,0,0,0,0,0,0,0
ulaA,A6,0,0,0,0,0,0,0,0,0,0,0
cysQ,A6,0,0,0,0,0,0,0,0,0,0,0
hsdS,A6,0,0,0,0,0,0,0,0,0,0,0
nadR,A6,0,0,0,0,0,0,0,0,0,0,0
rne,A6,0,0,0,0,0,0,0,0,0,0,0
pykA,A6,0,0,0,0,0,0,0,0,0,0,0
fusA,A6,0,0,0,0,0,0,0,0,0,0,0
xasA,A6,0,0,0,0,0,0,0,0,0,0,0
nirC,A6,0,0,0,0,0,0,0,0,0,0,0
yqiG,A6,0,0,0,0,0,0,0,0,0,0,0
yhhA,A6,0,0,0,0,0,0,0,0,0,0,0
rhsB,A6,0,0,0,0,0,0,0,0,0,0,0
astD,A6,0,0,0,0,0,0,0,0,0,0,0
yhdX,A6,0,0,0,0,0,0,0,0,0,0,0
