Gene,Standard name ,Chr,Position,Reference,Alternate,AA_change,#mutations,Class,selective_pressure,Ploidy,Population,frequency,Found in clone?,Background,Reference,Snpeff,Detrimental,Beneficial
YIL125W,KGD1,chrIX,124839,C,T,,1,synonymous,phosphate,haploid,g1c1,clone,Y,FY,This study,Low,ave-MM1N-P,
YGR175C,ERG1,chrVII,847088,T,C,,2,Synonymous,sulfate,haploid,g1c1,clone,Y,FY,This study,Low,,
YJL098W,SAP185,chrX,243203,G,A,,1,synonymous,glucose,haploid,G1c1,clone,Y,FY,This study,Low,,
YLR394W,CST9,chrXII,908334,C,T,,1,synonymous,glucose,haploid,G1c1,clone,Y,FY,This study,Low,,
YLR403W,SFP1,chrXII,925770,C,T,,1,Synonymous,sulfate,haploid,g1c1,clone,Y,FY,This study,Low,av-CEN-S,
YHL025W,SNF6,chrVIII,,,,,1,Frameshift,glucose,haploid,G1c2,clone,Y,FY,This study,High,,
YDR277C,MTH1,chrIV,,,,,21,Frameshift,glucose,haploid,G2c2,clone,Y,FY,This study,High,,
YJL101C,GSH1,chrX,235232,G,C,F375L,4,Non-synonymous,glucose,diploid,G3,0.21,Y,FY,This study,Moderate,av-2mic-S,
YJL101C,GSH1,chrX,235579,A,G,F260L,4,Non-synonymous,glucose,diploid,G3,0.58,N,FY,This study,Moderate,av-2mic-S,
YOR384W,FRE5,chrXV,1062138,C,A,T192K,2,Non-synonymous,glucose,diploid,G3,0.53,Y,FY,This study,Moderate,ave-2mic-P,
YKL035W,UGP1,chrXI,371049,G,A,V387I,1,Non-synonymous,glucose,diploid,G3c1,clone,Y,FY,This study,Moderate,,
NA,NA,chrVII,440960,A,T,NA,1,intergenic,glucose,diploid,G3c2,clone,Y,FY,This study,Modifier,,
YMR265C,,chrXIII,797284,G,A,F214F,1,Synonymous,glucose,diploid,G3c2,clone,Y,FY,This study,Low,,
YJL101C,GSH1,chrX,235794,T,A,D188V,4,Non-synonymous,glucose,diploid,G4,0.95,Y,FY,This study,Moderate,av-2mic-S,
YOR384W,FRE5,chrXV,1062138,C,A,T192K,2,Non-synonymous,glucose,diploid,G4,0.53,Y,FY,This study,Moderate,ave-2mic-P,
YFL033C,RIM15,chrVI,69689,G,C,S1580*,11,STOP_GAINED,glucose,diploid,G4c1,clone,Y,FY,This study,High,,
YNL166C,BNI5,chrXIV,322466,C,A,R367I,1,Non-synonymous,glucose,diploid,G4c1,clone,Y,FY,This study,Moderate,,
YGL207W,SPT16,chrVII,100439,G,T,A491S,1,Non-synonymous,glucose,diploid,G4c2,clone,Y,FY,This study,Moderate,ave-2mic-P,
YNL268W,LYP1,chrXIV,138804,T,A,V85V,2,Synonymous,glucose,diploid,G4c2,clone,Y,FY,This study,Low,,
YBR003W,COQ1,chrII,243763,A,T,K319*,1,STOP_GAINED,glucose,diploid,G7,0.53,Y,CENPK,This study,High,av-CEN-G,
YKR086W,PRP16,chrXI,601791,G,T,L645F,1,Non-synonymous,glucose,diploid,G7,0.46,Y,CENPK,This study,Moderate,av-2mic-S,
NA,NA,chrIV,221515,T,C,NA,1,intergenic,glucose,diploid,G7c2,clone,Y,CENPK,This study,Modifier,,
NA,NA,chrXIII,432624,A,G,NA,1,intergenic,glucose,diploid,G7c2,clone,Y,CENPK,This study,Modifier,,
YOR152C,,chrXV,617622,A,C,S223A,1,Non-synonymous,glucose,diploid,G8,0.52,Y,CENPK,This study,Moderate,,av-CEN-G
YPL256C,CLN2,chrXVI,65476,G,T,S380*,1,STOP_GAINED,glucose,diploid,G8,0.5,Y,CENPK,This study,High,av-2mic-G,av-CEN-G
YDR436W,PPZ2,chrIV,1335566,G,T,R249I,1,Non-synonymous,glucose,diploid,G8c1,clone,Y,CENPK,This study,Moderate,av-2mic-S,
YDR156W,RPA14,chrIV,769328,G,A,NA,1,5'-upstream,phosphate,diploid,P3,0.54,Y,FY,This study,Modifier,,
YGR271W,SLH1,chrVII,1032267,C,A,I159I,2,Synonymous,phosphate,diploid,P3,0.46,Y,FY,This study,Low,,
YML123C,PHO84,chrXIII,25025,A,G,L259P,5,Non-synonymous,phosphate,diploid,P3,0.87,Y,FY,This study,Moderate,ave-CEN-P,
YNL036W,NCE103,chrXIV,560081,A,G,T90A,2,Non-synonymous,phosphate,diploid,P3,0.52,N,FY,This study,Moderate,,
YPR055W,SEC8,chrXVI,667520,T,G,NA,1,5'-upstream,phosphate,diploid,P3,0.5,Y,FY,This study,Modifier,,
NA,NA,chrVII,10700,G,T,NA,1,intergenic,phosphate,diploid,P3c1c2,clone,Y,FY,This study,Modifier,,
YJR041C,URB2,chrX,510710,T,G,E1018D,2,Non-synonymous,phosphate,diploid,P3c2,clone,Y,FY,This study,Moderate,,av-CEN-S
YAL063C,FLO9,chrI,24622,G,A,T1116I,1,Non-synonymous,phosphate,diploid,P4,0.33,N,FY,This study,Moderate,,
YML123C,PHO84,chrXIII,25025,A,G,L259P,5,Non-synonymous,phosphate,diploid,P4,clone,Y,FY,This study,Moderate,ave-CEN-P,
YNL036W,NCE103,chrXIV,560081,A,G,T90A,2,Non-synonymous,phosphate,diploid,P4,0.63,N,FY,This study,Moderate,,
YBR280C,SAF1,chrII,763712,G,T,A329D,1,Non-synonymous,phosphate,diploid,P4c1c2,clone,Y,FY,This study,Moderate,,
NA,NA,chrIV,722155,G,C,NA,1,intergenic,phosphate,diploid,P4c1c2,clone,Y,FY,This study,Modifier,,
YOR063W,RPL3,chrXV,444613,C,G,NA,1,5'-upstream,phosphate,diploid,P4c1c2,clone,Y,FY,This study,Modifier,,
YLR235C,,chrXII,611869,C,T,R21Q,1,Non-synonymous,phosphate,diploid,P4c2,clone,Y,FY,This study,Moderate,,
YBR140C,IRA1,chrII,526404,T,C,L75L,24,Synonymous,phosphate,haploid,P5,0.42,N,CENPK,This study,Low,,
YBR250W,SPO23,chrII,720006,G,T,S325I,1,Non-synonymous,phosphate,haploid,P5,0.5,Y,CENPK,This study,Moderate,,
YEL034W,HYP2,chrV,86108,G,A,E145K,1,Non-synonymous,phosphate,haploid,P5,0.4,N,CENPK,This study,Moderate,,
YML123C,PHO84,chrXIII,24202,C,A,L533F,5,Non-synonymous,phosphate,haploid,P5,0.36,N,CENPK,This study,Moderate,ave-CEN-P,
YNL216W,RAP1,chrXIV,243064,T,A,I459N,1,Non-synonymous,phosphate,haploid,P5,0.39,N,CENPK,This study,Moderate,,
YPR088C,SRP54,chrXVI,712789,A,G,I80I,1,Synonymous,phosphate,haploid,P5,0.56,N,CENPK,This study,Low,,
YLR138W,NHA1,chrXII,418712,A,G,P92P,1,Synonymous,phosphate,haploid,P5c3,clone,Y,CENPK,This study,Low,,
YLR436C,ECM30,chrXII,1008330,T,A,R972R,1,Synonymous,phosphate,haploid,P5c3,clone,Y,CENPK,This study,Low,av-MM1N-S,
YML069W,POB3,chrXIII,136355,G,C,V286L,2,Non-synonymous,phosphate,haploid,P5c3,clone,Y,CENPK,This study,Moderate,,av-CEN-S
YMR306W,FKS3,chrXIII,885153,T,C,F1332S,1,Non-synonymous,phosphate,haploid,P5c3,clone,Y,CENPK,This study,Moderate,,
YBR136W,MEC1,chrII,507748,A,T,Q694L,1,Non-synonymous,phosphate,haploid,P6,0.15,N,CENPK,This study,Moderate,av-MM1N-S,
YDR069C,DOA4,chrIV,585462,G,T,P753H,2,Non-synonymous,phosphate,haploid,P6,0.25,N,CENPK,This study,Moderate,,
YDR520C,URC2,chrIV,1481197,T,A,D736V,1,Non-synonymous,phosphate,haploid,P6,0.2,N,CENPK,This study,Moderate,,
YHR152W,SPO12,chrVIII,401803,G,C,V124L,1,Non-synonymous,phosphate,haploid,P6,clone,Y,CENPK,This study,Moderate,,
YML123C,PHO84,chrXIII,25655,G,A,A49V,5,Non-synonymous,phosphate,haploid,P6,0.98,Y,CENPK,This study,Moderate,ave-CEN-P,
NA,NA,chrXVI,619455,G,T,NA,1,intergenic,phosphate,haploid,P6,clone,Y,CENPK,This study,Modifier,,
YDR475C,JIP4,chrIV,1408563,G,A,A511V,1,Non-synonymous,phosphate,haploid,P6c1,clone,Y,CENPK,This study,Moderate,,
YER176W,ECM32,chrV,545020,C,A,Q1111K,1,Non-synonymous,phosphate,haploid,P6c1,clone,Y,CENPK,This study,Moderate,,
YMR115W,MGR3,chrXIII,499172,C,T,T490I,1,Non-synonymous,phosphate,haploid,P6c1,clone,Y,CENPK,This study,Moderate,,
YNL129W,NRK1,chrXIV,381852,G,A,V125I,1,Non-synonymous,phosphate,haploid,P6c1,clone,Y,CENPK,This study,Moderate,,
YDR057W,YOS9,chrIV,566605,T,C,C227R,1,Non-synonymous,phosphate,diploid,P7,0.25,N,CENPK,This study,Moderate,,
YBR251W,MRPS5,chrII,722215,A,T,I276F,1,Non-synonymous,phosphate,diploid,P7c1,clone,Y,CENPK,This study,Moderate,,
YDR458C,HEH2,chrIV,1380156,G,C,Q631E,1,Non-synonymous,phosphate,diploid,P7c1c2,clone,Y,CENPK,This study,Moderate,,
YIL129C,TAO3,chrIX,106373,C,G,D2289H,1,Non-synonymous,phosphate,diploid,P7c1c2,clone,Y,CENPK,This study,Moderate,,
YDR351W,SBE3,chrIV,1180831,A,G,G722G,3,Synonymous,phosphate,diploid,P8,0.46,Y,CENPK,This study,Low,,
YDR351W,SBE3,chrIV,1180833,T,G,I723S,3,Non-synonymous,phosphate,diploid,P8,0.47,Y,CENPK,This study,Moderate,,
YGR233C,PHO81,chrVII,957878,C,A,K111N,1,Non-synonymous,phosphate,diploid,P8,0.33,N,CENPK,This study,Moderate,,
YHR154W,RTT107,chrVIII,405576,A,T,T871S,2,Non-synonymous,phosphate,diploid,P8,0.4,N,CENPK,This study,Moderate,,
YLR303W,MET17,chrXII,732738,T,G,V66G,3,Non-synonymous,phosphate,diploid,P8,0.71,N,CENPK,This study,Moderate,,
YLR303W,MET17,chrXII,733032,C,T,P164L,3,Non-synonymous,phosphate,diploid,P8,0.28,N,CENPK,This study,Moderate,,
YML123C,PHO84,chrXIII,25025,A,G,L259P,5,Non-synonymous,phosphate,diploid,P8,0.88,Y,CENPK,This study,Moderate,ave-CEN-P,
YMR203W,TOM40,chrXIII,668379,G,T,NA,1,5'-upstream,phosphate,diploid,P8,0.42,Y,CENPK,This study,Modifier,,
YNL266W,,chrXIV,144232,G,T,NA,1,5'-upstream,phosphate,diploid,P8,0.5,N,CENPK,This study,Modifier,,
NA,NA,chrVII,707081,C,T,NA,1,intergenic,phosphate,diploid,P8c1,clone,Y,CENPK,This study,Modifier,,
YLR303W,MET17,chrXII,733569,G,T,G343V,3,Non-synonymous,phosphate,diploid,P8c1c2,clone,Y,CENPK,This study,Moderate,,
YDR393W,SHE9,chrIV,1259709,A,T,NA,1,5'-upstream,sulfate,haploid,s1020137c1,clone,Y,FY,This study,Modifier,av-MM1N-S,
NA,NA,chrXV,462573,T,G,NA,1,intergenic,sulfate,haploid,s1020237c1,clone,Y,FY,This study,Modifier,,
YGL066W,SGF73,chrVII,377675,C,T,Q23*,6,STOP_GAINED,sulfate,haploid,s1020237c2,clone,Y,FY,This study,High,,av-MM1N-S
YPL085W,SEC16,chrXVI,387713,C,G,T216R,2,Non-synonymous,sulfate,haploid,s1020237c3,clone,Y,FY,This study,Moderate,,
YGL066W,SGF73,chrVII,377954,G,T,E116*,6,STOP_GAINED,sulfate,haploid,s1020337c1,clone,Y,FY,This study,High,,av-MM1N-S
YDL209C,CWC2,chrIV,86566,G,C,L221V,1,Non-synonymous,sulfate,haploid,s1020437c1,clone,Y,FY,This study,Moderate,,
ARS1215,,chrXII,412705,C,A,,1,Intergenic,sulfate,haploid,s2010434c7,clone,Y,FY,This study,Modifier,,
NA,NA,chrXII,592691,C,A,NA,1,intergenic,sulfate,haploid,s2010434c7,clone,Y,FY,This study,Modifier,,
YPL058C,PDR12,chrXVI,446623,C,A,S1252I,2,Non-synonymous,sulfate,haploid,s2010434c7,clone,Y,FY,This study,Moderate,,
YPR143W,RRP15,chrXVI,818974,G,T,,1,Non-synonymous,sulfate,haploid,s2010434c7,clone,Y,FY,This study,Moderate,,
YBR233W,PBP2,chrII,683763,C,G,Y127*,2,STOP_GAINED,sulfate,haploid,s2c2,clone,Y,FY,This study,High,,
YGR072W,UPF3,chrVII,634320,G,T,G6W,2,Non-synonymous,sulfate,haploid,s2c2,clone,Y,FY,This study,Moderate,,
YKL020C,SPT23,chrXI,401335,T,A,Q249L,1,Non-synonymous,sulfate,diploid,S3c1,clone,Y,FY,This study,Moderate,,
YNL077W,APJ1,chrXIV,482180,C,T,Q264*,2,STOP_GAINED,sulfate,diploid,S3c1,0,Y,FY,This study,High,av-MM1N-G,
YOL122C,SMF1,chrXV,91494,C,A,NA,2,5'-upstream,sulfate,diploid,S3c1,clone,Y,FY,This study,Modifier,,
YDL024C,DIA3,chrIV,408808,T,A,G350G,1,Synonymous,sulfate,diploid,S3c2,clone,Y,FY,This study,Low,,
YEL043W,,chrV,73343,T,Frameshift,S956T,1,Non-synonymous,sulfate,diploid,S3c2,clone,Y,FY,This study,Moderate,ave-MM1N-P,
YLR228C,ECM22,chrXII,600021,A,C,*815E,1,START_LOST,sulfate,diploid,S3c2,clone,Y,FY,This study,High,,
YLR423C,ATG17,chrXII,972238,G,A,S311S,1,Synonymous,sulfate,diploid,S3c2,clone,Y,FY,This study,Low,,
YNL268W,LYP1,chrXIV,139801,G,T,V418F,2,Non-synonymous,sulfate,diploid,S3c2,clone,Y,FY,This study,Moderate,,
YNL103W,MET4,chrXIV,429481,C,T,Q583*,2,STOP_GAINED,sulfate,diploid,S3c2,clone,Y,FY,This study,High,av-2mic-S,
NA,NA,chrIII,78919,G,T,NA,1,intergenic,sulfate,diploid,S4c1,clone,Y,FY,This study,Modifier,,
NA,NA,chrIII,123328,C,A,NA,1,intergenic,sulfate,diploid,S4c1,clone,Y,FY,This study,Modifier,,
YEL007W,MIT1,chrV,142132,T,G,Y81D,1,Non-synonymous,sulfate,diploid,S4c1,clone,Y,FY,This study,Moderate,,
YNL061W,NOP2,chrXIV,510521,C,A,NA,1,5'-upstream,sulfate,diploid,S4c1,clone,Y,FY,This study,Modifier,,
YOR212W,STE4,chrXV,743588,G,T,A227S,7,Non-synonymous,sulfate,haploid,s611c1,clone,Y,FY,This study,Moderate,,
YBR157C,ICS2,chrII,553923,G,C,P130A,1,Non-synonymous,sulfate,haploid,s611pop,NA,NA,FY,This study,Moderate,av-2mic-G,
NA,NA,chrII,589509,G,A,NA,1,intergenic,sulfate,haploid,s611pop,NA,NA,FY,This study,Modifier,,
YBR200W,BEM1,chrII,621456,T,C,A195A,1,Synonymous,sulfate,haploid,s611pop,NA,Y,FY,This study,Low,av-MM1N-S,av-CEN-G
YBR294W,SUL1,chrII,789984,C,A,N250K,4,Non-synonymous,sulfate,haploid,s611pop,NA,NA,FY,This study,Moderate,av-MM2N-S,av-2mic-S
YBR294W,SUL1,chrII,790021,A,C,N263H,4,Non-synonymous,sulfate,haploid,s611pop,NA,Y,FY,This study,Moderate,av-MM2N-S,av-2mic-S
NA,NA,chrII,792057,C,G,NA,1,intergenic,sulfate,haploid,s611pop,NA,NA,FY,This study,Modifier,,
YDL215C,GDH2,chrIV,71989,C,Frameshift,A644T,1,Non-synonymous,sulfate,haploid,s611pop,NA,Y,FY,This study,Moderate,av-MM2N-G,
YDL018C,ERP3,chrIV,422927,G,C,S195C,1,Non-synonymous,sulfate,haploid,s611pop,NA,NA,FY,This study,Moderate,av-CEN-S,
YDR349C,YPS7,chrIV,1173163,G,C,A338A,1,Synonymous,sulfate,haploid,s611pop,NA,Y,FY,This study,Low,av-MM2N-G,
YDR392W,SPT3,chrIV,1259708,A,C,*338S,1,START_LOST,sulfate,haploid,s611pop,NA,NA,FY,This study,High,,
YIR007W,,chrIX,371812,A,C,Q370P,1,Non-synonymous,sulfate,haploid,s611pop,NA,NA,FY,This study,Moderate,,
YEL022W,GEA2,chrV,114635,A,T,E1072V,1,Non-synonymous,sulfate,haploid,s611pop,NA,NA,FY,This study,Moderate,,
YER153C,PET122,chrV,474697,G,C,Q37E,1,Non-synonymous,sulfate,haploid,s611pop,NA,NA,FY,This study,Moderate,,
YGL083W,SCY1,chrVII,353892,A,C,K279Q,1,Non-synonymous,sulfate,haploid,s611pop,NA,NA,FY,This study,Moderate,,
YGL066W,SGF73,chrVII,377610,T,A,M1K,6,START_LOST,sulfate,haploid,s611pop,NA,Y,FY,This study,High,,av-MM1N-S
NA,NA,chrVII,690044,T,G,NA,1,intergenic,sulfate,haploid,s611pop,NA,Y,FY,This study,Modifier,,
YKL203C,TOR2,chrXI,60753,C,T,L869L,2,Synonymous,sulfate,haploid,s611pop,NA,Y,FY,This study,Low,,
YKR070W,,chrXI,573565,G,C,NA,1,5'-upstream,sulfate,haploid,s611pop,NA,NA,FY,This study,Modifier,,
YLR142W,PUT1,chrXII,425387,C,T,L68F,1,Non-synonymous,sulfate,haploid,s611pop,NA,NA,FY,This study,Moderate,,
YML100W,TSL1,chrXIII,72813,G,T,L730F,1,Non-synonymous,sulfate,haploid,s611pop,NA,NA,FY,This study,Moderate,,
YNR063W,,chrXIV,747783,A,T,T281S,1,Non-synonymous,sulfate,haploid,s611pop,NA,NA,FY,This study,Moderate,,
YPL244C,HUT1,chrXVI,88183,G,T,NA,1,5'-upstream,sulfate,haploid,s611pop,NA,Y,FY,This study,Modifier,av-CEN-G,
YPL125W,KAP120,chrXVI,315368,C,T,H661Y,1,Non-synonymous,sulfate,haploid,s611pop,NA,Y,FY,This study,Moderate,,
YPL095C,EEB1,chrXVI,368665,G,C,N259K,1,Non-synonymous,sulfate,haploid,s611pop,NA,Y,FY,This study,Moderate,av-CEN-S,
YPR158W,CUR1,chrXVI,843318,A,T,G19G,2,Synonymous,sulfate,haploid,s611pop,NA,NA,FY,This study,Low,,
YDR089W,,chrIV,623541,G,T,G477V,1,Non-synonymous,sulfate,haploid,s612c1 ,clone,Y,FY,This study,Moderate,,
YER111C,SWI4,chrV,385880,T,C,NA,1,5'-upstream,sulfate,haploid,s612c1 ,clone,Y,FY,This study,Modifier,av-MM1N-S,
NA,NA,chrX,585671,G,C,NA,1,intergenic,sulfate,haploid,s612c1 ,clone,Y,FY,This study,Modifier,,
YBL063W,KIP1,chrII,104100,C,T,Q739*,1,STOP_GAINED,sulfate,haploid,s612pop,NA,Y,FY,This study,High,,av-CEN-G
YBR294W,SUL1,chrII,789984,C,A,N250K,4,Non-synonymous,sulfate,haploid,s612pop,NA,NA,FY,This study,Moderate,av-MM2N-S,av-2mic-S
YGL108C,,chrVII,303734,C,T,R113H,1,Non-synonymous,sulfate,haploid,s612pop,NA,Y,FY,This study,Moderate,av-MM2N-G,
YJR089W,BIR1,chrX,588764,C,A,G349G,1,Synonymous,sulfate,haploid,s612pop,NA,Y,FY,This study,Low,,
YJR126C,VPS70,chrX,656622,C,G,D690H,2,Non-synonymous,sulfate,haploid,s612pop,NA,Y,FY,This study,Moderate,av-CEN-S,
YKL165C,MCD4,chrXI,138609,T,C,I695V,1,Non-synonymous,sulfate,haploid,s612pop,NA,Y,FY,This study,Moderate,,
YKR054C,DYN1,chrXI,538335,C,G,E3197D,1,Non-synonymous,sulfate,haploid,s612pop,NA,Y,FY,This study,Moderate,ave-MM1N-P,
YJL034W,KAR2,chrX,383182,T,G,V619G,1,Non-synonymous,phosphate,diploid,S7,0.61,Y,CENPK,This study,Moderate,,
YLL005C,SPO75,chrXII,139735,T,A,K271I,1,Non-synonymous,sulfate,diploid,S7,0.33,N,CENPK,This study,Moderate,,
YBR150C,TBS,chrII,542750,T,C,K582E,2,Non-synonymous,sulfate,diploid,S7c1,clone,Y,CENPK,This study,Moderate,,
YLR101C (also in YLR100W),Dubious (ERG27),chrXII,342704,G,T,S86R,1,Non-synonymous,sulfate,diploid,S7c1,clone,Y,CENPK,This study,Moderate,,
YNL206C,RTT106,chrXIV,257531,G,A,L209L,1,Synonymous,sulfate,diploid,S7c1c2,clone,Y,CENPK,This study,Low,av-MM1N-S,
YNL123W,NMA111,chrXIV,395006,G,T,V108F,1,Non-synonymous,sulfate,diploid,S7c1c2,0.18,Y,CENPK,This study,Moderate,av-CEN-G,av-CEN-S
YJL036W,SNX4,chrX,379115,C,G,I97M,1,Non-synonymous,sulfate,diploid,S7c2,clone,Y,CENPK,This study,Moderate,,av-CEN-G
YLR319C,BUD6,chrXII,770121,G,A,H522Y,1,Non-synonymous,sulfate,diploid,S7c2,clone,Y,CENPK,This study,Moderate,,av-MM2N-G
YOL125W,TRM13,chrXV,83891,C,A,Q20K,1,Non-synonymous,sulfate,diploid,S7c2,clone,Y,CENPK,This study,Moderate,,
YDR354W,TRP4,chrIV,1184764,G,T,L6F,1,Non-synonymous,sulfate,diploid,S8c1,clone,Y,CENPK,This study,Moderate,,
YHR091C,MSR1,chrVIII,286423,C,T,V116V,1,Synonymous,sulfate,diploid,S8c1,clone,Y,CENPK,This study,Low,,
YHR155W,YSP1,chrVIII,409041,G,A,D647N,1,Non-synonymous,sulfate,diploid,S8c1,clone,Y,CENPK,This study,Moderate,,
YJL106W,IME2,chrX,221887,G,A,S166S,1,Synonymous,sulfate,diploid,S8c1,clone,Y,CENPK,This study,Low,,
YNL181W,,chrXIV,299460,C,A,Q376K,1,Non-synonymous,sulfate,diploid,S8c1,clone,Y,CENPK,This study,Moderate,,