paper,dataset_name,environment,generation,day,flask,selective_pressure,species,ploidy,strain_info,c_hyper,p_chisq,estimate,N_genes.notParallel,N_genes.parallel,parallel_genes,who_analyzed,func
Anand2019,Anand2019_menF_entC_ubiC,M9 minimal medium,NA,41,NA,iron (FeSO4),Ecoli_K12,haploid,"Missing menF, entC, & ubiC genes",10.399,0.005,0.013,16,1,efeU,TL,single_long
Avrani2017,Avrani2017,LB,NA,11,NA,Resource exhaustion,Ecoli_K12,haploid,NA,30.109,0.005,0.004,9,5,"cytR, deoR, rhaT, rpoB, rpoC",TL,single_long
Boyle2017,Boyle2017,LB,49,NA,NA,LB,P_aeruginosa_PA14,haploid,cbrA deleted,50.647,0.005,0.001,4,4,"cbrA, crc, hfq, PA1429390",TL,single_long
Chib2017,Chib2017,LB,NA,28,NA,Prolonged stationary phase,Ecoli_K12,haploid,NA,54.359,0.005,0.013,20,35,"araD, cpdA, cysK, dctA, dgsA, fhuA, fliC, folD, icd, insH, malQ, murD, nuoF, prsA, rpoC, rpoS, rpsL, sdhB, tar, tnaA, trpA, visC, ybgO, ybjJ, ycdT, ychS, ydcI, ydhK, yebS, yfbS, ygeV, yhdE, yiaJ, ynbD, yneI",TL,single_long
Conrad2009,Conrad2009_A_to_E,M9,1100,NA,NA,Lactate,Ecoli_K12,haploid,NA,4.177,0.005,0.009,12,3,"crp, hfq, ppsA",TL,single_long
Conrad2009,Conrad2009_F_to_K,M9,750,NA,NA,Lactate,Ecoli_K12,haploid,NA,5.754,0.005,0.012,17,4,"kdtA, proQ, rpoB, rpoC",TL,single_long
Creamer2016,Creamer2016,LBK medium,2000,NA,NA,benzoate,Ecoli_K12,haploid,NA,13.267,0.005,0.018,35,33,"aceA, add, ariRymgB, bcsB, cpxA, cspC, fimA, fimE, folD, frlD, fucA, gadX, hfq, hrpA, lptD imp, ltaE, mdtA, narH, nupG, pqqL, rfaY, rnb, rob, rpoA, rpoB, rpoD, ycjM, yeaR, yejM, yfhM, yhiS, yjgN, yqiG",MH,single_long
Dai2018,Dai2018,Minimal glucose medium,NA,40,NA,Minimal glucose medium,Sac,haploid,NA,35.723,0.005,0.004,12,6,"GPD1, HXK2, MED2, MED3, MHO1, SIW14",TL,single_long
Deatherage2017,Deatherage2017,Glucose minimal medium,2000,NA,NA,Temperature,Ecoli_K12,haploid,NA,26.84,0.005,0.013,32,12,"fimA, gltB, hslU, iclR, mrdA, pykF, rpsA, rpsD, spoT, topA, ybaL, yeiB",MH,single_long
Du2019,Du2019,Minimal glucose medium,NA,NA,intermediate,pH 5.5,Ecoli_K12,haploid,NA,66.151,0.005,0.002,0,7,"nagA, phoQ, rpoC, ycjX, yejH, yjcB, yraJ",L,multiple_wide
Du2019,Du2019,Minimal glucose medium,NA,NA,late,pH 5.5,Ecoli_K12,haploid,NA,66.151,0.005,0.001,0,6,"ilvL, rho, rpoC, tam, ycgJ, yiaA",L,multiple_wide
Echenique2019,Echenique2019_ADE2,YPD,500,NA,NA,YPD,Sac,haploid,ADE2 deleted,9.894,0.005,0.013,24,2,"ADE4, STE11",TL,single_long
Echenique2019,Echenique2019_BMH1,YPD,500,NA,NA,YPD,Sac,haploid,BMH1 deleted,0,0.005,1,5,0,NA,TL,single_long
Echenique2019,Echenique2019_COQ2,YPD,500,NA,NA,YPD,Sac,haploid,COQ2 deleted,0,0.96,1,7,0,NA,TL,single_long
Echenique2019,Echenique2019_COX6,YPD,500,NA,NA,YPD,Sac,haploid,COX6 deleted,0,0.01,1,15,0,NA,TL,single_long
Echenique2019,Echenique2019_CTF19,YPD,500,NA,NA,YPD,Sac,haploid,CTF19 deleted,4.754,0.005,0.008,10,1,PDE2,TL,single_long
Echenique2019,Echenique2019_ELP4,YPD,500,NA,NA,YPD,Sac,haploid,ELP4 deleted,0,0.03,1,4,0,NA,TL,single_long
Echenique2019,Echenique2019_HXK2,YPD,500,NA,NA,YPD,Sac,haploid,HXK2 deleted,8.527,0.005,0.006,9,1,ATP2,TL,single_long
Echenique2019,Echenique2019_IML3,YPD,500,NA,NA,YPD,Sac,haploid,IML3 deleted,32.685,0.005,0.001,3,1,IRA1,TL,single_long
Echenique2019,Echenique2019_KTI12,YPD,500,NA,NA,YPD,Sac,haploid,KTI12 deleted,0,0.005,1,5,0,NA,TL,single_long
Echenique2019,Echenique2019_SOK2,YPD,500,NA,NA,YPD,Sac,haploid,SOK2 deleted,0,0.005,1,5,0,NA,TL,single_long
Echenique2019,Echenique2019_VPS29,YPD,500,NA,NA,YPD,Sac,haploid,VPS29 deleted,0,0.89,1,8,0,NA,TL,single_long
Flynn2014,Flynn2014_biofilm,M63,102,NA,NA,Polystyrene beads,P_aeruginosa_PA14,haploid,biofilm-evolved,6.483,0.005,0.346,445,31,"acoR, amrB, cheA, gltB, mfd, orfH, PA1401100, PA1402290, PA1407660, PA1410770, PA1411830, PA1414510, PA1415780, PA1420100, PA1421690, PA1428770, PA1431850, PA1438580, PA1445480, PA1447370, PA1448610, PA1455400, PA1455600, PA1461200, PA1462190, PA1468250, pscL, pvdD, pvdJ, selB, trpI",TL,multiple_wide
Flynn2014,Flynn2014_biofilm,M63,150,NA,NA,Polystyrene beads,P_aeruginosa_PA14,haploid,biofilm-evolved,0,0.465,1,227,1,PA1448320,TL,multiple_wide
Flynn2014,Flynn2014_biofilm,M63,264,NA,NA,Polystyrene beads,P_aeruginosa_PA14,haploid,biofilm-evolved,4.978,0.005,1,756,26,"gbuR, lysC, mdoH, mntH2, mutS, PA1400490, PA1401100, PA1402990, PA1411030, PA1413150, PA1419190, PA1423670, PA1428620, PA1438580, PA1442950, PA1452260, PA1453500, PA1453900, PA1458250, PA1459800, PA1464580, PA1465795, PA1471750, pvdJ, rcsC, wbpM",TL,multiple_wide
Flynn2014,Flynn2014_biofilm,M63,396,NA,NA,Polystyrene beads,P_aeruginosa_PA14,haploid,biofilm-evolved,6.529,0.005,0.567,755,55,"anr, cobN, cysG, flhA, lepA, lpxC, narG, nrdA, oprP, orfJ, PA1402220, PA1405450, PA1410830, PA1411630, PA1413150, PA1414420, PA1415580, PA1419450, PA1421020, PA1423670, PA1434000, PA1434130, PA1436020, PA1438580, PA1439770, PA1440260, PA1441730, PA1442670, PA1445970, PA1446270, PA1448160, PA1448470, PA1450600, PA1452250, PA1452260, PA1457470, PA1458900, PA1461200, PA1462190, PA1463730, PA1466160, PA1467530, PA1469520, PA1471750, PA1472320, PA1473150, pauA, pilF, purB, pvdJ, pvdL, rcsC, rpoB, sucA, thiL",TL,multiple_wide
Flynn2014,Flynn2014_biofilm,M63,450,NA,NA,Polystyrene beads,P_aeruginosa_PA14,haploid,biofilm-evolved,6.248,0.005,0.412,537,38,"amiA, anr, carB, chpA, mutS, PA1402420, PA1405450, PA1410770, PA1410830, PA1416300, PA1417820, PA1418830, PA1420780, PA1421700, PA1423670, PA1438580, PA1448470, PA1449620, PA1452260, PA1455200, PA1455470, PA1459800, PA1461200, PA1462190, PA1465860, PA1466000, PA1467530, PA1468250, PA1469300, PA1471140, PA1471280, PA1471750, PA1473140, panE, pchE, pchF, rpoB, rpoC",TL,multiple_wide
Flynn2014,Flynn2014_biofilm,M63,540,NA,NA,Polystyrene beads,P_aeruginosa_PA14,haploid,biofilm-evolved,6.959,0.005,0.368,509,39,"anr, exoU, exsC, glpD, gltK, gltR, mrcB, mutS, PA1400760, PA1405450, PA1419310, PA1423670, PA1432790, PA1433610, PA1435020, PA1436110, PA1437830, PA1438580, PA1438930, PA1440260, PA1441730, PA1449620, PA1452250, PA1452260, PA1456890, PA1461200, PA1461990, PA1464030, PA1464710, PA1465860, PA1466380, PA1469520, PA1471750, phaC2, pilB, pyoS3A, pyrC, rbsR, rpoB",TL,multiple_wide
Flynn2014,Flynn2014_planktonic,M63,396,NA,NA,No polystyrene beads,P_aeruginosa_PA14,haploid,planktonic-evolved,21.658,0.005,0.024,57,10,"glpR, orfN, PA1400760, PA1401160, PA1419940, PA1443080, PA1443610, PA1446980, PA1451650, PA1461200",TL,multiple_wide
Flynn2014,Flynn2014_planktonic,M63,540,NA,NA,No polystyrene beads,P_aeruginosa_PA14,haploid,planktonic-evolved,21.658,0.005,0.024,57,10,"glpR, orfN, PA1400760, PA1401160, PA1419940, PA1443080, PA1443610, PA1446980, PA1451650, PA1461200",TL,multiple_wide
Griffith2019,Griffith2019_pH_6.5,Modified LBK medium,1000,NA,NA,pH 6.5,Ecoli_K12,haploid,NA,9.993,0.005,0.092,120,175,"accD, acrB, alaS, ansA, araA, argO, asnC, atoE, bcsB, bcsE, betI, bioF, blc, ccmA, chaA, cusS, cyaA, cysA, dapF, dcm, dgsA, dinG, dsdX, emrA, emrB, entB, exbB, exuT, fdnG, feaB, fhuB, fimE, fliK, focB, frmA, fusA, gabT, gadA, gapA, garK, garP, gcvP, glcB, glgX, gltB, gudD, hemF, hybD, hycH, hyuA, iap, icd, ilvC, insDinsC, insH, insI, insL, intS, ivy, kgtP, ldhA, lepB, leuV, lhr, lon, lpd, lysU, mazG, mdoH, menC, mepA, metC, metG, metH, metJ, metQ, mmuP, mprA, mutL, mutS, mutY, mviM, nhaB, nirC, nrdA, nrdB, nudF, oxc, pepA, pitA, plsB, ppdC, prlC, proP, proS, pspF, puuB, recJ, relA, rhaA, rhsD, rne, rrsG, rzpD, selA, sgcA, sohA, sprT, sstT, stfQ, tdcB, torS, tsx, visC, wcaC, wzxC, yabI, yabQ, yafU, yagM, yahJ, yaiU, ybdH, ybhS, ycbX, ycdC, ychM, yciS, ycjG, ydcM, ydcU, ydeK, ydhH, ydhK, ydhP, ydiD, yeaW, yedW, yeeF, yeeR, yegD, yegE, yegS, yejH, yfcG, yfcJ, yfcU, yfgL, yfiO, yfjH, yfjK, yfjP, ygcL, ygeF, ygjP, yhaK, yhgF, yhhT, yhjK, yicN, yidH, yieG, yiiQ, yjbI, yjfK, yjgN, yjhR, yjiK, ykgC, yoaE, ypjD, yqeH, yqhC, yqiK, ytfR",TL,single_long
Griffith2019,Griffith2019_pH_8,Modified LBK medium,1000,NA,NA,pH 8,Ecoli_K12,haploid,NA,21.615,0.005,0.01,23,9,"adhE, cecR, crr, cyaA, emrB, fimE, mprA, plsB, rng",TL,single_long
He2017,He2017,Malic acid-supplemented LBK,2000,NA,NA,pH 4.6 - 4.8,Ecoli_K12,haploid,NA,11.587,0.005,0.013,21,4,"cadC, icd, rpoC, yejM",TL,single_long
Hong2011,Hong2011,Galactose minimal media,400,NA,NA,Galactose,Sac,haploid,NA,2.347,0.005,0.061,33,1,YNL098C,TL,single_long
Jerison2017,Jerison2017,SC,500,NA,NA,HT,Sac,haploid,NA,4.618,0.005,0.081,228,22,"BFR2, BMS1, ENP2, GPB1, GPB2, GYP6, IMH1, IRA1, IRA2, KRE33, NNK1, PDE2, RPS8A, RRP3, RXT3, SIR2, SIR3, SIR4, SRS2, UBA2, UTP20, YLR072W",MH,multiple_long
Jerison2017,Jerison2017,SC,500,NA,NA,OT,Sac,haploid,NA,5.445,0.005,0.039,112,16,"BFR2, BMS1, BUD23, CRM1, ENP2, GPB1, IRA1, IRA2, KRE33, LTE1, PDE2, RPS6A, SIR3, SIR4, STE11, UTP20",MH,multiple_long
Kacar2017,Kacar2017,Minimal glucose medium,500,NA,NA,Minimal glucose medium,Ecoli_K12,haploid,Native tufB replaced by inferred ancestor,26.293,0.005,0.002,5,1,0,TL,multiple_wide
Kacar2017,Kacar2017,Minimal glucose medium,1000,NA,NA,Minimal glucose medium,Ecoli_K12,haploid,Native tufB replaced by inferred ancestor,26.6,0.005,0.003,7,1,0,TL,multiple_wide
Kacar2017,Kacar2017,Minimal glucose medium,1500,NA,NA,Minimal glucose medium,Ecoli_K12,haploid,Native tufB replaced by inferred ancestor,35.639,0.005,0.003,8,1,0,TL,multiple_wide
Kacar2017,Kacar2017,Minimal glucose medium,2000,NA,NA,Minimal glucose medium,Ecoli_K12,haploid,Native tufB replaced by inferred ancestor,23.514,0.005,0.006,13,1,0,TL,multiple_wide
Keane2014,Keane2014,YPD,440,NA,NA,YPD,Sac,haploid,msh2 deleted,2.889,0.005,0.259,269,15,"R0010WR0040C, YAL013W, YAL063C, YDL159W, YDR381W, YDR494W, YDR544C, YGL041C, YGL197W, YGR107W, YHR211W, YIL123W, YJR154W, YKL072W, YNL192W",TL,multiple_wide
Keane2014,Keane2014,YPD,1100,NA,NA,YPD,Sac,haploid,msh2 deleted,4.952,0.005,0.234,368,42,"R0010WR0040C, YAL013W, YAL063C, YBR097W, YBR115C, YBR140C, YBR150C, YCL034W, YCR048W, YDL115C, YDL159W, YDR178W, YDR181C, YDR293C, YDR350C, YDR494W, YDR544C, YGL041C, YGL197W, YGR107W, YHR009C, YHR043C, YHR211W, YIL123W, YJL123C, YJR154W, YJR160C, YKR054C, YLR140W, YLR184W, YLR279W, YMR115W, YMR207C, YMR306W, YNL008C, YNL083W, YNL192W, YNR075W, YOR038C, YOR149C, YOR255W, YPR117W",TL,multiple_wide
Keane2014,Keane2014,YPD,1540,NA,NA,YPD,Sac,haploid,msh2 deleted,8.593,0.005,0.252,589,108,"R0010WR0040C, YAL003W, YAL013W, YAL026C, YAL063C, YBL035C, YBR007C, YBR090C, YBR097W, YBR115C, YBR119W, YBR140C, YBR148W, YBR150C, YBR178W, YBR203W, YBR226C, YBR292C, YCL024W, YCL034W, YCR048W, YDL018C, YDL115C, YDL159W, YDL196W, YDR178W, YDR181C, YDR223W, YDR293C, YDR350C, YDR381W, YDR494W, YDR509W, YDR520C, YDR544C, YER132C, YER133W, YFL053W, YFR047C, YGL041C, YGL059W, YGL197W, YGL229C, YGR001C, YGR107W, YGR108W, YGR139W, YGR154C, YGR258C, YGR265W, YGR274C, YHR043C, YHR095W, YHR173C, YIL049W, YIL123W, YIL127C, YJL123C, YJL207C, YJR071W, YJR087W, YJR098C, YJR154W, YKL072W, YKL115C, YKL129C, YKL134C, YKL222C, YKR011C, YKR015C, YKR040C, YLR030W, YLR140W, YLR184W, YLR202C, YLR260W, YLR279W, YLR309C, YLR311C, YLR454W, YMR076C, YMR115W, YMR160W, YMR187C, YMR207C, YNL008C, YNL083W, YNL103W, YNL192W, YNL196C, YNL243W, YNL269W, YNR067C, YNR075W, YOR029W, YOR038C, YOR128C, YOR197W, YOR255W, YOR298W, YOR392W, YPL048W, YPL121C, YPL195W, YPL218W, YPR029C, YPR061C, YPR117W",TL,multiple_wide
Keane2014,Keane2014,YPD,1980,NA,NA,YPD,Sac,haploid,msh2 deleted,5.552,0.005,0.326,605,91,"R0010WR0040C, YAL013W, YAL063C, YAL064W, YAR014C, YBL035C, YBR119W, YBR148W, YBR150C, YBR178W, YBR203W, YBR262C, YBR264C, YBR272C, YCL024W, YCL034W, YCR048W, YDL018C, YDL194W, YDL221W, YDR109C, YDR178W, YDR223W, YDR293C, YDR340W, YDR350C, YDR534C, YDR544C, YER003C, YER032W, YER047C, YER133W, YFR047C, YGL041C, YGL062W, YGL197W, YGR001C, YGR107W, YGR108W, YGR245C, YGR249W, YGR265W, YGR271W, YHL024W, YHL050C, YHR095W, YHR173C, YIL049W, YIL092W, YIL123W, YJL113W, YJL162C, YJL207C, YJR098C, YJR147W, YKL134C, YKL217W, YKL220C, YKL222C, YKR007W, YKR011C, YKR015C, YKR040C, YKR095W, YLR030W, YLR087C, YLR140W, YLR184W, YLR309C, YMR065W, YMR076C, YMR186W, YMR207C, YNL083W, YNL179C, YNL269W, YNL338W, YNR053C, YOL123W, YOR029W, YOR038C, YOR128C, YOR197W, YOR199W, YOR227W, YOR255W, YOR298W, YOR392W, YPL121C, YPL157W, YPR061C",TL,multiple_wide
Keane2014,Keane2014,YPD,2200,NA,NA,YPD,Sac,haploid,msh2 deleted,7.904,0.005,0.333,718,124,"Q0045, R0010WR0040C, YAL003W, YAL013W, YBL012C, YBR007C, YBR090C, YBR119W, YBR148W, YBR150C, YBR178W, YBR202W, YBR226C, YBR235W, YBR262C, YBR264C, YBR292C, YCL024W, YCL034W, YCR048W, YDL018C, YDL079C, YDL145C, YDL194W, YDL196W, YDL221W, YDR109C, YDR178W, YDR181C, YDR223W, YDR350C, YDR381W, YER032W, YER047C, YER133W, YGL059W, YGL197W, YGL229C, YGR001C, YGR107W, YGR108W, YGR274C, YGR283C, YHL041W, YHR043C, YHR077C, YHR095W, YHR173C, YIL049W, YIL085C, YIL092W, YIL123W, YIL127C, YIL149C, YJL079C, YJL207C, YJR071W, YJR098C, YJR147W, YKL030W, YKL044W, YKL115C, YKL129C, YKL134C, YKL220C, YKL222C, YKR011C, YKR015C, YKR040C, YKR054C, YKR060W, YKR095W, YLR014C, YLR030W, YLR087C, YLR111W, YLR140W, YLR184W, YLR223C, YLR260W, YLR279W, YLR309C, YLR311C, YLR454W, YML090W, YML096W, YMR076C, YMR160W, YMR186W, YMR207C, YMR210W, YMR313C, YNL008C, YNL083W, YNL125C, YNL179C, YNL192W, YNL196C, YNL268W, YNL269W, YNL286W, YNR075W, YOL120C, YOL123W, YOR029W, YOR038C, YOR128C, YOR182C, YOR197W, YOR199W, YOR227W, YOR229W, YOR233W, YOR255W, YOR298W, YOR308C, YOR392W, YPL120W, YPL121C, YPL143W, YPL157W, YPL195W, YPL218W, YPR061C",TL,multiple_wide
Khare2015,Khare2015,LB,NA,15,NA,pvdJ spent media,Ecoli_K12,haploid,NA,28.264,0.005,0.003,6,1,mprA,TL,single_long
Kintses2019,Kintses2019,MS,120,NA,NA,HBD-3,Ecoli_K12,haploid,NA,10.907,0.005,0.008,12,2,"basR, waaY",TL,single_long
Kryazhimskiy2014,Kryazhimskiy2014_L003,YPD,500,NA,NA,YPD,Sac,haploid,Founder L003,0.687,0.005,0.094,67,4,"ACE2, CDC28, SUR2, YEL023C",TL,single_long
Kryazhimskiy2014,Kryazhimskiy2014_L013,YPD,500,NA,NA,YPD,Sac,haploid,Founder L013,0.722,0.005,0.119,67,3,"BRR2, KEL1, SFL1",TL,single_long
Kryazhimskiy2014,Kryazhimskiy2014_L041,YPD,500,NA,NA,YPD,Sac,haploid,Founder L041,1.388,0.005,0.086,66,2,"GAT2, HSL1",TL,single_long
Kryazhimskiy2014,Kryazhimskiy2014_L048,YPD,500,NA,NA,YPD,Sac,haploid,Founder L048,1.283,0.005,0.105,73,3,"ACE2, NUP85, PSR2",TL,single_long
Kryazhimskiy2014,Kryazhimskiy2014_L094,YPD,500,NA,NA,YPD,Sac,haploid,Founder L094,1.079,0.005,0.16,110,4,"APL4, CKA2, IRA1, MSH3",TL,single_long
Kryazhimskiy2014,Kryazhimskiy2014_L096a,YPD,500,NA,NA,YPD,Sac,haploid,Founder L096a,0.49,0.075,0.102,38,1,GRR1,TL,single_long
Kryazhimskiy2014,Kryazhimskiy2014_L096b,YPD,500,NA,NA,YPD,Sac,haploid,Founder L096b,1.922,0.005,0.068,45,1,IRA2,TL,single_long
Kryazhimskiy2014,Kryazhimskiy2014_L098,YPD,500,NA,NA,YPD,Sac,haploid,Founder L098,0.282,0.015,0.19,71,2,"ANP1, CSI1",TL,single_long
Kryazhimskiy2014,Kryazhimskiy2014_L102,YPD,500,NA,NA,YPD,Sac,haploid,Founder L102,1.085,0.005,0.086,49,1,SUN4,TL,single_long
Kryazhimskiy2014,Kryazhimskiy2014_L102a,YPD,500,NA,NA,YPD,Sac,haploid,Founder L102a,1.98,0.025,0.029,20,1,ACE2,TL,single_long
Kryazhimskiy2014,Kryazhimskiy2014_S002,YPD,500,NA,NA,YPD,Sac,haploid,Founder S002,0.387,0.005,0.174,68,2,"MIG1, PTR2",TL,single_long
Kryazhimskiy2014,Kryazhimskiy2014_S028,YPD,500,NA,NA,YPD,Sac,haploid,Founder S028,0.279,0.005,0.18,69,2,"CBK1, SFL1",TL,single_long
Kryazhimskiy2014,Kryazhimskiy2014_S121,YPD,500,NA,NA,YPD,Sac,haploid,Founder S121,0.341,0.015,0.206,74,2,"HMG1, WHI2",TL,single_long
KuzdzalFick2018,KuzdzalFick2018,YPD,NA,28,NA,M9 minimal medium,Sac,haploid,"TBR1, a segregant obtained by multiple crosses of baking strains.",28.728,0.005,0.003,9,3,"YBR158WCDSAMN1, YDR170CCDSSEC7, YJL123CCDSMTC1",TL,single_long
Lang2013,Lang2013,YPD,140,NA,NA,YPD,Sac,haploid,NA,1.743,0.005,0.058,113,11,"ACE2, GAS1, GPB1, IRA1, PDR5, PSE1, ROT2, STE12, STE4, TAF12, YUR1",MH,multiple_wide
Lang2013,Lang2013,YPD,240,NA,NA,YPD,Sac,haploid,NA,2.022,0.005,0.084,178,24,"ACE2, ECM21, FKS1, GAS1, GAT2, GCN1, GPB1, HAP1, HSL1, IRA1, KEG1, KRE5, PDR5, PSE1, ROT2, RPG1, RPO31, SET4, STE12, STE4, TUL1, WHI2, YMR102C, YUR1",MH,multiple_wide
Lang2013,Lang2013,YPD,335,NA,NA,YPD,Sac,haploid,NA,2.575,0.005,0.104,239,32,"ACE2, CTS1, CWH41, ECM21, FKS1, GAS1, GAT2, GCN1, GPB1, HAP1, HSL1, IRA1, KEG1, KRE5, KRE6, PDE2, PDR5, PMD1, PSE1, RCK2, ROT2, RPG1, RPO31, SET4, SFL1, STE11, STE12, STE4, TUL1, WHI2, YHR033W, YUR1",MH,multiple_wide
Lang2013,Lang2013,YPD,415,NA,NA,YPD,Sac,haploid,NA,2.809,0.005,0.117,275,39,"ACE2, ANP1, AXL2, CTS1, CWH41, DOT6, FKS1, GAL4, GAS1, GAT2, GCN1, GPB1, HAP1, HSL1, ILS1, IRA1, IRA2, KEG1, KEL1, KRE5, KRE6, PDE2, PDR5, PMD1, PSE1, RCK2, ROT2, RPG1, RPO31, SET4, SFL1, STE11, STE12, STE4, TUL1, WHI2, YGR266W, YMR102C, YUR1",MH,multiple_wide
Lang2013,Lang2013,YPD,505,NA,NA,YPD,Sac,haploid,NA,3.216,0.005,0.126,306,53,"ACE2, AXL2, CNE1, CRF1, CWH41, DOT6, FKS1, FYV8, GAS1, GAT2, GCN1, GPB1, GPB2, HAP1, HSL1, ILS1, IRA1, IRA2, KEG1, KEL1, KRE5, KRE6, MDN1, MPT5, NUP57, PDE2, PDR5, PEP8, PMD1, PSE1, RCK2, ROT2, RPG1, RPO31, SAY1, SET4, SFL1, SKI2, STE11, STE12, STE4, STE5, SVF1, TDA9, TUL1, WHI2, YGR266W, YHR033W, YLR177W, YMR102C, YNL190W, YPR117W, YUR1",MH,multiple_wide
Lang2013,Lang2013,YPD,585,NA,NA,YPD,Sac,haploid,NA,2.609,0.005,0.151,351,57,"ACE2, ANP1, AXL2, CNE1, CRF1, CTS1, CWH41, DOT6, ECM21, ERG11, FKS1, GAL11, GAS1, GAT2, GPB1, GPB2, HAP1, HSL1, ILS1, IRA1, IRA2, KEG1, KEL1, KRE5, KRE6, MDN1, MPT5, NUP57, PDE2, PDR5, PEP8, PMD1, PMT1, PSE1, PTR2, RAD2, ROT2, RPG1, RPO31, SAY1, SEC6, SEC7, SET4, SFL1, STE11, STE12, STE4, STE5, STE6, TUL1, WHI2, YGR266W, YHR033W, YLR177W, YMR102C, YNL190W, YUR1",MH,multiple_wide
Lang2013,Lang2013,YPD,665,NA,NA,YPD,Sac,haploid,NA,2.895,0.005,0.157,372,63,"ACE2, ANP1, AXL2, CCW12, CDC39, CNE1, CRF1, CTS1, CWH41, DOT6, ERG11, FKS1, FLR1, FYV8, GAL11, GAL4, GAS1, GAT2, GPB1, GPB2, HAP1, ILS1, IRA1, IRA2, KEL1, KRE5, KRE6, MDN1, MPT5, NUP57, PDR5, PEP8, PMD1, PMT1, PSE1, PTR2, RAD2, RCK2, ROT2, RPO31, SAY1, SEC6, SEC7, SET4, SFL1, SIN3, STE11, STE12, STE4, STE5, STE6, TAF12, TDA9, TUL1, WHI2, YGR266W, YHR033W, YLR177W, YMR102C, YMR124W, YNL190W, YPR117W, YUR1",MH,multiple_wide
Lang2013,Lang2013,YPD,745,NA,NA,YPD,Sac,haploid,NA,2.539,0.005,0.171,401,70,"ACE2, ANP1, AXL2, CCW12, CMK2, CNE1, CRF1, CSE1, CTS1, CWH41, DOT6, ERG11, FKS1, FLR1, GAL11, GAL4, GAS1, GAT2, GPB1, GPB2, HAP1, HSL1, ILS1, IRA1, IRA2, KEL1, KEL3, KRE5, KRE6, MDN1, MOT3, MPT5, NUP57, PDR5, PEP8, PMD1, PMT1, PSE1, PTR2, RAD2, ROG3, ROT2, RPO31, SAY1, SEC6, SEC7, SET4, SFL1, SIN3, SKI2, STE11, STE12, STE4, STE5, STE6, SVF1, TAF12, TDA9, TUL1, UTH1, WHI2, YGR266W, YHR033W, YJL171C, YLR177W, YMR102C, YMR124W, YNL190W, YPR117W, YUR1",MH,multiple_wide
Lang2013,Lang2013,YPD,825,NA,NA,YPD,Sac,haploid,NA,2.78,0.005,0.176,416,66,"ACE2, ANP1, CCW12, CMK2, CNE1, CSE1, CTS1, CWH41, ECM21, ERG11, FKS1, FLR1, GAL11, GAL4, GAS1, GAT2, GCN1, GPB1, GPB2, HAP1, HSL1, ILS1, IRA1, IRA2, KEL1, KEL3, KRE5, KRE6, MOT3, MPT5, NUP57, PDR5, PEP8, PMD1, PMT1, PSE1, PTR2, RAD2, ROG3, ROT2, RPG1, RPO31, SAY1, SEC6, SEC7, SET4, SFL1, SIN3, SKI2, STE11, STE12, STE4, STE5, SVF1, TAF12, TDA9, TUL1, UTH1, WHI2, YHR033W, YJL171C, YLR177W, YMR102C, YMR124W, YNL190W, YUR1",MH,multiple_wide
Lang2013,Lang2013,YPD,910,NA,NA,YPD,Sac,haploid,NA,3.019,0.005,0.174,418,68,"ACE2, ANP1, CCW12, CDC39, CMK2, CNE1, CRF1, CSE1, CTS1, CWH41, ECM21, ERG11, FKS1, FLR1, FYV8, GAL11, GAL4, GAS1, GAT2, GCN1, GPB1, GPB2, HAP1, HSL1, ILS1, IRA1, IRA2, KEL1, KEL3, KRE5, KRE6, MOT3, MPT5, NUP57, PDR5, PMD1, PMT1, PSE1, PTR2, RAD2, ROG3, ROT2, RPO31, SAY1, SEC6, SEC7, SET4, SFL1, SIN3, SKI2, STE11, STE12, STE4, STE5, SVF1, TAF12, TDA9, TUL1, UTH1, WHI2, YGR266W, YHR033W, YJL171C, YLR177W, YMR102C, YMR124W, YNL190W, YUR1",MH,multiple_wide
Lang2013,Lang2013,YPD,1000,NA,NA,YPD,Sac,haploid,NA,2.84,0.005,0.168,402,62,"ACE2, ANP1, AXL2, CCW12, CDC39, CMK2, CNE1, CSE1, CTS1, CWH41, DOT6, ECM21, ERG11, FKS1, FLR1, FYV8, GAL11, GAS1, GAT2, GCN1, GPB1, GPB2, HAP1, HSL1, IRA1, IRA2, KEL1, KEL3, KRE5, KRE6, MOT3, MPT5, NUP57, PDR5, PMD1, PMT1, PSE1, PTR2, RAD2, RCK2, ROT2, RPO31, SET4, SFL1, SIN3, SKI2, STE11, STE12, STE4, STE5, TAF12, TDA9, TUL1, UTH1, WHI2, YHR033W, YJL171C, YLR177W, YMR102C, YMR124W, YNL190W, YUR1",MH,multiple_wide
Long2017,Long2017,Glucose minimal media,NA,50,NA,Glucose minimal media,Ecoli_K12,haploid,pgi deleted,10.817,0.005,0.008,15,9,"cpxR, nagC, pntA, pntB, prophage, rpoA, rpoB, rpoS, sthA",MH,single_long
McCloskey2018,McCloskey2018_Evo,M9 minimal medium,NA,35,NA,M9 minimal medium,Ecoli_K12,haploid,Evo,10.579,0.005,0.026,58,29,"ackA, crp, cyaA, galR, glnD, iap, ilvG, insH1, menC, nagA, nagC, nagE, nemR, phoB, phoR, pstA, ptsG, pykF, rapA, rcsB, rpoC, rpoD, rrfB, rsxC, spf, sucA, ydbA, yidX, yrfF",TL,single_long
McCloskey2018,McCloskey2018_gnd,M9 minimal medium,NA,35,NA,M9 minimal medium,Ecoli_K12,haploid,gnd,22.02,0.005,0.003,6,1,insH1,TL,single_long
McCloskey2018,McCloskey2018_pgi,M9 minimal medium,NA,35,NA,M9 minimal medium,Ecoli_K12,haploid,pgi,15.04,0.005,0.011,25,6,"ackA, crp, insH1, rapA, rpoD, spf",TL,single_long
McCloskey2018,McCloskey2018_ptsHIcrr,M9 minimal medium,NA,35,NA,M9 minimal medium,Ecoli_K12,haploid,ptsHIcrr,15.595,0.005,0.008,16,5,"cyaA, insH1, rcsB, ydbA, yrfF",TL,single_long
McCloskey2018,McCloskey2018_sdhCB,M9 minimal medium,NA,35,NA,M9 minimal medium,Ecoli_K12,haploid,sdhCB,28.098,0.005,0.003,6,4,"glnD, iap, insH1, sucA",TL,single_long
McCloskey2018,McCloskey2018_tpiAE,M9 minimal medium,NA,35,NA,M9 minimal medium,Ecoli_K12,haploid,tpiAE,30.604,0.005,0.006,10,15,"galR, insH1, menC, nagA, nagC, nagE, nemR, phoB, phoR, pstA, ptsG, pykF, rpoC, rrfB, yidX",TL,single_long
Monk2016,Monk2016,LB alternating with M9GBT (M9 + glucose + biotin + thiamine),NA,18,NA,TAG amber codons replaced with TAA stop codons,Ecoli_K12,haploid,NA,53.231,0.005,0,1,1,folA,TL,single_long
Morgenthaler2019,Morgenthaler2019,M9,NA,42,NA,M9,Ecoli_K12,haploid,NA,66.151,0.005,0.011,0,48,"aaaE, aceF, argD, argE, argO, asd, bcsA, bcsB, bcsG, carB, ccmB, copA, feaB, fixC, gltB, gltD, greA, helD, hisP, icd, lhr, lysC, mltF, mqo, pbpC, polA, prlF, proA, proP, proY, pspF, puuB, rapA, rcsC, rne, rpoC, rsxC, srmB, sufB, sufC, topA, yaiS, ydbA, yeeJ, yeeR, yehH, ygcB, ypaA",TL,multiple_wide
Morgenthaler2019,Morgenthaler2019,M9,NA,50,NA,M9,Ecoli_K12,haploid,NA,66.151,0.005,0.011,0,48,"aaaE, aceF, argD, argE, argO, asd, bcsA, bcsB, bcsG, carB, ccmB, copA, feaB, fixC, gltB, gltD, greA, helD, hisP, icd, lhr, lysC, mltF, mqo, pbpC, polA, prlF, proA, proP, proY, pspF, puuB, rapA, rcsC, rne, rpoC, rsxC, srmB, sufB, sufC, topA, yaiS, ydbA, yeeJ, yeeR, yehH, ygcB, ypaA",TL,multiple_wide
Mundhada2017,Mundhada2017,M9 minimal medium + glucose + acetate,650,NA,NA,glucose + acetate,Ecoli_K12,haploid,NA,29.09,0.005,0.007,16,5,"chbF, crl, cyoB, eno, thrA",TL,single_long
Payen2016,Payen2016_dip,phosphate,20,NA,NA,phosphate,Sac,diploid,diploid,3.913,0.005,0.007,12,2,"YML123C, YNL036W",MH,multiple_long
Payen2016,Payen2016_hap,LB,20,NA,NA,phosphate,Sac,haploid,haploid,16.539,0.005,0.004,8,1,YML123C,MH,multiple_long
Sandberg2014,Sandberg2014,Glucose minimal media,NA,45,NA,heat (42 degrees C),Ecoli_K12,haploid,NA,7.082,0.005,0.05,83,23,"abgB, araG, dnaQ, hfq, hrpB, mlaE, mutL, nagA, nagC, pykF, rffD, rne, rpoC, secD, ydcD, ydgC, yehC, yehQ, yfdI, yffS, yhhZ, yjjI, ymfE",MH,single_long
Sandberg2016,Sandberg2016,Davis minimal medium,NA,NA,23,13C isotope,Ecoli_K12,haploid,NA,15.42,0.005,0.002,3,2,"rhsE, rpoB",MH,multiple_wide
Sandberg2016,Sandberg2016,Davis minimal medium,NA,NA,58,13C isotope,Ecoli_K12,haploid,NA,34.132,0.005,0.002,5,1,rpoB,MH,multiple_wide
Sandberg2016,Sandberg2016,Davis minimal medium,NA,NA,133,13C isotope,Ecoli_K12,haploid,NA,24.328,0.005,0.005,10,2,"rhsE, rpoB",MH,multiple_wide
Sandberg2017,Sandberg2017_ac,M9 minimal medium + acetate,1000,NA,NA,acetate,Ecoli_K12,haploid,NA,29.883,0.005,0.004,10,4,"crl, fliK, rho, tnaA",TL,single_long
Sandberg2017,Sandberg2017_glu_ac,M9 minimal medium + glucose + acetate,650,NA,NA,glucose + acetate,Ecoli_K12,haploid,NA,28.738,0.005,0.009,21,9,"gatC, icd, ptsP, pykF, rhsD, rhsE, rpoB, rpoC, yobF",TL,single_long
Sandberg2017,Sandberg2017_glu_gly,M9 minimal medium + glucose + glycerol,1170,NA,NA,glucose + glycerol,Ecoli_K12,haploid,NA,33.052,0.005,0.004,10,4,"gatC, glpK, rhsE, rpoB",TL,single_long
Sandberg2017,Sandberg2017_glu_xyl,M9 minimal medium + glucose + xylose,1180,NA,NA,glucose + xylose,Ecoli_K12,haploid,NA,16.382,0.005,0.3,167,4,"gatC, relA, rhsE, rpoC",TL,single_long
Sandberg2017,Sandberg2017_xyl,M9 minimal medium + xylose,1000,NA,NA,xylose,Ecoli_K12,haploid,NA,18.765,0.005,0.017,26,4,"crl, rho, rpoC, xylR",TL,single_long
Sandra2016,Sandra2016,M9 minimal medium,NA,8,NA,Combined UVA and UVB irradiation,Ecoli_K12,haploid,NA,16.714,0.005,0.027,46,2,"icd, thiI",TL,single_long
Saxer2014,Saxer2014_ancestorA,BHI,765,NA,NA,Rich media (BBL BHI),Ecoli_K12,haploid,NA,37.497,0.005,0.075,2,327,"2-amino-3-ketobutyrate coenzyme A ligase EC 23129, 2-dehydro-3-deoxyphosphogalactonate aldolase EC 41221, 2-Keto-3-deoxy-D-manno-octulosonate-8-phosphate synthase EC 25155, 2-oxoglutarate dehydrogenase E1 component EC 1242, 23-bisphosphoglycerate-independent phosphoglycerate mutase EC 5421, 2345-tetrahydropyridine-26-dicarboxylate N-succinyltransferase EC 231117, 3-methyl-2-oxobutanoate hydroxymethyltransferase EC 21211, 3-oxoacyl-acyl-carrier protein reductase EC 111100, 3-oxoacyl-acyl-carrier-protein synthase KASI EC 23141, 3-oxoacyl-acyl-carrier-protein synthase KASII EC 23141, 3-oxoacyl-acyl-carrier-protein synthase KASIII EC 23141, 4-Hydroxy-2-oxoglutarate aldolase EC 41316 / 2-dehydro-3-deoxyphosphogluconate aldolase EC 41214, 6-phosphogluconolactonase EC 31131, ABC transporter ATP-binding protein, Acetate kinase EC 2721, Aconitate hydratase 2 EC 4213  2-methylisocitrate dehydratase EC 42199, Adenylosuccinate synthetase EC 6344, Aerobic respiration control protein arcA, Agmatinase EC 35311, Alkyl hydroperoxide reductase protein C EC 164-, Alpha-aspartyl dipeptidase Peptidase E EC 341321, Aminomethyltransferase glycine cleavage system T protein EC 21210, Arginine ABC transporter periplasmic arginine-binding protein ArtI, Aspartate carbamoyltransferase regulatory chain PyrI, Aspartate-semialdehyde dehydrogenase EC 12111, ATP synthase beta chain EC 36314, ATP synthase delta chain EC 36314, ATP synthase gamma chain EC 36314, Bacterioferritin Ecolicontig0004136524128Bacterioferritin, Carbamoyl-phosphate synthase small chain EC 6355, Carbon storage regulator, Catalase EC 11116 / Peroxidase EC 11117, Cell division topological specificity factor MinE, Chaperone HdeA, Chaperone HdeB, Chaperone protein DnaK, Chaperone protein hchA, Cysteine synthase EC 25147, Cytidine deaminase EC 3545, Cytoplasmic protein YaiB, D-3-phosphoglycerate dehydrogenase EC 11195, Dihydrodipicolinate reductase EC 13126, Dihydrolipoamide dehydrogenase of pyruvate dehydrogenase complex EC 1814  Dihydrolipoamide dehydrogenase EC 1814, Dihydrolipoamide succinyltransferase component E2 of 2-oxoglutarate dehydrogenase complex EC 23161, DNA-binding protein H-NS, DNA-directed RNA polymerase omega subunit EC 2776, Ecolicontig00001126901127206, Ecolicontig000011676817421, Ecolicontig00001211037211429, Ecolicontig00001223263224090, Ecolicontig00001224195225358, Ecolicontig000016646966972, Ecolicontig00002143000143332, Ecolicontig000026285863856, Ecolicontig000027047871362, Ecolicontig00003106892107383, Ecolicontig00003120053120937, Ecolicontig00003150419150679, Ecolicontig00003202553202828, Ecolicontig000037610776679, Ecolicontig000041051111020, Ecolicontig00004112217112648, Ecolicontig00004122859124142, Ecolicontig00004124412124747, Ecolicontig00004151826153079, Ecolicontig000041836319154, Ecolicontig000044383946118, Ecolicontig000046464665359, Ecolicontig0000470868057, Ecolicontig000051906920244, Ecolicontig000052044322089, Ecolicontig00006107825108829, Ecolicontig00006129169129741, Ecolicontig000063182032260, Ecolicontig000064354744650, Ecolicontig000068707588697, Ecolicontig000071016411312, Ecolicontig00007107118108575, Ecolicontig00007110932113451, Ecolicontig00007128045128839, Ecolicontig0000788879708, Ecolicontig00008108643108981, Ecolicontig00008122244123104, Ecolicontig00008135347135646, Ecolicontig00008136790137341, Ecolicontig000082765728628, Ecolicontig000088289183934, Ecolicontig000092098521446, Ecolicontig000093302034372, Ecolicontig000099295694254, Ecolicontig00010110642111607, Ecolicontig00010118981120273, Ecolicontig000102581426560, Ecolicontig000102696427467, Ecolicontig000108170182432, Ecolicontig000108339683911, Ecolicontig000115895959891, Ecolicontig000116579467014, Ecolicontig000117963680418, Ecolicontig000118063981421, Ecolicontig000119275593957, Ecolicontig000122589826545, Ecolicontig000125124852201, Ecolicontig000125315953893, Ecolicontig000125442855669, Ecolicontig000129634497594, Ecolicontig0001314382079, Ecolicontig000135735957856, Ecolicontig000135959760262, Ecolicontig0001369728414, Ecolicontig000143111831516, Ecolicontig000144278144196, Ecolicontig000147005371435, Ecolicontig000147146272325, Ecolicontig000147393074463, Ecolicontig000149033891228, Ecolicontig000152550525948, Ecolicontig0001544186064, Ecolicontig000165038752567, Ecolicontig000165448455587, Ecolicontig000172132822068, Ecolicontig0001735624656, Ecolicontig000173686537785, Ecolicontig000174069441848, Ecolicontig000175368254728, Ecolicontig000175580756133, Ecolicontig000181060010809, Ecolicontig000182060621796, Ecolicontig000182492625177, Ecolicontig000182599527539, Ecolicontig000183209033286, Ecolicontig000185964759922, Ecolicontig000191409114573, Ecolicontig000194772648154, Ecolicontig000195008550648, Ecolicontig000196104361900, Ecolicontig000197710079340, Ecolicontig00019978110689, Ecolicontig000204490245978, Ecolicontig00021674859, Ecolicontig000217022071932, Ecolicontig000221524515592, Ecolicontig000221686917450, Ecolicontig0002218822316, Ecolicontig000223919640200, Ecolicontig0002256256146, Ecolicontig000232228622495, Ecolicontig000233531336503, Ecolicontig000235160452293, Ecolicontig000236281864122, Ecolicontig000241283414465, Ecolicontig000253080531239, Ecolicontig000254474245692, Ecolicontig000262354823979, Ecolicontig000274966850606, Ecolicontig000283395834752, Ecolicontig000283751738341, Ecolicontig0002893399539, Ecolicontig000293253433202, Ecolicontig000295335854419, Ecolicontig000342625228018, Ecolicontig000342803428750, Ecolicontig000342895131752, Ecolicontig000343176732984, Ecolicontig000343335034516, Ecolicontig000343451635385, Ecolicontig000361711218107, Ecolicontig000371483316074, Ecolicontig000371611216339, Ecolicontig000392163222045, Ecolicontig000392297623434, Ecolicontig000392991430978, Ecolicontig000401343415101, Ecolicontig000402411424830, Ecolicontig000403548236069, Ecolicontig000403833940255, Ecolicontig0004052046427, Ecolicontig000413617936688, Ecolicontig0004136524128, Ecolicontig000422244523854, Ecolicontig000432020521623, Ecolicontig000433001154, Ecolicontig000441497115405, Ecolicontig000442962929967, Ecolicontig000443007130403, Ecolicontig000453512735732, Ecolicontig000462088321671, Ecolicontig000491650018140, Ecolicontig000505901990, Ecolicontig0005153485926, Ecolicontig000542680628095, Ecolicontig000542810729696, Ecolicontig000551938419788, Ecolicontig000552109321542, Ecolicontig0005530423557, Ecolicontig000581975220045, Ecolicontig0005964287279, Ecolicontig000621310813461, Ecolicontig000661181812471, Ecolicontig0006756966628, Ecolicontig0006780519199, Ecolicontig0006791969813, Ecolicontig0006985366, Ecolicontig000701074411364, Ecolicontig000706661304, Ecolicontig0007642764527, Ecolicontig0007944095221, Ecolicontig0007952255491, Ecolicontig00085296901, Ecolicontig0008733503976, Ecolicontig0009113402665, Ecolicontig000925011916, Enoyl-acyl-carrier-protein reductase NADH EC 1319, Ferredoxin 2Fe-2S, Ferritin-like protein 2, FIG001943 hypothetical protein YajQ, FIG002060 uncharacterized protein YggL, FIG002208 Acetyltransferase EC 231-, FIG00637942 hypothetical protein, FIG00638559 hypothetical protein, FIG00638561 hypothetical protein, FIG00638813 hypothetical protein, FIG00638941 hypothetical protein, FIG00638953 hypothetical protein, FIG00639237 hypothetical protein, FIG00639395 hypothetical protein, Fructosamine kinase family protein At3g61080 homolog, Fumarate hydratase class I aerobic EC 4212, Fumarate hydratase class I anaerobic EC 4212, Galactonate dehydratase EC 4216, Galactose/methyl galactoside ABC transport system D-galactose-binding periplasmic protein MglB TC 3A123, Glucose-1-phosphatase EC 31310, Glutamate Aspartate periplasmic binding protein precursor GltI TC 3A134, Glutamine ABC transporter periplasmic glutamine-binding protein TC 3A132, Glutamine synthetase type I EC 6312, Glutamyl-tRNA synthetase EC 61117, Glutaredoxin 2, Glutaredoxin 3 Grx3, Glutathione peroxidase EC 11119, Glutathione S-transferase EC 25118, Glycerol dehydrogenase EC 1116, Glycerophosphoryl diester phosphodiesterase periplasmic EC 31446, Glycoprotein-polysaccharide metabolism, Heat shock protein 60 family co-chaperone GroES, Histidine ABC transporter histidine-binding periplasmic protein precursor HisJ TC 3A131, hypothetical protein, IMP cyclohydrolase EC 35410 / Phosphoribosylaminoimidazolecarboxamide formyltransferase EC 2123, Integration host factor alpha subunit, Isochorismatase EC 3321 enterobactin siderophore / Apo-aryl carrier domain of EntB, Isocitrate dehydrogenase NADP EC 11142, Isocitrate lyase EC 4131, L-asparaginase EC 3511, L-lactate dehydrogenase EC 1123, LD-transpeptidase YnhG, Lysine-arginine-ornithine-binding periplasmic protein precursor TC 3A131, Malate dehydrogenase EC 11137, Maltose/maltodextrin ABC transporter substrate binding periplasmic protein MalE, Mannose-6-phosphate isomerase EC 5318, Methionine aminopeptidase EC 341118, Methylglyoxal reductase acetol producing EC 111- / 25-diketo-D-gluconate reductase A EC 111274, Methylglyoxal synthase EC 4233, Molybdopterin biosynthesis Mog protein molybdochelatase, NADP-dependent malic enzyme EC 11140, NADPH-dependent broad range aldehyde dehydrogenase YqhD, Nicotinamidase family protein YcaC, Non-specific DNA-binding protein Dps / Iron-binding ferritin-like antioxidant protein / Ferroxidase EC 11631, Nucleoside diphosphate kinase EC 2746, Nucleoside-specific channel-forming protein Tsx precursor, Oligopeptide ABC transporter periplasmic oligopeptide-binding protein OppA TC 3A151, Osmotically inducible lipoprotein E precursor, Osmotically inducible protein C, Osmotically inducible protein OsmY, Outer membrane protein A precursor, Outer membrane protein W precursor, Oxygen-insensitive NADPH nitroreductase EC 1--- / Dihydropteridine reductase EC 15134, Peptidase B EC 341123, Peptide deformylase EC 35188, Peptidyl-prolyl cis-trans isomerase ppiA precursor EC 5218, Phosphoenolpyruvate carboxykinase ATP EC 41149, Phosphoenolpyruvate-dihydroxyacetone phosphotransferase EC 271121 subunit DhaM DHA-specific IIA component / DHA-specific phosphocarrier protein HPr / DHA-specific EI component, Phosphoglucomutase EC 5422, Phosphoheptose isomerase 1 EC 531-, Phosphopentomutase EC 5427, Phosphoribosylamine--glycine ligase EC 63413, Phosphoribosylaminoimidazole-succinocarboxamide synthase EC 6326, probable lipoprotein, Protein of unknown function DUF541, Protein yciN, Protein ygiW precursor, Protein-N5-glutamine methyltransferase PrmB methylates LSU ribosomal protein L3p, PTS system glucose-specific IIA component EC 27169, PTS system mannose-specific IIA component EC 27169 / PTS system mannose-specific IIB component EC 27169, Putative ACR protein, Putative cytoplasmic protein, Putative Dihydrolipoamide dehydrogenase EC 1814 Mercuric ion reductase EC 11611 PF00070 family FAD-dependent NADP-disulphide oxidoreductase, Pyruvate kinase EC 27140, Ribose ABC transport system periplasmic ribose-binding protein RbsB TC 3A121, S-adenosylmethionine synthetase EC 2516, S-ribosylhomocysteine lyase EC 44121 / Autoinducer-2 production protein LuxS, Selenidewater dikinase EC 2793, Septum site-determining protein MinD, Serine hydroxymethyltransferase EC 2121, Seryl-tRNA synthetase EC 61111, Sigma cross-reacting protein 27A, Succinate dehydrogenase flavoprotein subunit EC 13991, Succinate dehydrogenase iron-sulfur protein EC 13991, Succinyl-CoA ligase ADP-forming alpha chain EC 6215, Succinyl-CoA ligase ADP-forming beta chain EC 6215, Succinyl-CoA synthetase alpha subunit-related enzymes, Sulfite reductase NADPH hemoprotein beta-component EC 1812, Superoxide dismutase Cu-Zn precursor EC 11511, Superoxide dismutase Fe EC 11511, Thioredoxin reductase EC 1819, TldE/PmbA protein part of proposed TldE/TldD proteolytic complex PMID 12029038, TonB-dependent receptor Outer membrane receptor for ferric enterobactin and colicins B D, Transcriptional regulator SlyA, Tryptophanase EC 41991, Tryptophanyl-tRNA synthetase EC 6112, Uncharacterized membrane lipoprotein clustered with tellurite resistance proteins TehA/TehB, Uncharacterized membrane protein YqjD, Uncharacterized protein YbeL / FIG002095 hypothetical protein, Universal stress protein A, Universal stress protein E, Universal stress protein F, Universal stress protein G, UPF0337 protein yjbJ, YciO family",TL,single_long
Saxer2014,Saxer2014_ancestorB,BHI,765,NA,NA,Rich media (BBL BHI),Ecoli_K12,haploid,NA,37.476,0.005,0.075,0,329,"2-amino-3-ketobutyrate coenzyme A ligase EC 23129, 2-dehydro-3-deoxyphosphogalactonate aldolase EC 41221, 2-Keto-3-deoxy-D-manno-octulosonate-8-phosphate synthase EC 25155, 2-oxoglutarate dehydrogenase E1 component EC 1242, 23-bisphosphoglycerate-independent phosphoglycerate mutase EC 5421, 2345-tetrahydropyridine-26-dicarboxylate N-succinyltransferase EC 231117, 3-methyl-2-oxobutanoate hydroxymethyltransferase EC 21211, 3-oxoacyl-acyl-carrier protein reductase EC 111100, 3-oxoacyl-acyl-carrier-protein synthase KASI EC 23141, 3-oxoacyl-acyl-carrier-protein synthase KASII EC 23141, 3-oxoacyl-acyl-carrier-protein synthase KASIII EC 23141, 4-Hydroxy-2-oxoglutarate aldolase EC 41316 / 2-dehydro-3-deoxyphosphogluconate aldolase EC 41214, 6-phosphogluconolactonase EC 31131, ABC transporter ATP-binding protein, Acetate kinase EC 2721, Aconitate hydratase 2 EC 4213  2-methylisocitrate dehydratase EC 42199, Adenylosuccinate synthetase EC 6344, Aerobic respiration control protein arcA, Agmatinase EC 35311, Alkyl hydroperoxide reductase protein C EC 164-, Alpha-aspartyl dipeptidase Peptidase E EC 341321, Aminomethyltransferase glycine cleavage system T protein EC 21210, Arginine ABC transporter periplasmic arginine-binding protein ArtI, Aspartate carbamoyltransferase regulatory chain PyrI, Aspartate-semialdehyde dehydrogenase EC 12111, ATP synthase beta chain EC 36314, ATP synthase delta chain EC 36314, ATP synthase gamma chain EC 36314, Bacterioferritin Ecolicontig0004136524128Bacterioferritin, Carbamoyl-phosphate synthase small chain EC 6355, Carbon storage regulator, Catalase EC 11116 / Peroxidase EC 11117, Cell division topological specificity factor MinE, Chaperone HdeA, Chaperone HdeB, Chaperone protein DnaK, Chaperone protein hchA, Cysteine synthase EC 25147, Cytidine deaminase EC 3545, Cytoplasmic protein YaiB, D-3-phosphoglycerate dehydrogenase EC 11195, Dihydrodipicolinate reductase EC 13126, Dihydrolipoamide dehydrogenase of pyruvate dehydrogenase complex EC 1814  Dihydrolipoamide dehydrogenase EC 1814, Dihydrolipoamide succinyltransferase component E2 of 2-oxoglutarate dehydrogenase complex EC 23161, DNA-binding protein H-NS, DNA-directed RNA polymerase omega subunit EC 2776, Ecolicontig00001126901127206, Ecolicontig000011676817421, Ecolicontig00001211037211429, Ecolicontig00001223263224090, Ecolicontig00001224195225358, Ecolicontig000016646966972, Ecolicontig00002143000143332, Ecolicontig000026285863856, Ecolicontig000027047871362, Ecolicontig00003106892107383, Ecolicontig00003120053120937, Ecolicontig00003150419150679, Ecolicontig00003202553202828, Ecolicontig000037610776679, Ecolicontig000041051111020, Ecolicontig00004112217112648, Ecolicontig00004122859124142, Ecolicontig00004124412124747, Ecolicontig00004151826153079, Ecolicontig000041836319154, Ecolicontig000044383946118, Ecolicontig000046464665359, Ecolicontig0000470868057, Ecolicontig000051906920244, Ecolicontig000052044322089, Ecolicontig00006107825108829, Ecolicontig00006129169129741, Ecolicontig000063182032260, Ecolicontig000064354744650, Ecolicontig000068707588697, Ecolicontig000071016411312, Ecolicontig00007107118108575, Ecolicontig00007110932113451, Ecolicontig00007128045128839, Ecolicontig0000788879708, Ecolicontig00008108643108981, Ecolicontig00008122244123104, Ecolicontig00008135347135646, Ecolicontig00008136790137341, Ecolicontig000082765728628, Ecolicontig000088289183934, Ecolicontig000092098521446, Ecolicontig000093302034372, Ecolicontig000099295694254, Ecolicontig00010110642111607, Ecolicontig00010118981120273, Ecolicontig000102581426560, Ecolicontig000102696427467, Ecolicontig000108170182432, Ecolicontig000108339683911, Ecolicontig000115895959891, Ecolicontig000116579467014, Ecolicontig000117963680418, Ecolicontig000118063981421, Ecolicontig000119275593957, Ecolicontig000122589826545, Ecolicontig000125124852201, Ecolicontig000125315953893, Ecolicontig000125442855669, Ecolicontig000129634497594, Ecolicontig0001314382079, Ecolicontig000135735957856, Ecolicontig000135959760262, Ecolicontig0001369728414, Ecolicontig000143111831516, Ecolicontig000144278144196, Ecolicontig000147005371435, Ecolicontig000147146272325, Ecolicontig000147393074463, Ecolicontig000149033891228, Ecolicontig000152550525948, Ecolicontig0001544186064, Ecolicontig000165038752567, Ecolicontig000165448455587, Ecolicontig000172132822068, Ecolicontig0001735624656, Ecolicontig000173686537785, Ecolicontig000174069441848, Ecolicontig000175368254728, Ecolicontig000175580756133, Ecolicontig000181060010809, Ecolicontig000182060621796, Ecolicontig000182492625177, Ecolicontig000182599527539, Ecolicontig000183209033286, Ecolicontig000185964759922, Ecolicontig000191409114573, Ecolicontig000194772648154, Ecolicontig000195008550648, Ecolicontig000196104361900, Ecolicontig000197710079340, Ecolicontig00019978110689, Ecolicontig000204490245978, Ecolicontig00021674859, Ecolicontig000217022071932, Ecolicontig000221524515592, Ecolicontig000221686917450, Ecolicontig0002218822316, Ecolicontig000223919640200, Ecolicontig0002256256146, Ecolicontig000232228622495, Ecolicontig000233531336503, Ecolicontig000235160452293, Ecolicontig000236281864122, Ecolicontig000241283414465, Ecolicontig000253080531239, Ecolicontig000254474245692, Ecolicontig000262354823979, Ecolicontig000274966850606, Ecolicontig000283395834752, Ecolicontig000283751738341, Ecolicontig0002893399539, Ecolicontig000293253433202, Ecolicontig000295335854419, Ecolicontig000342625228018, Ecolicontig000342803428750, Ecolicontig000342895131752, Ecolicontig000343176732984, Ecolicontig000343335034516, Ecolicontig000343451635385, Ecolicontig000361711218107, Ecolicontig000371483316074, Ecolicontig000371611216339, Ecolicontig000392163222045, Ecolicontig000392297623434, Ecolicontig000392991430978, Ecolicontig000401343415101, Ecolicontig000402411424830, Ecolicontig000403548236069, Ecolicontig000403833940255, Ecolicontig0004052046427, Ecolicontig000413617936688, Ecolicontig0004136524128, Ecolicontig000422244523854, Ecolicontig000432020521623, Ecolicontig000433001154, Ecolicontig000441497115405, Ecolicontig000442962929967, Ecolicontig000443007130403, Ecolicontig000453512735732, Ecolicontig000462088321671, Ecolicontig000491650018140, Ecolicontig000505901990, Ecolicontig0005153485926, Ecolicontig000542680628095, Ecolicontig000542810729696, Ecolicontig000551938419788, Ecolicontig000552109321542, Ecolicontig0005530423557, Ecolicontig000581975220045, Ecolicontig0005964287279, Ecolicontig000621310813461, Ecolicontig000661181812471, Ecolicontig0006756966628, Ecolicontig0006780519199, Ecolicontig0006791969813, Ecolicontig0006985366, Ecolicontig000701074411364, Ecolicontig000706661304, Ecolicontig0007642764527, Ecolicontig0007944095221, Ecolicontig0007952255491, Ecolicontig00085296901, Ecolicontig0008733503976, Ecolicontig0009113402665, Ecolicontig000925011916, Enoyl-acyl-carrier-protein reductase NADH EC 1319, Ferredoxin 2Fe-2S, Ferritin-like protein 2, FIG001943 hypothetical protein YajQ, FIG002060 uncharacterized protein YggL, FIG002208 Acetyltransferase EC 231-, FIG00637942 hypothetical protein, FIG00638559 hypothetical protein, FIG00638561 hypothetical protein, FIG00638813 hypothetical protein, FIG00638941 hypothetical protein, FIG00638953 hypothetical protein, FIG00639237 hypothetical protein, FIG00639395 hypothetical protein, Fructosamine kinase family protein At3g61080 homolog, Fumarate hydratase class I aerobic EC 4212, Fumarate hydratase class I anaerobic EC 4212, Galactonate dehydratase EC 4216, Galactose/methyl galactoside ABC transport system D-galactose-binding periplasmic protein MglB TC 3A123, Glucose-1-phosphatase EC 31310, Glutamate Aspartate periplasmic binding protein precursor GltI TC 3A134, Glutamate decarboxylase EC 41115, Glutamine ABC transporter periplasmic glutamine-binding protein TC 3A132, Glutamine synthetase type I EC 6312, Glutamyl-tRNA synthetase EC 61117, Glutaredoxin 2, Glutaredoxin 3 Grx3, Glutathione peroxidase EC 11119, Glutathione S-transferase EC 25118, Glycerol dehydrogenase EC 1116, Glycerophosphoryl diester phosphodiesterase periplasmic EC 31446, Glycoprotein-polysaccharide metabolism, Heat shock protein 60 family co-chaperone GroES, Histidine ABC transporter histidine-binding periplasmic protein precursor HisJ TC 3A131, hypothetical protein, IMP cyclohydrolase EC 35410 / Phosphoribosylaminoimidazolecarboxamide formyltransferase EC 2123, Integration host factor alpha subunit, Isochorismatase EC 3321 enterobactin siderophore / Apo-aryl carrier domain of EntB, Isocitrate dehydrogenase NADP EC 11142, Isocitrate lyase EC 4131, L-asparaginase EC 3511, L-lactate dehydrogenase EC 1123, LD-transpeptidase YnhG, Lysine-arginine-ornithine-binding periplasmic protein precursor TC 3A131, Malate dehydrogenase EC 11137, Maltose/maltodextrin ABC transporter substrate binding periplasmic protein MalE, Mannose-6-phosphate isomerase EC 5318, Methionine aminopeptidase EC 341118, Methylglyoxal reductase acetol producing EC 111- / 25-diketo-D-gluconate reductase A EC 111274, Methylglyoxal synthase EC 4233, Molybdopterin biosynthesis Mog protein molybdochelatase, NADP-dependent malic enzyme EC 11140, NADPH-dependent broad range aldehyde dehydrogenase YqhD, Nicotinamidase family protein YcaC, Non-specific DNA-binding protein Dps / Iron-binding ferritin-like antioxidant protein / Ferroxidase EC 11631, Nucleoside diphosphate kinase EC 2746, Nucleoside-specific channel-forming protein Tsx precursor, Oligopeptide ABC transporter periplasmic oligopeptide-binding protein OppA TC 3A151, Osmotically inducible lipoprotein E precursor, Osmotically inducible protein C, Osmotically inducible protein OsmY, Outer membrane protein A precursor, Outer membrane protein W precursor, Oxygen-insensitive NADPH nitroreductase EC 1--- / Dihydropteridine reductase EC 15134, Peptidase B EC 341123, Peptide deformylase EC 35188, Peptidyl-prolyl cis-trans isomerase ppiA precursor EC 5218, PhnB protein putative DNA binding 3-demethylubiquinone-9 3-methyltransferase domain protein, Phosphoenolpyruvate carboxykinase ATP EC 41149, Phosphoenolpyruvate-dihydroxyacetone phosphotransferase EC 271121 subunit DhaM DHA-specific IIA component / DHA-specific phosphocarrier protein HPr / DHA-specific EI component, Phosphoglucomutase EC 5422, Phosphoheptose isomerase 1 EC 531-, Phosphopentomutase EC 5427, Phosphoribosylamine--glycine ligase EC 63413, Phosphoribosylaminoimidazole-succinocarboxamide synthase EC 6326, probable lipoprotein, Protein of unknown function DUF541, Protein yciN, Protein ygiW precursor, Protein-N5-glutamine methyltransferase PrmB methylates LSU ribosomal protein L3p, PTS system glucose-specific IIA component EC 27169, PTS system mannose-specific IIA component EC 27169 / PTS system mannose-specific IIB component EC 27169, Putative ACR protein, Putative cytoplasmic protein, Putative Dihydrolipoamide dehydrogenase EC 1814 Mercuric ion reductase EC 11611 PF00070 family FAD-dependent NADP-disulphide oxidoreductase, Pyruvate kinase EC 27140, Ribose ABC transport system periplasmic ribose-binding protein RbsB TC 3A121, S-adenosylmethionine synthetase EC 2516, S-ribosylhomocysteine lyase EC 44121 / Autoinducer-2 production protein LuxS, Selenidewater dikinase EC 2793, Septum site-determining protein MinD, Serine hydroxymethyltransferase EC 2121, Seryl-tRNA synthetase EC 61111, Sigma cross-reacting protein 27A, Succinate dehydrogenase flavoprotein subunit EC 13991, Succinate dehydrogenase iron-sulfur protein EC 13991, Succinyl-CoA ligase ADP-forming alpha chain EC 6215, Succinyl-CoA ligase ADP-forming beta chain EC 6215, Succinyl-CoA synthetase alpha subunit-related enzymes, Sulfite reductase NADPH hemoprotein beta-component EC 1812, Superoxide dismutase Cu-Zn precursor EC 11511, Superoxide dismutase Fe EC 11511, Thioredoxin reductase EC 1819, TldE/PmbA protein part of proposed TldE/TldD proteolytic complex PMID 12029038, TonB-dependent receptor Outer membrane receptor for ferric enterobactin and colicins B D, Transcriptional regulator SlyA, Tryptophanase EC 41991, Tryptophanyl-tRNA synthetase EC 6112, Uncharacterized membrane lipoprotein clustered with tellurite resistance proteins TehA/TehB, Uncharacterized membrane protein YqjD, Uncharacterized protein YbeL / FIG002095 hypothetical protein, Universal stress protein A, Universal stress protein E, Universal stress protein F, Universal stress protein G, UPF0337 protein yjbJ, YciO family",TL,single_long
Saxer2014,Saxer2014_ancestorC,BHI,765,NA,NA,Rich media (BBL BHI),Ecoli_K12,haploid,NA,37.482,0.005,0.075,5,324,"2-amino-3-ketobutyrate coenzyme A ligase EC 23129, 2-dehydro-3-deoxyphosphogalactonate aldolase EC 41221, 2-Keto-3-deoxy-D-manno-octulosonate-8-phosphate synthase EC 25155, 2-oxoglutarate dehydrogenase E1 component EC 1242, 23-bisphosphoglycerate-independent phosphoglycerate mutase EC 5421, 2345-tetrahydropyridine-26-dicarboxylate N-succinyltransferase EC 231117, 3-methyl-2-oxobutanoate hydroxymethyltransferase EC 21211, 3-oxoacyl-acyl-carrier protein reductase EC 111100, 3-oxoacyl-acyl-carrier-protein synthase KASI EC 23141, 3-oxoacyl-acyl-carrier-protein synthase KASII EC 23141, 3-oxoacyl-acyl-carrier-protein synthase KASIII EC 23141, 4-Hydroxy-2-oxoglutarate aldolase EC 41316 / 2-dehydro-3-deoxyphosphogluconate aldolase EC 41214, 6-phosphogluconolactonase EC 31131, ABC transporter ATP-binding protein, Acetate kinase EC 2721, Aconitate hydratase 2 EC 4213  2-methylisocitrate dehydratase EC 42199, Adenylosuccinate synthetase EC 6344, Aerobic respiration control protein arcA, Agmatinase EC 35311, Alkyl hydroperoxide reductase protein C EC 164-, Alpha-aspartyl dipeptidase Peptidase E EC 341321, Aminomethyltransferase glycine cleavage system T protein EC 21210, Arginine ABC transporter periplasmic arginine-binding protein ArtI, Aspartate carbamoyltransferase regulatory chain PyrI, Aspartate-semialdehyde dehydrogenase EC 12111, ATP synthase beta chain EC 36314, ATP synthase delta chain EC 36314, ATP synthase gamma chain EC 36314, Bacterioferritin Ecolicontig0004136524128Bacterioferritin, Carbamoyl-phosphate synthase small chain EC 6355, Carbon storage regulator, Catalase EC 11116 / Peroxidase EC 11117, Cell division topological specificity factor MinE, Chaperone HdeA, Chaperone HdeB, Chaperone protein DnaK, Chaperone protein hchA, Cysteine synthase EC 25147, Cytidine deaminase EC 3545, Cytoplasmic protein YaiB, D-3-phosphoglycerate dehydrogenase EC 11195, Dihydrolipoamide dehydrogenase of pyruvate dehydrogenase complex EC 1814  Dihydrolipoamide dehydrogenase EC 1814, Dihydrolipoamide succinyltransferase component E2 of 2-oxoglutarate dehydrogenase complex EC 23161, DNA-binding protein H-NS, DNA-directed RNA polymerase omega subunit EC 2776, Ecolicontig00001126901127206, Ecolicontig000011676817421, Ecolicontig00001211037211429, Ecolicontig00001223263224090, Ecolicontig00001224195225358, Ecolicontig000016646966972, Ecolicontig00002143000143332, Ecolicontig000026285863856, Ecolicontig000027047871362, Ecolicontig00003106892107383, Ecolicontig00003120053120937, Ecolicontig00003150419150679, Ecolicontig00003202553202828, Ecolicontig000037610776679, Ecolicontig000041051111020, Ecolicontig00004112217112648, Ecolicontig00004122859124142, Ecolicontig00004124412124747, Ecolicontig00004151826153079, Ecolicontig000041836319154, Ecolicontig000044383946118, Ecolicontig000046464665359, Ecolicontig0000470868057, Ecolicontig000051906920244, Ecolicontig000052044322089, Ecolicontig00006107825108829, Ecolicontig00006129169129741, Ecolicontig000063182032260, Ecolicontig000064354744650, Ecolicontig000068707588697, Ecolicontig000071016411312, Ecolicontig00007107118108575, Ecolicontig00007110932113451, Ecolicontig00007128045128839, Ecolicontig0000788879708, Ecolicontig00008108643108981, Ecolicontig00008122244123104, Ecolicontig00008135347135646, Ecolicontig00008136790137341, Ecolicontig000082765728628, Ecolicontig000088289183934, Ecolicontig000092098521446, Ecolicontig000093302034372, Ecolicontig000099295694254, Ecolicontig00010110642111607, Ecolicontig00010118981120273, Ecolicontig000102581426560, Ecolicontig000102696427467, Ecolicontig000108170182432, Ecolicontig000108339683911, Ecolicontig000115895959891, Ecolicontig000116579467014, Ecolicontig000117963680418, Ecolicontig000118063981421, Ecolicontig000119275593957, Ecolicontig000122589826545, Ecolicontig000125124852201, Ecolicontig000125315953893, Ecolicontig000125442855669, Ecolicontig000129634497594, Ecolicontig0001314382079, Ecolicontig000135735957856, Ecolicontig000135959760262, Ecolicontig0001369728414, Ecolicontig000143111831516, Ecolicontig000144278144196, Ecolicontig000147005371435, Ecolicontig000147146272325, Ecolicontig000147393074463, Ecolicontig000149033891228, Ecolicontig000152550525948, Ecolicontig0001544186064, Ecolicontig000165038752567, Ecolicontig000165448455587, Ecolicontig000172132822068, Ecolicontig0001735624656, Ecolicontig000173686537785, Ecolicontig000174069441848, Ecolicontig000175368254728, Ecolicontig000175580756133, Ecolicontig000181060010809, Ecolicontig000182060621796, Ecolicontig000182492625177, Ecolicontig000182599527539, Ecolicontig000183209033286, Ecolicontig000185964759922, Ecolicontig000191409114573, Ecolicontig000194772648154, Ecolicontig000195008550648, Ecolicontig000196104361900, Ecolicontig000197710079340, Ecolicontig00019978110689, Ecolicontig000204490245978, Ecolicontig00021674859, Ecolicontig000217022071932, Ecolicontig000221524515592, Ecolicontig000221686917450, Ecolicontig0002218822316, Ecolicontig000223919640200, Ecolicontig0002256256146, Ecolicontig000232228622495, Ecolicontig000233531336503, Ecolicontig000235160452293, Ecolicontig000236281864122, Ecolicontig000241283414465, Ecolicontig000253080531239, Ecolicontig000254474245692, Ecolicontig000262354823979, Ecolicontig000274966850606, Ecolicontig000283395834752, Ecolicontig000283751738341, Ecolicontig0002893399539, Ecolicontig000293253433202, Ecolicontig000295335854419, Ecolicontig000342625228018, Ecolicontig000342803428750, Ecolicontig000342895131752, Ecolicontig000343176732984, Ecolicontig000343335034516, Ecolicontig000343451635385, Ecolicontig000361711218107, Ecolicontig000371483316074, Ecolicontig000371611216339, Ecolicontig000392163222045, Ecolicontig000392297623434, Ecolicontig000392991430978, Ecolicontig000401343415101, Ecolicontig000402411424830, Ecolicontig000403548236069, Ecolicontig000403833940255, Ecolicontig0004052046427, Ecolicontig000413617936688, Ecolicontig0004136524128, Ecolicontig000422244523854, Ecolicontig000432020521623, Ecolicontig000433001154, Ecolicontig000441497115405, Ecolicontig000442962929967, Ecolicontig000443007130403, Ecolicontig000453512735732, Ecolicontig000462088321671, Ecolicontig000491650018140, Ecolicontig000505901990, Ecolicontig0005153485926, Ecolicontig000542680628095, Ecolicontig000542810729696, Ecolicontig000551938419788, Ecolicontig000552109321542, Ecolicontig0005530423557, Ecolicontig000581975220045, Ecolicontig0005964287279, Ecolicontig000621310813461, Ecolicontig000661181812471, Ecolicontig0006756966628, Ecolicontig0006780519199, Ecolicontig0006791969813, Ecolicontig0006985366, Ecolicontig000701074411364, Ecolicontig000706661304, Ecolicontig0007642764527, Ecolicontig0007944095221, Ecolicontig0007952255491, Ecolicontig00085296901, Ecolicontig0008733503976, Ecolicontig0009113402665, Ecolicontig000925011916, Enoyl-acyl-carrier-protein reductase NADH EC 1319, Ferredoxin 2Fe-2S, Ferritin-like protein 2, FIG001943 hypothetical protein YajQ, FIG002060 uncharacterized protein YggL, FIG002208 Acetyltransferase EC 231-, FIG00637942 hypothetical protein, FIG00638559 hypothetical protein, FIG00638561 hypothetical protein, FIG00638941 hypothetical protein, FIG00638953 hypothetical protein, FIG00639395 hypothetical protein, Fructosamine kinase family protein At3g61080 homolog, Fumarate hydratase class I aerobic EC 4212, Fumarate hydratase class I anaerobic EC 4212, Galactonate dehydratase EC 4216, Galactose/methyl galactoside ABC transport system D-galactose-binding periplasmic protein MglB TC 3A123, Glucose-1-phosphatase EC 31310, Glutamate Aspartate periplasmic binding protein precursor GltI TC 3A134, Glutamine ABC transporter periplasmic glutamine-binding protein TC 3A132, Glutamine synthetase type I EC 6312, Glutamyl-tRNA synthetase EC 61117, Glutaredoxin 2, Glutaredoxin 3 Grx3, Glutathione peroxidase EC 11119, Glutathione S-transferase EC 25118, Glycerol dehydrogenase EC 1116, Glycerophosphoryl diester phosphodiesterase periplasmic EC 31446, Glycoprotein-polysaccharide metabolism, Heat shock protein 60 family co-chaperone GroES, Histidine ABC transporter histidine-binding periplasmic protein precursor HisJ TC 3A131, hypothetical protein, IMP cyclohydrolase EC 35410 / Phosphoribosylaminoimidazolecarboxamide formyltransferase EC 2123, Integration host factor alpha subunit, Isochorismatase EC 3321 enterobactin siderophore / Apo-aryl carrier domain of EntB, Isocitrate dehydrogenase NADP EC 11142, Isocitrate lyase EC 4131, L-asparaginase EC 3511, L-lactate dehydrogenase EC 1123, LD-transpeptidase YnhG, Lysine-arginine-ornithine-binding periplasmic protein precursor TC 3A131, Malate dehydrogenase EC 11137, Maltose/maltodextrin ABC transporter substrate binding periplasmic protein MalE, Mannose-6-phosphate isomerase EC 5318, Methionine aminopeptidase EC 341118, Methylglyoxal reductase acetol producing EC 111- / 25-diketo-D-gluconate reductase A EC 111274, Methylglyoxal synthase EC 4233, Molybdopterin biosynthesis Mog protein molybdochelatase, NADP-dependent malic enzyme EC 11140, NADPH-dependent broad range aldehyde dehydrogenase YqhD, Nicotinamidase family protein YcaC, Non-specific DNA-binding protein Dps / Iron-binding ferritin-like antioxidant protein / Ferroxidase EC 11631, Nucleoside diphosphate kinase EC 2746, Nucleoside-specific channel-forming protein Tsx precursor, Oligopeptide ABC transporter periplasmic oligopeptide-binding protein OppA TC 3A151, Osmotically inducible lipoprotein E precursor, Osmotically inducible protein C, Osmotically inducible protein OsmY, Outer membrane protein A precursor, Outer membrane protein W precursor, Oxygen-insensitive NADPH nitroreductase EC 1--- / Dihydropteridine reductase EC 15134, Peptidase B EC 341123, Peptide deformylase EC 35188, Peptidyl-prolyl cis-trans isomerase ppiA precursor EC 5218, PhnB protein putative DNA binding 3-demethylubiquinone-9 3-methyltransferase domain protein, Phosphoenolpyruvate carboxykinase ATP EC 41149, Phosphoenolpyruvate-dihydroxyacetone phosphotransferase EC 271121 subunit DhaM DHA-specific IIA component / DHA-specific phosphocarrier protein HPr / DHA-specific EI component, Phosphoglucomutase EC 5422, Phosphoheptose isomerase 1 EC 531-, Phosphopentomutase EC 5427, Phosphoribosylamine--glycine ligase EC 63413, Phosphoribosylaminoimidazole-succinocarboxamide synthase EC 6326, probable lipoprotein, Protein of unknown function DUF541, Protein yciN, Protein ygiW precursor, Protein-N5-glutamine methyltransferase PrmB methylates LSU ribosomal protein L3p, PTS system glucose-specific IIA component EC 27169, PTS system mannose-specific IIA component EC 27169 / PTS system mannose-specific IIB component EC 27169, Putative ACR protein, Putative cytoplasmic protein, Putative Dihydrolipoamide dehydrogenase EC 1814 Mercuric ion reductase EC 11611 PF00070 family FAD-dependent NADP-disulphide oxidoreductase, Pyruvate kinase EC 27140, Ribose ABC transport system periplasmic ribose-binding protein RbsB TC 3A121, S-adenosylmethionine synthetase EC 2516, S-ribosylhomocysteine lyase EC 44121 / Autoinducer-2 production protein LuxS, Selenidewater dikinase EC 2793, Septum site-determining protein MinD, Serine hydroxymethyltransferase EC 2121, Seryl-tRNA synthetase EC 61111, Sigma cross-reacting protein 27A, Succinate dehydrogenase flavoprotein subunit EC 13991, Succinate dehydrogenase iron-sulfur protein EC 13991, Succinyl-CoA ligase ADP-forming alpha chain EC 6215, Succinyl-CoA ligase ADP-forming beta chain EC 6215, Succinyl-CoA synthetase alpha subunit-related enzymes, Sulfite reductase NADPH hemoprotein beta-component EC 1812, Superoxide dismutase Fe EC 11511, Thioredoxin reductase EC 1819, TldE/PmbA protein part of proposed TldE/TldD proteolytic complex PMID 12029038, TonB-dependent receptor Outer membrane receptor for ferric enterobactin and colicins B D, Transcriptional regulator SlyA, Tryptophanase EC 41991, Tryptophanyl-tRNA synthetase EC 6112, Uncharacterized membrane lipoprotein clustered with tellurite resistance proteins TehA/TehB, Uncharacterized membrane protein YqjD, Uncharacterized protein YbeL / FIG002095 hypothetical protein, Universal stress protein A, Universal stress protein E, Universal stress protein F, Universal stress protein G, UPF0337 protein yjbJ, YciO family",TL,single_long
Sherlock2013,Sherlock2013,YPD,7,NA,NA,YPD,Sac,haploid,NA,0,0.005,1,2,0,NA,MH,multiple_wide
Sherlock2013,Sherlock2013,YPD,70,NA,NA,YPD,Sac,haploid,NA,29.845,0.005,0.002,7,3,"MTH1, RIM15, SNF3",MH,multiple_wide
Sherlock2013,Sherlock2013,YPD,133,NA,NA,YPD,Sac,haploid,NA,25.963,0.005,0.004,11,6,"GPB2, MTH1, RGT1, RGT2, RIM15, SNF3",MH,multiple_wide
Sherlock2013,Sherlock2013,YPD,196,NA,NA,YPD,Sac,haploid,NA,18.816,0.005,0.01,26,5,"GPB2, MTH1, RGT1, RGT2, RIM15",MH,multiple_wide
Sherlock2013,Sherlock2013,YPD,266,NA,NA,YPD,Sac,haploid,NA,18.506,0.005,0.013,34,8,"DAL81, GPB2, MTH1, RGT1, RGT2, RIM15, SSK1, SSK2",MH,multiple_wide
Sherlock2013,Sherlock2013,YPD,322,NA,NA,YPD,Sac,haploid,NA,14.908,0.005,0.014,33,6,"DAL81, MTH1, RGT1, RIM15, SSK1, SSK2",MH,multiple_wide
Sherlock2013,Sherlock2013,YPD,385,NA,NA,YPD,Sac,haploid,NA,20.316,0.005,0.013,34,7,"DAL81, ERG5, GPB2, MTH1, RGT1, RIM15, SSK1",MH,multiple_wide
Sherlock2013,Sherlock2013,YPD,448,NA,NA,YPD,Sac,haploid,NA,20.715,0.005,0.014,35,7,"CDC55, DAL81, ERG5, GPB2, MTH1, RIM15, SSK1",MH,multiple_wide
Sherlock2019,Sherlock2019,Davis minimal medium,50,NA,NA,"Constant, glucose-limited environment",Ecoli_K12,haploid,NA,5.422,0.005,0.129,114,8,"0, dgoD, galS, guaB, malT, rpoC, rpoS, rpsA",MH,multiple_wide
Sherlock2019,Sherlock2019,Davis minimal medium,100,NA,NA,"Constant, glucose-limited environment",Ecoli_K12,haploid,NA,5.27,0.005,0.259,247,19,"0, allB, cvrA, fimH, ftsK, galS, garD, hypF, lpxD, malK, malT, mug, opgH, rho, rpoC, rpoS, sgrR, yaeI, ynbD",MH,multiple_wide
Sherlock2019,Sherlock2019,Davis minimal medium,150,NA,NA,"Constant, glucose-limited environment",Ecoli_K12,haploid,NA,3.525,0.005,0.345,221,11,"0, flhB, ftsK, galS, guaB, malK, malT, rho, rpoS, slt, yghJ",MH,multiple_wide
Sherlock2019,Sherlock2019,Davis minimal medium,200,NA,NA,"Constant, glucose-limited environment",Ecoli_K12,haploid,NA,4.929,0.005,0.373,369,31,"0, acrD, amyA, carB, fimH, fliG, fliP, ftsK, galS, guaB, hfq, lhr, lptD, lpxD, malK, malT, mug, opgH, paaJ, pgi, prmC, ptrA, rho, rlmL, rnc, rpoS, torS, xanP, yciM, yghJ, ynbD",MH,multiple_wide
Sherlock2019,Sherlock2019,Davis minimal medium,250,NA,NA,"Constant, glucose-limited environment",Ecoli_K12,haploid,NA,5.72,0.005,0.369,411,40,"0, acrD, aroD, copA, dacA, fliI, ftsK, fumA, galS, gatZ, hfq, lhr, lptD, lpxD, malK, malT, mdtD, mug, opgG, opgH, pgi, phnK, ptsI, purL, rhaA, rho, rhsC, rhtB, rlmL, rnc, rpoS, torS, yaiW, ybiC, yciM, ycjU, yfhM, yfjX, ynbD, yobF",MH,multiple_wide
Sherlock2019,Sherlock2019,Davis minimal medium,300,NA,NA,"Constant, glucose-limited environment",Ecoli_K12,haploid,NA,4.469,0.005,0.517,623,81,"0, acrB, acrD, aidB, asd, asmA, cca, corA, cpsG, cusS, dacC, emrB, fdhF, fes, fliP, fruA, ftsK, galS, gatZ, gyrB, hcaE, hdfR, hfq, hyaB, ilvY, kefC, lacZ, lpd, lptB, lptC, lptD, lptG, lpxD, malK, malT, narV, nrfE, opgG, opgH, pfkA, pgi, phnK, phnM, proQ, ptrA, ptsI, ptsP, putA, puuC, rbsA, recX, rho, rlmL, rpoC, sbcC, sgrR, slt, spr, torS, xanP, ybbN, ybcK, ybhJ, yciM, ycjU, ydcI, ydcT, yeaH, yegX, yehI, yfeO, yfhM, ygiS, yheS, yhgF, yhjD, yoaA, yobF, ytfN, ytfR, znuC",MH,multiple_wide
Sherlock2019,Sherlock2019,Davis minimal medium,350,NA,NA,"Constant, glucose-limited environment",Ecoli_K12,haploid,NA,3.851,0.005,0.596,601,46,"0, actP, ade, cca, fdnG, fimH, galS, gshB, gyrB, hfq, hsrA, hybC, kefA, lacZ, leuC, lptD, lptG, malK, mdtH, mukB, mutS, opgG, opgH, pfkA, pgi, pgsA, phnM, radA, rho, rhsD, rne, rpoA, slt, stfR, torS, wzzE, ybaL, ybhJ, ybiH, ybjL, ydhV, yebT, yfeO, yhfW, ynbD, yqeG",MH,multiple_wide
Sherlock2019,Sherlock2019,Davis minimal medium,400,NA,NA,"Constant, glucose-limited environment",Ecoli_K12,haploid,NA,3.666,0.005,0.651,702,59,"0, actP, ade, adhE, bcsC, fabR, fimH, fliM, gatZ, glcD, glpR, hcaE, hfq, hsrA, hyaB, ilvA, leuC, lptD, malE, malK, mdtH, mltA, mukB, nagE, narX, opgH, pcnB, pgi, pgsA, rho, rng, rpoA, slt, tar, torS, ubiB, ushA, wzzE, ybaL, ybbY, ycgG, ydhC, ydhV, ydiU, yeeJ, yfaQ, yfbS, ygcB, yghJ, yhfK, yhfT, yiaO, yjcE, yjeP, ynbD, yqeG, yrfF, ytfN, ytfR",MH,multiple_wide
Sherlock2019,Sherlock2019,Davis minimal medium,450,NA,NA,"Constant, glucose-limited environment",Ecoli_K12,haploid,NA,4.197,0.005,0.613,678,59,"0, actP, ade, adhE, aegA, araE, bglF, cca, deaD, fabR, fdnG, gatZ, glcD, glpR, gudD, hcaE, hfq, hsrA, hyaB, lacZ, lptD, lptG, malE, malK, mdtH, mukB, ompR, opgH, pfkA, pgi, phnD, ptsP, purR, putP, rcsC, rho, rng, rpoA, rsxC, slt, tdh, torS, ulaC, wzzE, ybaL, ybbY, ydiU, yejM, yfaQ, yfiF, yghA, yghJ, yhfK, yhhJ, yjeP, ynbD, yqeB, yrfF, ytfR",MH,multiple_wide
Sherlock2019,Sherlock2019,Davis minimal medium,500,NA,NA,"Constant, glucose-limited environment",Ecoli_K12,haploid,NA,4.796,0.005,0.62,740,72,"0, adhE, aes, aidB, asmA, bcsC, bcsG, cca, dnaG, dusA, dxs, efeB, fdhF, fdnG, flgG, gatZ, gltS, gudD, hfq, hsdR, hyaB, iaaA, ligB, lptB, lptD, lptG, malE, malK, malP, mdtF, modF, nagE, narZ, ompR, opgH, pcnB, pgi, phnD, purR, puuC, rbsB, rcsC, recD, relA, rho, rihA, rng, rpoA, rsxC, slt, tdh, wcaE, xdhD, yafS, ybaL, ybbY, ybiW, yedK, yeeF, yejM, yfgF, ygeV, yghA, yghJ, yhfK, yjeP, ynbD, yohD, yphD, yrfF, ytfN, ytfR",MH,multiple_wide
Suzuki2017,Suzuki2017,M9,NA,33,NA,AMK & CP,Ecoli_K12,haploid,NA,2.694,0.005,0.013,13,2,"ybeX, yojL",TL,multiple_long
Suzuki2017,Suzuki2017,M9,NA,33,NA,AMK & ENX,Ecoli_K12,haploid,NA,6.95,0.005,0.012,20,8,"acrR, cyaA, cyoB, fusA, ompF, ptsP, rfe, rssB",TL,multiple_long
Suzuki2017,Suzuki2017,M9,NA,33,NA,CP & ENX,Ecoli_K12,haploid,NA,17.292,0.005,0.008,16,7,"acrR, atpD, atpF, marR, ompF, rsxC, ygaZ",TL,multiple_long
Suzuki2017,Suzuki2017,M9,NA,33,NA,AMK,Ecoli_K12,haploid,NA,1.649,0.005,0.043,31,3,"cyoB, cyoE, metQ",TL,multiple_long
Suzuki2017,Suzuki2017,M9,NA,33,NA,CP,Ecoli_K12,haploid,NA,2.535,0.005,0.015,14,2,"acrB, ompF",TL,multiple_long
Suzuki2017,Suzuki2017,M9,NA,33,NA,ENX,Ecoli_K12,haploid,NA,2.05,0.005,0.041,34,4,"atpC, clpX, gidA, rssB",TL,multiple_long
Tack2018,Tack2018_addicted,Rich defined media,2000,NA,NA,RDM20,Ecoli_K12,haploid,NA,11.338,0.005,0.005,8,2,"envZ, sdaC",TL,multiple_long
Tack2018,Tack2018_addicted,Rich defined media,2000,NA,NA,RDM19,Ecoli_K12,haploid,NA,0,0.03,1,15,0,NA,TL,multiple_long
Tack2018,Tack2018_addicted,Rich defined media,2000,NA,NA,RDM13,Ecoli_K12,haploid,NA,15.527,0.005,0.007,12,2,"cyaA, mtr",TL,multiple_long
Tack2018,Tack2018_control,Rich defined media,2000,NA,NA,RDM20,Ecoli_K12,haploid,NA,29.506,0.005,0.002,4,2,"sdaC, waaO",TL,multiple_long
Tack2018,Tack2018_control,Rich defined media,2000,NA,NA,RDM19,Ecoli_K12,haploid,NA,4.358,0.005,0.011,10,1,cyaA,TL,multiple_long
Tack2018,Tack2018_control,Rich defined media,2000,NA,NA,RDM13,Ecoli_K12,haploid,NA,9.812,0.005,0.005,8,2,"galU, mtr",TL,multiple_long
Tenaillon2012,Tenaillon2012,Davis minimal medium,2000,NA,NA,heat (42.2 degrees C),Ecoli_K12,haploid,NA,34.505,0.005,0.076,244,83,"actP, atoC, cls, crp, dapA, deoA, dnaA, ECB00212, ECB00739, ECB01992, ECB02002, ECB02815, ECB02816, ECB02821, ECB02827, ECB02828, fbp, fimA, fis, fruK, glgA, glgC, glgP, glmS, glpF, glpG, glpR, glpT, hnr, hupB, iclR, ilvL, infB, manB, manX, mdoG, mdoH, metA, metH, metJ, mrdA, mrdB, mreB, mreC, mreD, nusA, ompR, prfA, proW, pta, pykF, rep, rhlB, rho, rpoA, rpoB, rpoC, rpoD, rpoH, rpoS, rpsA, rpsR, secF, slyA, spoT, thrA, topA, uspA, uvrD, wecF, ybaL, ybhI, ycbC, yccE, ydgB, yehU, yeiB, yfgA, ygjF, yhdG, yhhF, yicC, yraL",TL,single_long
Tenaillon2016,Tenaillon2016,Davis minimal medium,500,NA,NA,Davis minimal medium,Ecoli_K12,haploid,NA,16.409,0.005,0.003,6,4,"ECB01992, pykF, topA, yijC",MH,multiple_wide
Tenaillon2016,Tenaillon2016,Davis minimal medium,1000,NA,NA,Davis minimal medium,Ecoli_K12,haploid,NA,15.909,0.005,0.006,13,5,"ECB01992, pykF, spoT, topA, yijC",MH,multiple_wide
Tenaillon2016,Tenaillon2016,Davis minimal medium,1500,NA,NA,Davis minimal medium,Ecoli_K12,haploid,NA,16.49,0.005,0.011,22,6,"ECB01992, iclR, mrdA, pykF, spoT, topA",MH,multiple_wide
Tenaillon2016,Tenaillon2016,Davis minimal medium,2000,NA,NA,Davis minimal medium,Ecoli_K12,haploid,NA,14.854,0.005,0.014,26,8,"ECB01992, hslU, mrdA, nadR, pykF, spoT, topA, yijC",MH,multiple_wide
Tenaillon2016,Tenaillon2016,Davis minimal medium,5000,NA,NA,Davis minimal medium,Ecoli_K12,haploid,NA,14.772,0.005,0.021,42,10,"ECB01992, hslU, iclR, infB, malT, mrdA, nadR, pykF, spoT, topA",MH,multiple_wide
Tenaillon2016,Tenaillon2016,Davis minimal medium,10000,NA,NA,Davis minimal medium,Ecoli_K12,haploid,NA,12.002,0.005,0.044,69,9,"arcA, ECB02816, hslU, infB, malT, pykF, spoT, topA, ybaL",MH,multiple_wide
Tenaillon2016,Tenaillon2016,Davis minimal medium,15000,NA,NA,Davis minimal medium,Ecoli_K12,haploid,NA,14.719,0.005,0.037,71,13,"ECB01992, ECB02816, fimA, hslU, iap, iclR, infB, malT, nadR, pykF, spoT, topA, ybaL",MH,multiple_wide
Tenaillon2016,Tenaillon2016,Davis minimal medium,20000,NA,NA,Davis minimal medium,Ecoli_K12,haploid,NA,14.411,0.005,0.043,80,15,"ECB02816, envZ, fimA, hslU, hyfA, iap, iclR, infB, malT, menC, nadR, pykF, spoT, topA, ybaL",MH,multiple_wide
Tenaillon2016,Tenaillon2016,Davis minimal medium,30000,NA,NA,Davis minimal medium,Ecoli_K12,haploid,NA,12.162,0.005,0.088,134,20,"arcA, cusS, ECB01992, ECB02013, ECB02816, envZ, hslU, iap, iclR, malT, menC, mreC, nadR, pykF, rplF, spoT, topA, ybaL, yeeF, ygjG",MH,multiple_wide
Tenaillon2016,Tenaillon2016,Davis minimal medium,40000,NA,NA,Davis minimal medium,Ecoli_K12,haploid,NA,10.179,0.005,0.086,103,10,"hslU, hyfA, iap, iclR, malT, nadR, phoH, pykF, rplF, yeeF",MH,multiple_wide
Tenaillon2016,Tenaillon2016,Davis minimal medium,50000,NA,NA,Davis minimal medium,Ecoli_K12,haploid,NA,8.766,0.005,0.117,128,11,"hslU, hyfA, iap, iclR, malT, nadR, phoH, pykF, rplF, spoT, yeeF",MH,multiple_wide
Wang2010,Wang2010,T-salts minimal medium,NA,37,NA,phosphate limitation,Ecoli_K12,haploid,NA,14.728,0.005,0.004,7,2,"rpoS, valS",TL,single_long
Wannier2018,Wannier2018,M9 minimal medium,1100,NA,NA,M9 minimal medium,Ecoli_K12,haploid,All 321 UAG stop codons replaced with UAA; prfA deleted,56.67,0.005,0.28,320,904,"aat, abrB, aceF, aceK, acrA, acrB, acrD, acrR, adeQ, adhE, adiC, aegA, aer, agaR, agp, alkB, allC, allS, alsB, amiDybjS, amn, ampD, ampE, anmK, apt, aqpZ, araD, araJ, argE, argO, argP, arnAarnD, aroP, arpB, ascB, aslB, asmA, asnA, aspA, astD, astE, atpB, atpD, atpE, atpI, baeR, bamA, barA, bcp, bcsA, bdcA, bdcR, bfr, bglA, bglF, bglG, bglH, bioD, bioH, birA, btuC, btuF, caiB, caiF, carA, carB, cbl, cbpA, cbrAdgoT, cbrC, ccmH, cdaR, chaA, chbA, cheA, cheR, citE, citF, clsA, coaD, cpdA, cpxA, cpxP, cra, creC, crl, croE, crp, csgD, csiR, cspD, cvpA, cvrA, cyaA, cybB, cynR, cynS, cyoA, cysA, cysJ, cysN, dacB, dam, damX, dauA, dcp, dcrB, dctA, dcuA, dcuC, dcuD, dcyD, ddlA, ddpC, ddpF, deoA, deoB, der, dhaK, dhaR, dinD, dinG, dinJ, djlB, dmlA, dmlR, dmsD, dnaE, dnaJ, dosC, dsbG, dsdX, dusB, dxr, dxs, eaeH, ecpB, ecpE, efeU, entA, envY, envZ, epmA, eptB, eptC, eutB, eutR, eutT, evgS, exoXptrB, fabF, fabH, fadE, fau, fdhF, fdnG, fdoG, fdrA, fecA, fecE, fepC, fhlA, fhuA, fimB, fimD, fimH, fis, flgB, flgK, flhA, fliE, fliH, fliI, fliN, fliP, fliQ, fmt, focB, folA, folC, folM, folX, frlC, frlD, frlR, frmR, frsA, fruA, fruB, fruK, frwA, frwDyijO, ftsA, ftsI, ftsK, ftsP, fucI, fucK, fumB, fumC, gabT, gadB, gadE, gadW, gadX, galK, galS, gapA, garR, gatR, gatZ, ghoS, ghoT, glcC, glf, glgA, glgC, glgP, glnE, glnS, glpG, glpQ, glrR, gltA, gltB, gltI, glvC, glxK, glyA, glyQ, glyS, gntX, gpp, grxD, gsiD, gspA, gspD, gtrA, hcp, hda, helD, hemA, hemD, hemHaes, hemX, hemY, hisC, hisL, hisS, hmp, hofC, hokE, hrpA, hrpB, hsdM, hsdR, htrE, hupA, hybF, hycI, hypBhypC, hypD, hypF, iaaA, iap, ibpB, icd, idnR, idnT, ilvA, ilvH, ilvI, ilvL, ilvN, inaA, insA, insB1, insD1, insF1, insH1, insI1, intR, iraP, iscX, ivbL, kch, kdpD, kduI, kefB, kefFkefC, kgtP, kup, lacZ, ldtE, leuS, leuT, leuV, lhr, lipB, livJ, lldD, loiP, lolA, lolC, lolE, lon, lpd, lplA, lpxH, lpxK, lpxM, lpxP, lsrD, lsrK, luxS, lysC, lysRygeA, lysS, mak, malI, malP, malQ, malS, malX, malZ, marA, marB, mazF, mcrB, mcrCmcrB, mdfA, mdlA, mdlAmdlB, mdtB, mdtC, mdtH, mdtK, mdtL, menE, menF, mepM, metK, metL, metQ, mglA, mhpC, mhpF, miaB, minC, mlaA, mlaD, mltB, mntH, mntP, mntS, moaE, mocA, modB, modF, mraY, mrdA, mreB, mreDmreC, msbA, mscK, msrA, mtlA, mtr, mukB, murFmraY, mutH, mutS, mutT, mutY, nadC, nagA, nagC, nanC, nanT, narI, narJ, narL, neiabrB, nemR, nfrA, nikA, nirB, nlpC, nlpI, nnr, norV, norW, nrfD, nudGynjH, nuoE, nupC, nusA, ompC, ompF, ompT, opgB, opgD, otsA, oxc, paaG, paaXpaaY, pabC, paoC, parC, parE, patA, pbl, pbpC, pdhR, pdxA, pdxB, pepB, pepD, pfkA, pflB, pflC, pflD, pgaA, pgaB, pgpA, pgpC, pgrR, phnC, phnG, phnL, php, pitA, plaP, plsX, plsY, polB, potE, ppdC, pphB, ppiD, ppsR, prc, preT, priB, priC, prkB, prlC, proA, proP, proX, prpE, psd, pspF, pssA, pta, ptsN, ptsP, purA, purB, purL, purM, purT, purU, puuA, pykF, pyrC, qorB, qseB, queA, queG, raiA, rapA, rbsA, rbsB, rbsRhsrA, rcdA, rclR, rcsC, rcsD, recB, recE, recJ, recQ, relA, rhmA, rhsA, rhsD, rhsEydcD, ribB, rimK, rlmA, rlmD, rlmN, rlpA, rmuC, rnd, rne, rng, rnr, rph, rpiA, rpiB, rpmI, rpoB, rpoC, rpoS, rpsA, rpsB, rpsD, rpsO, rrfA, rrlH, rspA, rsxC, rsxD, rsxE, rtcA, rttR, rttRtpr, rutA, rutC, ryhB, rzpD, rzpQ, rzpRrzoR, sanA, sapCsapB, sbcC, scpA, scpC, sdaA, sdhA, selA, selD, serX, setC, sfsA, sgbH, sgbUsgbE, sieBydaF, slp, smf, speA, speB, speF, speG, spf, srlE, srmB, sslE, ssnA, sstT, stfR, sucB, sufA, sufB, sufD, sufS, sugEblc, surA, tamB, tatDrfaH, tatE, tauA, tcdA, tdcA, tdcD, tfaPtfaE, tfaQ, tfaSyfdK, thiB, thiQ, tmcA, tolB, tomB, topA, topB, torA, torC, torS, torY, treB, trg, trmA, trmD, trmJ, trmL, trpE, truB, tsaA, tsr, ttdB, ttdR, tynA, typA, tyrP, uacT, ubiF, ugd, uhpC, uidA, uidB, ulaC, ulaD, ulaF, ulaG, ung, uvrB, viaA, waaH, wbbKwbbJ, wcaC, wcaDwcaC, wcaK, wcaL, wcaM, wecB, wzxB, wzxE, wzzE, xapR, xisE, xseA, xylB, xylF, xylG, xylR, yaaJ, yaaW, yabI, yadC, yadE, yadL, yadV, yaeI, yafF, yafL, yagA, yagF, yagH, yagK, yahE, yahL, yahM, yaiP, yaiS, yaiT, yaiW, yajL, yajLpanE, ybaA, ybaO, ybaY, ybbO, ybbP, ybcF, ybcL, ybcY, ybdR, ybeQ, ybeU, ybfD, ybfG, ybgC, ybgQ, ybhG, ybhGybiH, ybhL, ybhM, ybhR, ybhS, ybiR, ybiW, ybjD, ybjS, ycaI, ycbF, ycbK, ycbL, yccS, yccU, ycdY, yceF, yceI, yceO, ycfQ, ycgM, ycgX, ycgY, ycjG, ycjGmpaA, ycjM, ycjS, ycjT, ycjU, ycjV, ycjW, ydaG, ydaT, ydaY, ydbA, ydcL, ydcN, ydcT, yddA, yddK, ydeA, ydeE, ydeI, ydfC, ydfG, ydgA, ydgC, ydgI, ydiE, ydiJ, ydiP, ydiS, ydjX, yeaH, yeaJ, yeaLyeaM, yeaM, yeaX, yebB, yecN, yedA, yedI, yedN, yedS, yeeE, yeeJ, yeeL, yegD, yegE, yegI, yegT, yegVyegW, yehB, yehC, yehI, yehQ, yehU, yeiG, yeiP, yejA, yejE, yejO, yfaL, yfaS, yfaSyfaT, yfbT, yfcO, yfcU, yfdT, yfdY, yfeO, yfeR, yfeX, yffB, yfgG, yfhM, yfiH, yfiMkgtP, yfiN, yfjQ, yfjR, yfjS, ygaM, ygaQ, ygaU, ygbA, ygbT, ygcB, ygcE, ygcNygcO, ygcO, ygcW, ygeI, ygeN, ygfK, yggN, yggR, yggU, yghQ, yghT, yghX, ygiQ, ygiS, ygiZ, ygjJ, ygjK, ygjP, yhaC, yhaK, yhaO, yhaV, yhbO, yhbQ, yhbU, yhbW, yhbX, yhcC, yhcD, yhcF, yhcO, yhdN, yheU, yheV, yhfT, yhfZ, yhgE, yhhAugpQ, yhjA, yhjE, yhjK, yhjR, yiaG, yiaY, yibA, yibB, yibF, yibQwaaH, yicC, yicGligB, yicT, yidGyidH, yieH, yieL, yifK, yigG, yihF, yihL, yihO, yihW, yiiD, yiiG, yijF, yijO, yjaB, yjbB, yjbS, yjcE, yjcO, yjfY, yjgL, yjgX, yjhR, yjiM, yjiN, yjiP, yjjI, yjjQbglJ, yjjV, ykgL, ylaB, yliE, yliI, yliIgstB, ymdF, ymfM, ymfRbeeE, ymgC, ynaK, ynbB, yncE, yneO, ynfA, ynfG, ynfH, ynfM, yoaA, yoaD, yoaI, yobB, yohC, yohF, ypdI, ypeA, yphA, yphB, ypjA, ypjC, ypjI, yqaE, yqeC, yqeF, yqgE, yqiB, yqiG, yqiI, yraP, yraQ, yrbG, ytfAytfB, ytfF, ytjA, zapC, zapCycbX, zntR, znuC, zraRpurD, zupT, zur",MH,single_long
Wenger2011,Wenger2011,YEPD (2% glucose),250,NA,NA,Continuous aerobic glucose limitation,Sac,diploid,NA,2.473,0.005,0.039,26,1,AEP3,TL,single_long
Wielgoss2016,Wielgoss2016_mucoid,Lysogeny broth,10,NA,NA,Lysogeny broth,Ecoli_K12,haploid,mucoid,2.801,0.005,0.031,27,2,"ompC, waaO",MH,single_long
Wielgoss2016,Wielgoss2016_nonMucoid,Lysogeny broth,2,NA,NA,Lysogeny broth,Ecoli_K12,haploid,non-mucoid,9.983,0.005,0.011,18,4,"rcsB, rcsC, rcsD, yrfF",MH,multiple_wide
Wielgoss2016,Wielgoss2016_nonMucoid,Lysogeny broth,10,NA,NA,Lysogeny broth,Ecoli_K12,haploid,non-mucoid,9.127,0.005,0.02,26,3,"fimE, rcsC, yrfF",MH,multiple_wide
